[2026-06-02 17:52:10] local.ERROR: View [users.index] not found. {"userId":1,"exception":"[object] (InvalidArgumentException(code: 0): View [users.index] not found. at C:/xampp/htdocs/proyecto-main/vendor/laravel/framework/src/Illuminate/View/FileViewFinder.php:138)
[stacktrace]
#0 C:/xampp/htdocs/proyecto-main/vendor/laravel/framework/src/Illuminate/View/FileViewFinder.php(78): Illuminate/View/FileViewFinder->findInPaths('users.index', Array)
#1 C:/xampp/htdocs/proyecto-main/vendor/laravel/framework/src/Illuminate/View/Factory.php(150): Illuminate/View/FileViewFinder->find('users.index')
#2 C:/xampp/htdocs/proyecto-main/vendor/laravel/framework/src/Illuminate/Foundation/helpers.php(1100): Illuminate/View/Factory->make('users.index', Array, Array)
#3 C:/xampp/htdocs/proyecto-main/app/Http/Controllers/UserController.php(15): view('users.index', Array)
#4 C:/xampp/htdocs/proyecto-main/vendor/laravel/framework/src/Illuminate/Routing/ControllerDispatcher.php(46): App/Http/Controllers/UserController->index()
#5 C:/xampp/htdocs/proyecto-main/vendor/laravel/framework/src/Illuminate/Routing/Route.php(265): Illuminate/Routing/ControllerDispatcher->dispatch(Object(Illuminate/Routing/Route), Object(App/Http/Controllers/UserController), 'index')
#6 C:/xampp/htdocs/proyecto-main/vendor/laravel/framework/src/Illuminate/Routing/Route.php(211): Illuminate/Routing/Route->runController()
#7 C:/xampp/htdocs/proyecto-main/vendor/laravel/framework/src/Illuminate/Routing/Router.php(822): Illuminate/Routing/Route->run()
#8 C:/xampp/htdocs/proyecto-main/vendor/laravel/framework/src/Illuminate/Pipeline/Pipeline.php(180): Illuminate/Routing/Router->Illuminate/Routing/{closure}(Object(Illuminate/Http/Request))
#9 C:/xampp/htdocs/proyecto-main/app/Http/Middleware/RoleMiddleware.php(18): Illuminate/Pipeline/Pipeline->Illuminate/Pipeline/{closure}(Object(Illuminate/Http/Request))
#10 C:/xampp/htdocs/proyecto-main/vendor/laravel/framework/src/Illuminate/Pipeline/Pipeline.php(219): App/Http/Middleware/RoleMiddleware->handle(Object(Illuminate/Http/Request), Object(Closure), 'admin')
#11 C:/xampp/htdocs/proyecto-main/vendor/laravel/framework/src/Illuminate/Routing/Middleware/SubstituteBindings.php(50): Illuminate/Pipeline/Pipeline->Illuminate/Pipeline/{closure}(Object(Illuminate/Http/Request))
#12 C:/xampp/htdocs/proyecto-main/vendor/laravel/framework/src/Illuminate/Pipeline/Pipeline.php(219): Illuminate/Routing/Middleware/SubstituteBindings->handle(Object(Illuminate/Http/Request), Object(Closure))
#13 C:/xampp/htdocs/proyecto-main/vendor/laravel/framework/src/Illuminate/Auth/Middleware/Authenticate.php(63): Illuminate/Pipeline/Pipeline->Illuminate/Pipeline/{closure}(Object(Illuminate/Http/Request))
#14 C:/xampp/htdocs/proyecto-main/vendor/laravel/framework/src/Illuminate/Pipeline/Pipeline.php(219): Illuminate/Auth/Middleware/Authenticate->handle(Object(Illuminate/Http/Request), Object(Closure))
#15 C:/xampp/htdocs/proyecto-main/vendor/laravel/framework/src/Illuminate/Foundation/Http/Middleware/VerifyCsrfToken.php(87): Illuminate/Pipeline/Pipeline->Illuminate/Pipeline/{closure}(Object(Illuminate/Http/Request))
#16 C:/xampp/htdocs/proyecto-main/vendor/laravel/framework/src/Illuminate/Pipeline/Pipeline.php(219): Illuminate/Foundation/Http/Middleware/VerifyCsrfToken->handle(Object(Illuminate/Http/Request), Object(Closure))
#17 C:/xampp/htdocs/proyecto-main/vendor/laravel/framework/src/Illuminate/View/Middleware/ShareErrorsFromSession.php(48): Illuminate/Pipeline/Pipeline->Illuminate/Pipeline/{closure}(Object(Illuminate/Http/Request))
#18 C:/xampp/htdocs/proyecto-main/vendor/laravel/framework/src/Illuminate/Pipeline/Pipeline.php(219): Illuminate/View/Middleware/ShareErrorsFromSession->handle(Object(Illuminate/Http/Request), Object(Closure))
#19 C:/xampp/htdocs/proyecto-main/vendor/laravel/framework/src/Illuminate/Session/Middleware/StartSession.php(120): Illuminate/Pipeline/Pipeline->Illuminate/Pipeline/{closure}(Object(Illuminate/Http/Request))
#20 C:/xampp/htdocs/proyecto-main/vendor/laravel/framework/src/Illuminate/Session/Middleware/StartSession.php(63): Illuminate/Session/Middleware/StartSession->handleStatefulRequest(Object(Illuminate/Http/Request), Object(Illuminate/Session/Store), Object(Closure))
#21 C:/xampp/htdocs/proyecto-main/vendor/laravel/framework/src/Illuminate/Pipeline/Pipeline.php(219): Illuminate/Session/Middleware/StartSession->handle(Object(Illuminate/Http/Request), Object(Closure))
#22 C:/xampp/htdocs/proyecto-main/vendor/laravel/framework/src/Illuminate/Cookie/Middleware/AddQueuedCookiesToResponse.php(36): Illuminate/Pipeline/Pipeline->Illuminate/Pipeline/{closure}(Object(Illuminate/Http/Request))
#23 C:/xampp/htdocs/proyecto-main/vendor/laravel/framework/src/Illuminate/Pipeline/Pipeline.php(219): Illuminate/Cookie/Middleware/AddQueuedCookiesToResponse->handle(Object(Illuminate/Http/Request), Object(Closure))
#24 C:/xampp/htdocs/proyecto-main/vendor/laravel/framework/src/Illuminate/Cookie/Middleware/EncryptCookies.php(74): Illuminate/Pipeline/Pipeline->Illuminate/Pipeline/{closure}(Object(Illuminate/Http/Request))
#25 C:/xampp/htdocs/proyecto-main/vendor/laravel/framework/src/Illuminate/Pipeline/Pipeline.php(219): Illuminate/Cookie/Middleware/EncryptCookies->handle(Object(Illuminate/Http/Request), Object(Closure))
#26 C:/xampp/htdocs/proyecto-main/vendor/laravel/framework/src/Illuminate/Pipeline/Pipeline.php(137): Illuminate/Pipeline/Pipeline->Illuminate/Pipeline/{closure}(Object(Illuminate/Http/Request))
#27 C:/xampp/htdocs/proyecto-main/vendor/laravel/framework/src/Illuminate/Routing/Router.php(821): Illuminate/Pipeline/Pipeline->then(Object(Closure))
#28 C:/xampp/htdocs/proyecto-main/vendor/laravel/framework/src/Illuminate/Routing/Router.php(800): Illuminate/Routing/Router->runRouteWithinStack(Object(Illuminate/Routing/Route), Object(Illuminate/Http/Request))
#29 C:/xampp/htdocs/proyecto-main/vendor/laravel/framework/src/Illuminate/Routing/Router.php(764): Illuminate/Routing/Router->runRoute(Object(Illuminate/Http/Request), Object(Illuminate/Routing/Route))
#30 C:/xampp/htdocs/proyecto-main/vendor/laravel/framework/src/Illuminate/Routing/Router.php(753): Illuminate/Routing/Router->dispatchToRoute(Object(Illuminate/Http/Request))
#31 C:/xampp/htdocs/proyecto-main/vendor/laravel/framework/src/Illuminate/Foundation/Http/Kernel.php(200): Illuminate/Routing/Router->dispatch(Object(Illuminate/Http/Request))
#32 C:/xampp/htdocs/proyecto-main/vendor/laravel/framework/src/Illuminate/Pipeline/Pipeline.php(180): Illuminate/Foundation/Http/Kernel->Illuminate/Foundation/Http/{closure}(Object(Illuminate/Http/Request))
#33 C:/xampp/htdocs/proyecto-main/vendor/laravel/framework/src/Illuminate/Foundation/Http/Middleware/TransformsRequest.php(21): Illuminate/Pipeline/Pipeline->Illuminate/Pipeline/{closure}(Object(Illuminate/Http/Request))
#34 C:/xampp/htdocs/proyecto-main/vendor/laravel/framework/src/Illuminate/Foundation/Http/Middleware/ConvertEmptyStringsToNull.php(31): Illuminate/Foundation/Http/Middleware/TransformsRequest->handle(Object(Illuminate/Http/Request), Object(Closure))
#35 C:/xampp/htdocs/proyecto-main/vendor/laravel/framework/src/Illuminate/Pipeline/Pipeline.php(219): Illuminate/Foundation/Http/Middleware/ConvertEmptyStringsToNull->handle(Object(Illuminate/Http/Request), Object(Closure))
#36 C:/xampp/htdocs/proyecto-main/vendor/laravel/framework/src/Illuminate/Foundation/Http/Middleware/TransformsRequest.php(21): Illuminate/Pipeline/Pipeline->Illuminate/Pipeline/{closure}(Object(Illuminate/Http/Request))
#37 C:/xampp/htdocs/proyecto-main/vendor/laravel/framework/src/Illuminate/Foundation/Http/Middleware/TrimStrings.php(51): Illuminate/Foundation/Http/Middleware/TransformsRequest->handle(Object(Illuminate/Http/Request), Object(Closure))
#38 C:/xampp/htdocs/proyecto-main/vendor/laravel/framework/src/Illuminate/Pipeline/Pipeline.php(219): Illuminate/Foundation/Http/Middleware/TrimStrings->handle(Object(Illuminate/Http/Request), Object(Closure))
#39 C:/xampp/htdocs/proyecto-main/vendor/laravel/framework/src/Illuminate/Http/Middleware/ValidatePostSize.php(27): Illuminate/Pipeline/Pipeline->Illuminate/Pipeline/{closure}(Object(Illuminate/Http/Request))
#40 C:/xampp/htdocs/proyecto-main/vendor/laravel/framework/src/Illuminate/Pipeline/Pipeline.php(219): Illuminate/Http/Middleware/ValidatePostSize->handle(Object(Illuminate/Http/Request), Object(Closure))
#41 C:/xampp/htdocs/proyecto-main/vendor/laravel/framework/src/Illuminate/Foundation/Http/Middleware/PreventRequestsDuringMaintenance.php(109): Illuminate/Pipeline/Pipeline->Illuminate/Pipeline/{closure}(Object(Illuminate/Http/Request))
#42 C:/xampp/htdocs/proyecto-main/vendor/laravel/framework/src/Illuminate/Pipeline/Pipeline.php(219): Illuminate/Foundation/Http/Middleware/PreventRequestsDuringMaintenance->handle(Object(Illuminate/Http/Request), Object(Closure))
#43 C:/xampp/htdocs/proyecto-main/vendor/laravel/framework/src/Illuminate/Http/Middleware/HandleCors.php(61): Illuminate/Pipeline/Pipeline->Illuminate/Pipeline/{closure}(Object(Illuminate/Http/Request))
#44 C:/xampp/htdocs/proyecto-main/vendor/laravel/framework/src/Illuminate/Pipeline/Pipeline.php(219): Illuminate/Http/Middleware/HandleCors->handle(Object(Illuminate/Http/Request), Object(Closure))
#45 C:/xampp/htdocs/proyecto-main/vendor/laravel/framework/src/Illuminate/Http/Middleware/TrustProxies.php(58): Illuminate/Pipeline/Pipeline->Illuminate/Pipeline/{closure}(Object(Illuminate/Http/Request))
#46 C:/xampp/htdocs/proyecto-main/vendor/laravel/framework/src/Illuminate/Pipeline/Pipeline.php(219): Illuminate/Http/Middleware/TrustProxies->handle(Object(Illuminate/Http/Request), Object(Closure))
#47 C:/xampp/htdocs/proyecto-main/vendor/laravel/framework/src/Illuminate/Foundation/Http/Middleware/InvokeDeferredCallbacks.php(22): Illuminate/Pipeline/Pipeline->Illuminate/Pipeline/{closure}(Object(Illuminate/Http/Request))
#48 C:/xampp/htdocs/proyecto-main/vendor/laravel/framework/src/Illuminate/Pipeline/Pipeline.php(219): Illuminate/Foundation/Http/Middleware/InvokeDeferredCallbacks->handle(Object(Illuminate/Http/Request), Object(Closure))
#49 C:/xampp/htdocs/proyecto-main/vendor/laravel/framework/src/Illuminate/Http/Middleware/ValidatePathEncoding.php(26): Illuminate/Pipeline/Pipeline->Illuminate/Pipeline/{closure}(Object(Illuminate/Http/Request))
#50 C:/xampp/htdocs/proyecto-main/vendor/laravel/framework/src/Illuminate/Pipeline/Pipeline.php(219): Illuminate/Http/Middleware/ValidatePathEncoding->handle(Object(Illuminate/Http/Request), Object(Closure))
#51 C:/xampp/htdocs/proyecto-main/vendor/laravel/framework/src/Illuminate/Pipeline/Pipeline.php(137): Illuminate/Pipeline/Pipeline->Illuminate/Pipeline/{closure}(Object(Illuminate/Http/Request))
#52 C:/xampp/htdocs/proyecto-main/vendor/laravel/framework/src/Illuminate/Foundation/Http/Kernel.php(175): Illuminate/Pipeline/Pipeline->then(Object(Closure))
#53 C:/xampp/htdocs/proyecto-main/vendor/laravel/framework/src/Illuminate/Foundation/Http/Kernel.php(144): Illuminate/Foundation/Http/Kernel->sendRequestThroughRouter(Object(Illuminate/Http/Request))
#54 C:/xampp/htdocs/proyecto-main/vendor/laravel/framework/src/Illuminate/Foundation/Application.php(1220): Illuminate/Foundation/Http/Kernel->handle(Object(Illuminate/Http/Request))
#55 C:/xampp/htdocs/proyecto-main/public/index.php(20): Illuminate/Foundation/Application->handleRequest(Object(Illuminate/Http/Request))
#56 C:/xampp/htdocs/proyecto-main/vendor/laravel/framework/src/Illuminate/Foundation/resources/server.php(23): require_once('C://xampp//htdocs...')
#57 {main}
"} 
[2026-06-02 17:59:20] local.ERROR: View [users.index] not found. {"userId":1,"exception":"[object] (InvalidArgumentException(code: 0): View [users.index] not found. at C:/xampp/htdocs/proyecto-main/vendor/laravel/framework/src/Illuminate/View/FileViewFinder.php:138)
[stacktrace]
#0 C:/xampp/htdocs/proyecto-main/vendor/laravel/framework/src/Illuminate/View/FileViewFinder.php(78): Illuminate/View/FileViewFinder->findInPaths('users.index', Array)
#1 C:/xampp/htdocs/proyecto-main/vendor/laravel/framework/src/Illuminate/View/Factory.php(150): Illuminate/View/FileViewFinder->find('users.index')
#2 C:/xampp/htdocs/proyecto-main/vendor/laravel/framework/src/Illuminate/Foundation/helpers.php(1100): Illuminate/View/Factory->make('users.index', Array, Array)
#3 C:/xampp/htdocs/proyecto-main/app/Http/Controllers/UserController.php(15): view('users.index', Array)
#4 C:/xampp/htdocs/proyecto-main/vendor/laravel/framework/src/Illuminate/Routing/ControllerDispatcher.php(46): App/Http/Controllers/UserController->index()
#5 C:/xampp/htdocs/proyecto-main/vendor/laravel/framework/src/Illuminate/Routing/Route.php(265): Illuminate/Routing/ControllerDispatcher->dispatch(Object(Illuminate/Routing/Route), Object(App/Http/Controllers/UserController), 'index')
#6 C:/xampp/htdocs/proyecto-main/vendor/laravel/framework/src/Illuminate/Routing/Route.php(211): Illuminate/Routing/Route->runController()
#7 C:/xampp/htdocs/proyecto-main/vendor/laravel/framework/src/Illuminate/Routing/Router.php(822): Illuminate/Routing/Route->run()
#8 C:/xampp/htdocs/proyecto-main/vendor/laravel/framework/src/Illuminate/Pipeline/Pipeline.php(180): Illuminate/Routing/Router->Illuminate/Routing/{closure}(Object(Illuminate/Http/Request))
#9 C:/xampp/htdocs/proyecto-main/app/Http/Middleware/RoleMiddleware.php(18): Illuminate/Pipeline/Pipeline->Illuminate/Pipeline/{closure}(Object(Illuminate/Http/Request))
#10 C:/xampp/htdocs/proyecto-main/vendor/laravel/framework/src/Illuminate/Pipeline/Pipeline.php(219): App/Http/Middleware/RoleMiddleware->handle(Object(Illuminate/Http/Request), Object(Closure), 'admin')
#11 C:/xampp/htdocs/proyecto-main/vendor/laravel/framework/src/Illuminate/Routing/Middleware/SubstituteBindings.php(50): Illuminate/Pipeline/Pipeline->Illuminate/Pipeline/{closure}(Object(Illuminate/Http/Request))
#12 C:/xampp/htdocs/proyecto-main/vendor/laravel/framework/src/Illuminate/Pipeline/Pipeline.php(219): Illuminate/Routing/Middleware/SubstituteBindings->handle(Object(Illuminate/Http/Request), Object(Closure))
#13 C:/xampp/htdocs/proyecto-main/vendor/laravel/framework/src/Illuminate/Auth/Middleware/Authenticate.php(63): Illuminate/Pipeline/Pipeline->Illuminate/Pipeline/{closure}(Object(Illuminate/Http/Request))
#14 C:/xampp/htdocs/proyecto-main/vendor/laravel/framework/src/Illuminate/Pipeline/Pipeline.php(219): Illuminate/Auth/Middleware/Authenticate->handle(Object(Illuminate/Http/Request), Object(Closure))
#15 C:/xampp/htdocs/proyecto-main/vendor/laravel/framework/src/Illuminate/Foundation/Http/Middleware/VerifyCsrfToken.php(87): Illuminate/Pipeline/Pipeline->Illuminate/Pipeline/{closure}(Object(Illuminate/Http/Request))
#16 C:/xampp/htdocs/proyecto-main/vendor/laravel/framework/src/Illuminate/Pipeline/Pipeline.php(219): Illuminate/Foundation/Http/Middleware/VerifyCsrfToken->handle(Object(Illuminate/Http/Request), Object(Closure))
#17 C:/xampp/htdocs/proyecto-main/vendor/laravel/framework/src/Illuminate/View/Middleware/ShareErrorsFromSession.php(48): Illuminate/Pipeline/Pipeline->Illuminate/Pipeline/{closure}(Object(Illuminate/Http/Request))
#18 C:/xampp/htdocs/proyecto-main/vendor/laravel/framework/src/Illuminate/Pipeline/Pipeline.php(219): Illuminate/View/Middleware/ShareErrorsFromSession->handle(Object(Illuminate/Http/Request), Object(Closure))
#19 C:/xampp/htdocs/proyecto-main/vendor/laravel/framework/src/Illuminate/Session/Middleware/StartSession.php(120): Illuminate/Pipeline/Pipeline->Illuminate/Pipeline/{closure}(Object(Illuminate/Http/Request))
#20 C:/xampp/htdocs/proyecto-main/vendor/laravel/framework/src/Illuminate/Session/Middleware/StartSession.php(63): Illuminate/Session/Middleware/StartSession->handleStatefulRequest(Object(Illuminate/Http/Request), Object(Illuminate/Session/Store), Object(Closure))
#21 C:/xampp/htdocs/proyecto-main/vendor/laravel/framework/src/Illuminate/Pipeline/Pipeline.php(219): Illuminate/Session/Middleware/StartSession->handle(Object(Illuminate/Http/Request), Object(Closure))
#22 C:/xampp/htdocs/proyecto-main/vendor/laravel/framework/src/Illuminate/Cookie/Middleware/AddQueuedCookiesToResponse.php(36): Illuminate/Pipeline/Pipeline->Illuminate/Pipeline/{closure}(Object(Illuminate/Http/Request))
#23 C:/xampp/htdocs/proyecto-main/vendor/laravel/framework/src/Illuminate/Pipeline/Pipeline.php(219): Illuminate/Cookie/Middleware/AddQueuedCookiesToResponse->handle(Object(Illuminate/Http/Request), Object(Closure))
#24 C:/xampp/htdocs/proyecto-main/vendor/laravel/framework/src/Illuminate/Cookie/Middleware/EncryptCookies.php(74): Illuminate/Pipeline/Pipeline->Illuminate/Pipeline/{closure}(Object(Illuminate/Http/Request))
#25 C:/xampp/htdocs/proyecto-main/vendor/laravel/framework/src/Illuminate/Pipeline/Pipeline.php(219): Illuminate/Cookie/Middleware/EncryptCookies->handle(Object(Illuminate/Http/Request), Object(Closure))
#26 C:/xampp/htdocs/proyecto-main/vendor/laravel/framework/src/Illuminate/Pipeline/Pipeline.php(137): Illuminate/Pipeline/Pipeline->Illuminate/Pipeline/{closure}(Object(Illuminate/Http/Request))
#27 C:/xampp/htdocs/proyecto-main/vendor/laravel/framework/src/Illuminate/Routing/Router.php(821): Illuminate/Pipeline/Pipeline->then(Object(Closure))
#28 C:/xampp/htdocs/proyecto-main/vendor/laravel/framework/src/Illuminate/Routing/Router.php(800): Illuminate/Routing/Router->runRouteWithinStack(Object(Illuminate/Routing/Route), Object(Illuminate/Http/Request))
#29 C:/xampp/htdocs/proyecto-main/vendor/laravel/framework/src/Illuminate/Routing/Router.php(764): Illuminate/Routing/Router->runRoute(Object(Illuminate/Http/Request), Object(Illuminate/Routing/Route))
#30 C:/xampp/htdocs/proyecto-main/vendor/laravel/framework/src/Illuminate/Routing/Router.php(753): Illuminate/Routing/Router->dispatchToRoute(Object(Illuminate/Http/Request))
#31 C:/xampp/htdocs/proyecto-main/vendor/laravel/framework/src/Illuminate/Foundation/Http/Kernel.php(200): Illuminate/Routing/Router->dispatch(Object(Illuminate/Http/Request))
#32 C:/xampp/htdocs/proyecto-main/vendor/laravel/framework/src/Illuminate/Pipeline/Pipeline.php(180): Illuminate/Foundation/Http/Kernel->Illuminate/Foundation/Http/{closure}(Object(Illuminate/Http/Request))
#33 C:/xampp/htdocs/proyecto-main/vendor/laravel/framework/src/Illuminate/Foundation/Http/Middleware/TransformsRequest.php(21): Illuminate/Pipeline/Pipeline->Illuminate/Pipeline/{closure}(Object(Illuminate/Http/Request))
#34 C:/xampp/htdocs/proyecto-main/vendor/laravel/framework/src/Illuminate/Foundation/Http/Middleware/ConvertEmptyStringsToNull.php(31): Illuminate/Foundation/Http/Middleware/TransformsRequest->handle(Object(Illuminate/Http/Request), Object(Closure))
#35 C:/xampp/htdocs/proyecto-main/vendor/laravel/framework/src/Illuminate/Pipeline/Pipeline.php(219): Illuminate/Foundation/Http/Middleware/ConvertEmptyStringsToNull->handle(Object(Illuminate/Http/Request), Object(Closure))
#36 C:/xampp/htdocs/proyecto-main/vendor/laravel/framework/src/Illuminate/Foundation/Http/Middleware/TransformsRequest.php(21): Illuminate/Pipeline/Pipeline->Illuminate/Pipeline/{closure}(Object(Illuminate/Http/Request))
#37 C:/xampp/htdocs/proyecto-main/vendor/laravel/framework/src/Illuminate/Foundation/Http/Middleware/TrimStrings.php(51): Illuminate/Foundation/Http/Middleware/TransformsRequest->handle(Object(Illuminate/Http/Request), Object(Closure))
#38 C:/xampp/htdocs/proyecto-main/vendor/laravel/framework/src/Illuminate/Pipeline/Pipeline.php(219): Illuminate/Foundation/Http/Middleware/TrimStrings->handle(Object(Illuminate/Http/Request), Object(Closure))
#39 C:/xampp/htdocs/proyecto-main/vendor/laravel/framework/src/Illuminate/Http/Middleware/ValidatePostSize.php(27): Illuminate/Pipeline/Pipeline->Illuminate/Pipeline/{closure}(Object(Illuminate/Http/Request))
#40 C:/xampp/htdocs/proyecto-main/vendor/laravel/framework/src/Illuminate/Pipeline/Pipeline.php(219): Illuminate/Http/Middleware/ValidatePostSize->handle(Object(Illuminate/Http/Request), Object(Closure))
#41 C:/xampp/htdocs/proyecto-main/vendor/laravel/framework/src/Illuminate/Foundation/Http/Middleware/PreventRequestsDuringMaintenance.php(109): Illuminate/Pipeline/Pipeline->Illuminate/Pipeline/{closure}(Object(Illuminate/Http/Request))
#42 C:/xampp/htdocs/proyecto-main/vendor/laravel/framework/src/Illuminate/Pipeline/Pipeline.php(219): Illuminate/Foundation/Http/Middleware/PreventRequestsDuringMaintenance->handle(Object(Illuminate/Http/Request), Object(Closure))
#43 C:/xampp/htdocs/proyecto-main/vendor/laravel/framework/src/Illuminate/Http/Middleware/HandleCors.php(61): Illuminate/Pipeline/Pipeline->Illuminate/Pipeline/{closure}(Object(Illuminate/Http/Request))
#44 C:/xampp/htdocs/proyecto-main/vendor/laravel/framework/src/Illuminate/Pipeline/Pipeline.php(219): Illuminate/Http/Middleware/HandleCors->handle(Object(Illuminate/Http/Request), Object(Closure))
#45 C:/xampp/htdocs/proyecto-main/vendor/laravel/framework/src/Illuminate/Http/Middleware/TrustProxies.php(58): Illuminate/Pipeline/Pipeline->Illuminate/Pipeline/{closure}(Object(Illuminate/Http/Request))
#46 C:/xampp/htdocs/proyecto-main/vendor/laravel/framework/src/Illuminate/Pipeline/Pipeline.php(219): Illuminate/Http/Middleware/TrustProxies->handle(Object(Illuminate/Http/Request), Object(Closure))
#47 C:/xampp/htdocs/proyecto-main/vendor/laravel/framework/src/Illuminate/Foundation/Http/Middleware/InvokeDeferredCallbacks.php(22): Illuminate/Pipeline/Pipeline->Illuminate/Pipeline/{closure}(Object(Illuminate/Http/Request))
#48 C:/xampp/htdocs/proyecto-main/vendor/laravel/framework/src/Illuminate/Pipeline/Pipeline.php(219): Illuminate/Foundation/Http/Middleware/InvokeDeferredCallbacks->handle(Object(Illuminate/Http/Request), Object(Closure))
#49 C:/xampp/htdocs/proyecto-main/vendor/laravel/framework/src/Illuminate/Http/Middleware/ValidatePathEncoding.php(26): Illuminate/Pipeline/Pipeline->Illuminate/Pipeline/{closure}(Object(Illuminate/Http/Request))
#50 C:/xampp/htdocs/proyecto-main/vendor/laravel/framework/src/Illuminate/Pipeline/Pipeline.php(219): Illuminate/Http/Middleware/ValidatePathEncoding->handle(Object(Illuminate/Http/Request), Object(Closure))
#51 C:/xampp/htdocs/proyecto-main/vendor/laravel/framework/src/Illuminate/Pipeline/Pipeline.php(137): Illuminate/Pipeline/Pipeline->Illuminate/Pipeline/{closure}(Object(Illuminate/Http/Request))
#52 C:/xampp/htdocs/proyecto-main/vendor/laravel/framework/src/Illuminate/Foundation/Http/Kernel.php(175): Illuminate/Pipeline/Pipeline->then(Object(Closure))
#53 C:/xampp/htdocs/proyecto-main/vendor/laravel/framework/src/Illuminate/Foundation/Http/Kernel.php(144): Illuminate/Foundation/Http/Kernel->sendRequestThroughRouter(Object(Illuminate/Http/Request))
#54 C:/xampp/htdocs/proyecto-main/vendor/laravel/framework/src/Illuminate/Foundation/Application.php(1220): Illuminate/Foundation/Http/Kernel->handle(Object(Illuminate/Http/Request))
#55 C:/xampp/htdocs/proyecto-main/public/index.php(20): Illuminate/Foundation/Application->handleRequest(Object(Illuminate/Http/Request))
#56 C:/xampp/htdocs/proyecto-main/vendor/laravel/framework/src/Illuminate/Foundation/resources/server.php(23): require_once('C://xampp//htdocs...')
#57 {main}
"} 
[2026-06-02 18:13:20] local.ERROR: View [users.index] not found. {"userId":1,"exception":"[object] (InvalidArgumentException(code: 0): View [users.index] not found. at C:/xampp/htdocs/proyecto-main/vendor/laravel/framework/src/Illuminate/View/FileViewFinder.php:138)
[stacktrace]
#0 C:/xampp/htdocs/proyecto-main/vendor/laravel/framework/src/Illuminate/View/FileViewFinder.php(78): Illuminate/View/FileViewFinder->findInPaths('users.index', Array)
#1 C:/xampp/htdocs/proyecto-main/vendor/laravel/framework/src/Illuminate/View/Factory.php(150): Illuminate/View/FileViewFinder->find('users.index')
#2 C:/xampp/htdocs/proyecto-main/vendor/laravel/framework/src/Illuminate/Foundation/helpers.php(1100): Illuminate/View/Factory->make('users.index', Array, Array)
#3 C:/xampp/htdocs/proyecto-main/app/Http/Controllers/UserController.php(15): view('users.index', Array)
#4 C:/xampp/htdocs/proyecto-main/vendor/laravel/framework/src/Illuminate/Routing/ControllerDispatcher.php(46): App/Http/Controllers/UserController->index()
#5 C:/xampp/htdocs/proyecto-main/vendor/laravel/framework/src/Illuminate/Routing/Route.php(265): Illuminate/Routing/ControllerDispatcher->dispatch(Object(Illuminate/Routing/Route), Object(App/Http/Controllers/UserController), 'index')
#6 C:/xampp/htdocs/proyecto-main/vendor/laravel/framework/src/Illuminate/Routing/Route.php(211): Illuminate/Routing/Route->runController()
#7 C:/xampp/htdocs/proyecto-main/vendor/laravel/framework/src/Illuminate/Routing/Router.php(822): Illuminate/Routing/Route->run()
#8 C:/xampp/htdocs/proyecto-main/vendor/laravel/framework/src/Illuminate/Pipeline/Pipeline.php(180): Illuminate/Routing/Router->Illuminate/Routing/{closure}(Object(Illuminate/Http/Request))
#9 C:/xampp/htdocs/proyecto-main/app/Http/Middleware/RoleMiddleware.php(18): Illuminate/Pipeline/Pipeline->Illuminate/Pipeline/{closure}(Object(Illuminate/Http/Request))
#10 C:/xampp/htdocs/proyecto-main/vendor/laravel/framework/src/Illuminate/Pipeline/Pipeline.php(219): App/Http/Middleware/RoleMiddleware->handle(Object(Illuminate/Http/Request), Object(Closure), 'admin')
#11 C:/xampp/htdocs/proyecto-main/vendor/laravel/framework/src/Illuminate/Routing/Middleware/SubstituteBindings.php(50): Illuminate/Pipeline/Pipeline->Illuminate/Pipeline/{closure}(Object(Illuminate/Http/Request))
#12 C:/xampp/htdocs/proyecto-main/vendor/laravel/framework/src/Illuminate/Pipeline/Pipeline.php(219): Illuminate/Routing/Middleware/SubstituteBindings->handle(Object(Illuminate/Http/Request), Object(Closure))
#13 C:/xampp/htdocs/proyecto-main/vendor/laravel/framework/src/Illuminate/Auth/Middleware/Authenticate.php(63): Illuminate/Pipeline/Pipeline->Illuminate/Pipeline/{closure}(Object(Illuminate/Http/Request))
#14 C:/xampp/htdocs/proyecto-main/vendor/laravel/framework/src/Illuminate/Pipeline/Pipeline.php(219): Illuminate/Auth/Middleware/Authenticate->handle(Object(Illuminate/Http/Request), Object(Closure))
#15 C:/xampp/htdocs/proyecto-main/vendor/laravel/framework/src/Illuminate/Foundation/Http/Middleware/VerifyCsrfToken.php(87): Illuminate/Pipeline/Pipeline->Illuminate/Pipeline/{closure}(Object(Illuminate/Http/Request))
#16 C:/xampp/htdocs/proyecto-main/vendor/laravel/framework/src/Illuminate/Pipeline/Pipeline.php(219): Illuminate/Foundation/Http/Middleware/VerifyCsrfToken->handle(Object(Illuminate/Http/Request), Object(Closure))
#17 C:/xampp/htdocs/proyecto-main/vendor/laravel/framework/src/Illuminate/View/Middleware/ShareErrorsFromSession.php(48): Illuminate/Pipeline/Pipeline->Illuminate/Pipeline/{closure}(Object(Illuminate/Http/Request))
#18 C:/xampp/htdocs/proyecto-main/vendor/laravel/framework/src/Illuminate/Pipeline/Pipeline.php(219): Illuminate/View/Middleware/ShareErrorsFromSession->handle(Object(Illuminate/Http/Request), Object(Closure))
#19 C:/xampp/htdocs/proyecto-main/vendor/laravel/framework/src/Illuminate/Session/Middleware/StartSession.php(120): Illuminate/Pipeline/Pipeline->Illuminate/Pipeline/{closure}(Object(Illuminate/Http/Request))
#20 C:/xampp/htdocs/proyecto-main/vendor/laravel/framework/src/Illuminate/Session/Middleware/StartSession.php(63): Illuminate/Session/Middleware/StartSession->handleStatefulRequest(Object(Illuminate/Http/Request), Object(Illuminate/Session/Store), Object(Closure))
#21 C:/xampp/htdocs/proyecto-main/vendor/laravel/framework/src/Illuminate/Pipeline/Pipeline.php(219): Illuminate/Session/Middleware/StartSession->handle(Object(Illuminate/Http/Request), Object(Closure))
#22 C:/xampp/htdocs/proyecto-main/vendor/laravel/framework/src/Illuminate/Cookie/Middleware/AddQueuedCookiesToResponse.php(36): Illuminate/Pipeline/Pipeline->Illuminate/Pipeline/{closure}(Object(Illuminate/Http/Request))
#23 C:/xampp/htdocs/proyecto-main/vendor/laravel/framework/src/Illuminate/Pipeline/Pipeline.php(219): Illuminate/Cookie/Middleware/AddQueuedCookiesToResponse->handle(Object(Illuminate/Http/Request), Object(Closure))
#24 C:/xampp/htdocs/proyecto-main/vendor/laravel/framework/src/Illuminate/Cookie/Middleware/EncryptCookies.php(74): Illuminate/Pipeline/Pipeline->Illuminate/Pipeline/{closure}(Object(Illuminate/Http/Request))
#25 C:/xampp/htdocs/proyecto-main/vendor/laravel/framework/src/Illuminate/Pipeline/Pipeline.php(219): Illuminate/Cookie/Middleware/EncryptCookies->handle(Object(Illuminate/Http/Request), Object(Closure))
#26 C:/xampp/htdocs/proyecto-main/vendor/laravel/framework/src/Illuminate/Pipeline/Pipeline.php(137): Illuminate/Pipeline/Pipeline->Illuminate/Pipeline/{closure}(Object(Illuminate/Http/Request))
#27 C:/xampp/htdocs/proyecto-main/vendor/laravel/framework/src/Illuminate/Routing/Router.php(821): Illuminate/Pipeline/Pipeline->then(Object(Closure))
#28 C:/xampp/htdocs/proyecto-main/vendor/laravel/framework/src/Illuminate/Routing/Router.php(800): Illuminate/Routing/Router->runRouteWithinStack(Object(Illuminate/Routing/Route), Object(Illuminate/Http/Request))
#29 C:/xampp/htdocs/proyecto-main/vendor/laravel/framework/src/Illuminate/Routing/Router.php(764): Illuminate/Routing/Router->runRoute(Object(Illuminate/Http/Request), Object(Illuminate/Routing/Route))
#30 C:/xampp/htdocs/proyecto-main/vendor/laravel/framework/src/Illuminate/Routing/Router.php(753): Illuminate/Routing/Router->dispatchToRoute(Object(Illuminate/Http/Request))
#31 C:/xampp/htdocs/proyecto-main/vendor/laravel/framework/src/Illuminate/Foundation/Http/Kernel.php(200): Illuminate/Routing/Router->dispatch(Object(Illuminate/Http/Request))
#32 C:/xampp/htdocs/proyecto-main/vendor/laravel/framework/src/Illuminate/Pipeline/Pipeline.php(180): Illuminate/Foundation/Http/Kernel->Illuminate/Foundation/Http/{closure}(Object(Illuminate/Http/Request))
#33 C:/xampp/htdocs/proyecto-main/vendor/laravel/framework/src/Illuminate/Foundation/Http/Middleware/TransformsRequest.php(21): Illuminate/Pipeline/Pipeline->Illuminate/Pipeline/{closure}(Object(Illuminate/Http/Request))
#34 C:/xampp/htdocs/proyecto-main/vendor/laravel/framework/src/Illuminate/Foundation/Http/Middleware/ConvertEmptyStringsToNull.php(31): Illuminate/Foundation/Http/Middleware/TransformsRequest->handle(Object(Illuminate/Http/Request), Object(Closure))
#35 C:/xampp/htdocs/proyecto-main/vendor/laravel/framework/src/Illuminate/Pipeline/Pipeline.php(219): Illuminate/Foundation/Http/Middleware/ConvertEmptyStringsToNull->handle(Object(Illuminate/Http/Request), Object(Closure))
#36 C:/xampp/htdocs/proyecto-main/vendor/laravel/framework/src/Illuminate/Foundation/Http/Middleware/TransformsRequest.php(21): Illuminate/Pipeline/Pipeline->Illuminate/Pipeline/{closure}(Object(Illuminate/Http/Request))
#37 C:/xampp/htdocs/proyecto-main/vendor/laravel/framework/src/Illuminate/Foundation/Http/Middleware/TrimStrings.php(51): Illuminate/Foundation/Http/Middleware/TransformsRequest->handle(Object(Illuminate/Http/Request), Object(Closure))
#38 C:/xampp/htdocs/proyecto-main/vendor/laravel/framework/src/Illuminate/Pipeline/Pipeline.php(219): Illuminate/Foundation/Http/Middleware/TrimStrings->handle(Object(Illuminate/Http/Request), Object(Closure))
#39 C:/xampp/htdocs/proyecto-main/vendor/laravel/framework/src/Illuminate/Http/Middleware/ValidatePostSize.php(27): Illuminate/Pipeline/Pipeline->Illuminate/Pipeline/{closure}(Object(Illuminate/Http/Request))
#40 C:/xampp/htdocs/proyecto-main/vendor/laravel/framework/src/Illuminate/Pipeline/Pipeline.php(219): Illuminate/Http/Middleware/ValidatePostSize->handle(Object(Illuminate/Http/Request), Object(Closure))
#41 C:/xampp/htdocs/proyecto-main/vendor/laravel/framework/src/Illuminate/Foundation/Http/Middleware/PreventRequestsDuringMaintenance.php(109): Illuminate/Pipeline/Pipeline->Illuminate/Pipeline/{closure}(Object(Illuminate/Http/Request))
#42 C:/xampp/htdocs/proyecto-main/vendor/laravel/framework/src/Illuminate/Pipeline/Pipeline.php(219): Illuminate/Foundation/Http/Middleware/PreventRequestsDuringMaintenance->handle(Object(Illuminate/Http/Request), Object(Closure))
#43 C:/xampp/htdocs/proyecto-main/vendor/laravel/framework/src/Illuminate/Http/Middleware/HandleCors.php(61): Illuminate/Pipeline/Pipeline->Illuminate/Pipeline/{closure}(Object(Illuminate/Http/Request))
#44 C:/xampp/htdocs/proyecto-main/vendor/laravel/framework/src/Illuminate/Pipeline/Pipeline.php(219): Illuminate/Http/Middleware/HandleCors->handle(Object(Illuminate/Http/Request), Object(Closure))
#45 C:/xampp/htdocs/proyecto-main/vendor/laravel/framework/src/Illuminate/Http/Middleware/TrustProxies.php(58): Illuminate/Pipeline/Pipeline->Illuminate/Pipeline/{closure}(Object(Illuminate/Http/Request))
#46 C:/xampp/htdocs/proyecto-main/vendor/laravel/framework/src/Illuminate/Pipeline/Pipeline.php(219): Illuminate/Http/Middleware/TrustProxies->handle(Object(Illuminate/Http/Request), Object(Closure))
#47 C:/xampp/htdocs/proyecto-main/vendor/laravel/framework/src/Illuminate/Foundation/Http/Middleware/InvokeDeferredCallbacks.php(22): Illuminate/Pipeline/Pipeline->Illuminate/Pipeline/{closure}(Object(Illuminate/Http/Request))
#48 C:/xampp/htdocs/proyecto-main/vendor/laravel/framework/src/Illuminate/Pipeline/Pipeline.php(219): Illuminate/Foundation/Http/Middleware/InvokeDeferredCallbacks->handle(Object(Illuminate/Http/Request), Object(Closure))
#49 C:/xampp/htdocs/proyecto-main/vendor/laravel/framework/src/Illuminate/Http/Middleware/ValidatePathEncoding.php(26): Illuminate/Pipeline/Pipeline->Illuminate/Pipeline/{closure}(Object(Illuminate/Http/Request))
#50 C:/xampp/htdocs/proyecto-main/vendor/laravel/framework/src/Illuminate/Pipeline/Pipeline.php(219): Illuminate/Http/Middleware/ValidatePathEncoding->handle(Object(Illuminate/Http/Request), Object(Closure))
#51 C:/xampp/htdocs/proyecto-main/vendor/laravel/framework/src/Illuminate/Pipeline/Pipeline.php(137): Illuminate/Pipeline/Pipeline->Illuminate/Pipeline/{closure}(Object(Illuminate/Http/Request))
#52 C:/xampp/htdocs/proyecto-main/vendor/laravel/framework/src/Illuminate/Foundation/Http/Kernel.php(175): Illuminate/Pipeline/Pipeline->then(Object(Closure))
#53 C:/xampp/htdocs/proyecto-main/vendor/laravel/framework/src/Illuminate/Foundation/Http/Kernel.php(144): Illuminate/Foundation/Http/Kernel->sendRequestThroughRouter(Object(Illuminate/Http/Request))
#54 C:/xampp/htdocs/proyecto-main/vendor/laravel/framework/src/Illuminate/Foundation/Application.php(1220): Illuminate/Foundation/Http/Kernel->handle(Object(Illuminate/Http/Request))
#55 C:/xampp/htdocs/proyecto-main/public/index.php(20): Illuminate/Foundation/Application->handleRequest(Object(Illuminate/Http/Request))
#56 C:/xampp/htdocs/proyecto-main/vendor/laravel/framework/src/Illuminate/Foundation/resources/server.php(23): require_once('C://xampp//htdocs...')
#57 {main}
"} 
[2026-06-02 18:26:48] local.ERROR: syntax error, unexpected end of file, expecting "elseif" or "else" or "endif" (View: C:\xampp\htdocs\proyecto-main\resources\views\layouts\navbar.blade.php) (View: C:\xampp\htdocs\proyecto-main\resources\views\layouts\navbar.blade.php) (View: C:\xampp\htdocs\proyecto-main\resources\views\layouts\navbar.blade.php) {"userId":1,"exception":"[object] (Illuminate\\View\\ViewException(code: 0): syntax error, unexpected end of file, expecting \"elseif\" or \"else\" or \"endif\" (View: C:\\xampp\\htdocs\\proyecto-main\\resources\\views\\layouts\\navbar.blade.php) (View: C:\\xampp\\htdocs\\proyecto-main\\resources\\views\\layouts\\navbar.blade.php) (View: C:\\xampp\\htdocs\\proyecto-main\\resources\\views\\layouts\\navbar.blade.php) at C:/xampp/htdocs/proyecto-main/storage/framework/views/3a0248a8f419f2db2b08b2be499ed1d4.php:58)
[stacktrace]
#0 C:/xampp/htdocs/proyecto-main/vendor/laravel/framework/src/Illuminate/View/Engines/PhpEngine.php(59): Illuminate/View/Engines/CompilerEngine->handleViewException(Object(Illuminate/View/ViewException), 1)
#1 C:/xampp/htdocs/proyecto-main/vendor/laravel/framework/src/Illuminate/View/Engines/CompilerEngine.php(76): Illuminate/View/Engines/PhpEngine->evaluatePath('C://xampp//htdocs...', Array)
#2 C:/xampp/htdocs/proyecto-main/vendor/laravel/framework/src/Illuminate/View/View.php(208): Illuminate/View/Engines/CompilerEngine->get('C://xampp//htdocs...', Array)
#3 C:/xampp/htdocs/proyecto-main/vendor/laravel/framework/src/Illuminate/View/View.php(191): Illuminate/View/View->getContents()
#4 C:/xampp/htdocs/proyecto-main/vendor/laravel/framework/src/Illuminate/View/View.php(160): Illuminate/View/View->renderContents()
#5 C:/xampp/htdocs/proyecto-main/vendor/laravel/framework/src/Illuminate/Http/Response.php(78): Illuminate/View/View->render()
#6 C:/xampp/htdocs/proyecto-main/vendor/laravel/framework/src/Illuminate/Http/Response.php(34): Illuminate/Http/Response->setContent(Object(Illuminate/View/View))
#7 C:/xampp/htdocs/proyecto-main/vendor/laravel/framework/src/Illuminate/Routing/Router.php(939): Illuminate/Http/Response->__construct(Object(Illuminate/View/View), 200, Array)
#8 C:/xampp/htdocs/proyecto-main/vendor/laravel/framework/src/Illuminate/Routing/Router.php(906): Illuminate/Routing/Router::toResponse(Object(Illuminate/Http/Request), Object(Illuminate/View/View))
#9 C:/xampp/htdocs/proyecto-main/vendor/laravel/framework/src/Illuminate/Routing/Router.php(821): Illuminate/Routing/Router->prepareResponse(Object(Illuminate/Http/Request), Object(Illuminate/View/View))
#10 C:/xampp/htdocs/proyecto-main/vendor/laravel/framework/src/Illuminate/Pipeline/Pipeline.php(180): Illuminate/Routing/Router->Illuminate/Routing/{closure}(Object(Illuminate/Http/Request))
#11 C:/xampp/htdocs/proyecto-main/vendor/laravel/framework/src/Illuminate/Routing/Middleware/SubstituteBindings.php(50): Illuminate/Pipeline/Pipeline->Illuminate/Pipeline/{closure}(Object(Illuminate/Http/Request))
#12 C:/xampp/htdocs/proyecto-main/vendor/laravel/framework/src/Illuminate/Pipeline/Pipeline.php(219): Illuminate/Routing/Middleware/SubstituteBindings->handle(Object(Illuminate/Http/Request), Object(Closure))
#13 C:/xampp/htdocs/proyecto-main/vendor/laravel/framework/src/Illuminate/Auth/Middleware/Authenticate.php(63): Illuminate/Pipeline/Pipeline->Illuminate/Pipeline/{closure}(Object(Illuminate/Http/Request))
#14 C:/xampp/htdocs/proyecto-main/vendor/laravel/framework/src/Illuminate/Pipeline/Pipeline.php(219): Illuminate/Auth/Middleware/Authenticate->handle(Object(Illuminate/Http/Request), Object(Closure))
#15 C:/xampp/htdocs/proyecto-main/vendor/laravel/framework/src/Illuminate/Foundation/Http/Middleware/VerifyCsrfToken.php(87): Illuminate/Pipeline/Pipeline->Illuminate/Pipeline/{closure}(Object(Illuminate/Http/Request))
#16 C:/xampp/htdocs/proyecto-main/vendor/laravel/framework/src/Illuminate/Pipeline/Pipeline.php(219): Illuminate/Foundation/Http/Middleware/VerifyCsrfToken->handle(Object(Illuminate/Http/Request), Object(Closure))
#17 C:/xampp/htdocs/proyecto-main/vendor/laravel/framework/src/Illuminate/View/Middleware/ShareErrorsFromSession.php(48): Illuminate/Pipeline/Pipeline->Illuminate/Pipeline/{closure}(Object(Illuminate/Http/Request))
#18 C:/xampp/htdocs/proyecto-main/vendor/laravel/framework/src/Illuminate/Pipeline/Pipeline.php(219): Illuminate/View/Middleware/ShareErrorsFromSession->handle(Object(Illuminate/Http/Request), Object(Closure))
#19 C:/xampp/htdocs/proyecto-main/vendor/laravel/framework/src/Illuminate/Session/Middleware/StartSession.php(120): Illuminate/Pipeline/Pipeline->Illuminate/Pipeline/{closure}(Object(Illuminate/Http/Request))
#20 C:/xampp/htdocs/proyecto-main/vendor/laravel/framework/src/Illuminate/Session/Middleware/StartSession.php(63): Illuminate/Session/Middleware/StartSession->handleStatefulRequest(Object(Illuminate/Http/Request), Object(Illuminate/Session/Store), Object(Closure))
#21 C:/xampp/htdocs/proyecto-main/vendor/laravel/framework/src/Illuminate/Pipeline/Pipeline.php(219): Illuminate/Session/Middleware/StartSession->handle(Object(Illuminate/Http/Request), Object(Closure))
#22 C:/xampp/htdocs/proyecto-main/vendor/laravel/framework/src/Illuminate/Cookie/Middleware/AddQueuedCookiesToResponse.php(36): Illuminate/Pipeline/Pipeline->Illuminate/Pipeline/{closure}(Object(Illuminate/Http/Request))
#23 C:/xampp/htdocs/proyecto-main/vendor/laravel/framework/src/Illuminate/Pipeline/Pipeline.php(219): Illuminate/Cookie/Middleware/AddQueuedCookiesToResponse->handle(Object(Illuminate/Http/Request), Object(Closure))
#24 C:/xampp/htdocs/proyecto-main/vendor/laravel/framework/src/Illuminate/Cookie/Middleware/EncryptCookies.php(74): Illuminate/Pipeline/Pipeline->Illuminate/Pipeline/{closure}(Object(Illuminate/Http/Request))
#25 C:/xampp/htdocs/proyecto-main/vendor/laravel/framework/src/Illuminate/Pipeline/Pipeline.php(219): Illuminate/Cookie/Middleware/EncryptCookies->handle(Object(Illuminate/Http/Request), Object(Closure))
#26 C:/xampp/htdocs/proyecto-main/vendor/laravel/framework/src/Illuminate/Pipeline/Pipeline.php(137): Illuminate/Pipeline/Pipeline->Illuminate/Pipeline/{closure}(Object(Illuminate/Http/Request))
#27 C:/xampp/htdocs/proyecto-main/vendor/laravel/framework/src/Illuminate/Routing/Router.php(821): Illuminate/Pipeline/Pipeline->then(Object(Closure))
#28 C:/xampp/htdocs/proyecto-main/vendor/laravel/framework/src/Illuminate/Routing/Router.php(800): Illuminate/Routing/Router->runRouteWithinStack(Object(Illuminate/Routing/Route), Object(Illuminate/Http/Request))
#29 C:/xampp/htdocs/proyecto-main/vendor/laravel/framework/src/Illuminate/Routing/Router.php(764): Illuminate/Routing/Router->runRoute(Object(Illuminate/Http/Request), Object(Illuminate/Routing/Route))
#30 C:/xampp/htdocs/proyecto-main/vendor/laravel/framework/src/Illuminate/Routing/Router.php(753): Illuminate/Routing/Router->dispatchToRoute(Object(Illuminate/Http/Request))
#31 C:/xampp/htdocs/proyecto-main/vendor/laravel/framework/src/Illuminate/Foundation/Http/Kernel.php(200): Illuminate/Routing/Router->dispatch(Object(Illuminate/Http/Request))
#32 C:/xampp/htdocs/proyecto-main/vendor/laravel/framework/src/Illuminate/Pipeline/Pipeline.php(180): Illuminate/Foundation/Http/Kernel->Illuminate/Foundation/Http/{closure}(Object(Illuminate/Http/Request))
#33 C:/xampp/htdocs/proyecto-main/vendor/laravel/framework/src/Illuminate/Foundation/Http/Middleware/TransformsRequest.php(21): Illuminate/Pipeline/Pipeline->Illuminate/Pipeline/{closure}(Object(Illuminate/Http/Request))
#34 C:/xampp/htdocs/proyecto-main/vendor/laravel/framework/src/Illuminate/Foundation/Http/Middleware/ConvertEmptyStringsToNull.php(31): Illuminate/Foundation/Http/Middleware/TransformsRequest->handle(Object(Illuminate/Http/Request), Object(Closure))
#35 C:/xampp/htdocs/proyecto-main/vendor/laravel/framework/src/Illuminate/Pipeline/Pipeline.php(219): Illuminate/Foundation/Http/Middleware/ConvertEmptyStringsToNull->handle(Object(Illuminate/Http/Request), Object(Closure))
#36 C:/xampp/htdocs/proyecto-main/vendor/laravel/framework/src/Illuminate/Foundation/Http/Middleware/TransformsRequest.php(21): Illuminate/Pipeline/Pipeline->Illuminate/Pipeline/{closure}(Object(Illuminate/Http/Request))
#37 C:/xampp/htdocs/proyecto-main/vendor/laravel/framework/src/Illuminate/Foundation/Http/Middleware/TrimStrings.php(51): Illuminate/Foundation/Http/Middleware/TransformsRequest->handle(Object(Illuminate/Http/Request), Object(Closure))
#38 C:/xampp/htdocs/proyecto-main/vendor/laravel/framework/src/Illuminate/Pipeline/Pipeline.php(219): Illuminate/Foundation/Http/Middleware/TrimStrings->handle(Object(Illuminate/Http/Request), Object(Closure))
#39 C:/xampp/htdocs/proyecto-main/vendor/laravel/framework/src/Illuminate/Http/Middleware/ValidatePostSize.php(27): Illuminate/Pipeline/Pipeline->Illuminate/Pipeline/{closure}(Object(Illuminate/Http/Request))
#40 C:/xampp/htdocs/proyecto-main/vendor/laravel/framework/src/Illuminate/Pipeline/Pipeline.php(219): Illuminate/Http/Middleware/ValidatePostSize->handle(Object(Illuminate/Http/Request), Object(Closure))
#41 C:/xampp/htdocs/proyecto-main/vendor/laravel/framework/src/Illuminate/Foundation/Http/Middleware/PreventRequestsDuringMaintenance.php(109): Illuminate/Pipeline/Pipeline->Illuminate/Pipeline/{closure}(Object(Illuminate/Http/Request))
#42 C:/xampp/htdocs/proyecto-main/vendor/laravel/framework/src/Illuminate/Pipeline/Pipeline.php(219): Illuminate/Foundation/Http/Middleware/PreventRequestsDuringMaintenance->handle(Object(Illuminate/Http/Request), Object(Closure))
#43 C:/xampp/htdocs/proyecto-main/vendor/laravel/framework/src/Illuminate/Http/Middleware/HandleCors.php(61): Illuminate/Pipeline/Pipeline->Illuminate/Pipeline/{closure}(Object(Illuminate/Http/Request))
#44 C:/xampp/htdocs/proyecto-main/vendor/laravel/framework/src/Illuminate/Pipeline/Pipeline.php(219): Illuminate/Http/Middleware/HandleCors->handle(Object(Illuminate/Http/Request), Object(Closure))
#45 C:/xampp/htdocs/proyecto-main/vendor/laravel/framework/src/Illuminate/Http/Middleware/TrustProxies.php(58): Illuminate/Pipeline/Pipeline->Illuminate/Pipeline/{closure}(Object(Illuminate/Http/Request))
#46 C:/xampp/htdocs/proyecto-main/vendor/laravel/framework/src/Illuminate/Pipeline/Pipeline.php(219): Illuminate/Http/Middleware/TrustProxies->handle(Object(Illuminate/Http/Request), Object(Closure))
#47 C:/xampp/htdocs/proyecto-main/vendor/laravel/framework/src/Illuminate/Foundation/Http/Middleware/InvokeDeferredCallbacks.php(22): Illuminate/Pipeline/Pipeline->Illuminate/Pipeline/{closure}(Object(Illuminate/Http/Request))
#48 C:/xampp/htdocs/proyecto-main/vendor/laravel/framework/src/Illuminate/Pipeline/Pipeline.php(219): Illuminate/Foundation/Http/Middleware/InvokeDeferredCallbacks->handle(Object(Illuminate/Http/Request), Object(Closure))
#49 C:/xampp/htdocs/proyecto-main/vendor/laravel/framework/src/Illuminate/Http/Middleware/ValidatePathEncoding.php(26): Illuminate/Pipeline/Pipeline->Illuminate/Pipeline/{closure}(Object(Illuminate/Http/Request))
#50 C:/xampp/htdocs/proyecto-main/vendor/laravel/framework/src/Illuminate/Pipeline/Pipeline.php(219): Illuminate/Http/Middleware/ValidatePathEncoding->handle(Object(Illuminate/Http/Request), Object(Closure))
#51 C:/xampp/htdocs/proyecto-main/vendor/laravel/framework/src/Illuminate/Pipeline/Pipeline.php(137): Illuminate/Pipeline/Pipeline->Illuminate/Pipeline/{closure}(Object(Illuminate/Http/Request))
#52 C:/xampp/htdocs/proyecto-main/vendor/laravel/framework/src/Illuminate/Foundation/Http/Kernel.php(175): Illuminate/Pipeline/Pipeline->then(Object(Closure))
#53 C:/xampp/htdocs/proyecto-main/vendor/laravel/framework/src/Illuminate/Foundation/Http/Kernel.php(144): Illuminate/Foundation/Http/Kernel->sendRequestThroughRouter(Object(Illuminate/Http/Request))
#54 C:/xampp/htdocs/proyecto-main/vendor/laravel/framework/src/Illuminate/Foundation/Application.php(1220): Illuminate/Foundation/Http/Kernel->handle(Object(Illuminate/Http/Request))
#55 C:/xampp/htdocs/proyecto-main/public/index.php(20): Illuminate/Foundation/Application->handleRequest(Object(Illuminate/Http/Request))
#56 C:/xampp/htdocs/proyecto-main/vendor/laravel/framework/src/Illuminate/Foundation/resources/server.php(23): require_once('C://xampp//htdocs...')
#57 {main}

[previous exception] [object] (Illuminate\\View\\ViewException(code: 0): syntax error, unexpected end of file, expecting \"elseif\" or \"else\" or \"endif\" (View: C:\\xampp\\htdocs\\proyecto-main\\resources\\views\\layouts\\navbar.blade.php) (View: C:\\xampp\\htdocs\\proyecto-main\\resources\\views\\layouts\\navbar.blade.php) at C:/xampp/htdocs/proyecto-main/storage/framework/views/3a0248a8f419f2db2b08b2be499ed1d4.php:58)
[stacktrace]
#0 C:/xampp/htdocs/proyecto-main/vendor/laravel/framework/src/Illuminate/View/Engines/PhpEngine.php(59): Illuminate/View/Engines/CompilerEngine->handleViewException(Object(Illuminate/View/ViewException), 2)
#1 C:/xampp/htdocs/proyecto-main/vendor/laravel/framework/src/Illuminate/View/Engines/CompilerEngine.php(76): Illuminate/View/Engines/PhpEngine->evaluatePath('C://xampp//htdocs...', Array)
#2 C:/xampp/htdocs/proyecto-main/vendor/laravel/framework/src/Illuminate/View/View.php(208): Illuminate/View/Engines/CompilerEngine->get('C://xampp//htdocs...', Array)
#3 C:/xampp/htdocs/proyecto-main/vendor/laravel/framework/src/Illuminate/View/View.php(191): Illuminate/View/View->getContents()
#4 C:/xampp/htdocs/proyecto-main/vendor/laravel/framework/src/Illuminate/View/View.php(160): Illuminate/View/View->renderContents()
#5 C:/xampp/htdocs/proyecto-main/storage/framework/views/415a920b8548f18c9e04a32a889b8003.php(23): Illuminate/View/View->render()
#6 C:/xampp/htdocs/proyecto-main/vendor/laravel/framework/src/Illuminate/Filesystem/Filesystem.php(123): require('C://xampp//htdocs...')
#7 C:/xampp/htdocs/proyecto-main/vendor/laravel/framework/src/Illuminate/Filesystem/Filesystem.php(124): Illuminate/Filesystem/Filesystem::Illuminate/Filesystem/{closure}()
#8 C:/xampp/htdocs/proyecto-main/vendor/laravel/framework/src/Illuminate/View/Engines/PhpEngine.php(57): Illuminate/Filesystem/Filesystem->getRequire('C://xampp//htdocs...', Array)
#9 C:/xampp/htdocs/proyecto-main/vendor/laravel/framework/src/Illuminate/View/Engines/CompilerEngine.php(76): Illuminate/View/Engines/PhpEngine->evaluatePath('C://xampp//htdocs...', Array)
#10 C:/xampp/htdocs/proyecto-main/vendor/laravel/framework/src/Illuminate/View/View.php(208): Illuminate/View/Engines/CompilerEngine->get('C://xampp//htdocs...', Array)
#11 C:/xampp/htdocs/proyecto-main/vendor/laravel/framework/src/Illuminate/View/View.php(191): Illuminate/View/View->getContents()
#12 C:/xampp/htdocs/proyecto-main/vendor/laravel/framework/src/Illuminate/View/View.php(160): Illuminate/View/View->renderContents()
#13 C:/xampp/htdocs/proyecto-main/vendor/laravel/framework/src/Illuminate/Http/Response.php(78): Illuminate/View/View->render()
#14 C:/xampp/htdocs/proyecto-main/vendor/laravel/framework/src/Illuminate/Http/Response.php(34): Illuminate/Http/Response->setContent(Object(Illuminate/View/View))
#15 C:/xampp/htdocs/proyecto-main/vendor/laravel/framework/src/Illuminate/Routing/Router.php(939): Illuminate/Http/Response->__construct(Object(Illuminate/View/View), 200, Array)
#16 C:/xampp/htdocs/proyecto-main/vendor/laravel/framework/src/Illuminate/Routing/Router.php(906): Illuminate/Routing/Router::toResponse(Object(Illuminate/Http/Request), Object(Illuminate/View/View))
#17 C:/xampp/htdocs/proyecto-main/vendor/laravel/framework/src/Illuminate/Routing/Router.php(821): Illuminate/Routing/Router->prepareResponse(Object(Illuminate/Http/Request), Object(Illuminate/View/View))
#18 C:/xampp/htdocs/proyecto-main/vendor/laravel/framework/src/Illuminate/Pipeline/Pipeline.php(180): Illuminate/Routing/Router->Illuminate/Routing/{closure}(Object(Illuminate/Http/Request))
#19 C:/xampp/htdocs/proyecto-main/vendor/laravel/framework/src/Illuminate/Routing/Middleware/SubstituteBindings.php(50): Illuminate/Pipeline/Pipeline->Illuminate/Pipeline/{closure}(Object(Illuminate/Http/Request))
#20 C:/xampp/htdocs/proyecto-main/vendor/laravel/framework/src/Illuminate/Pipeline/Pipeline.php(219): Illuminate/Routing/Middleware/SubstituteBindings->handle(Object(Illuminate/Http/Request), Object(Closure))
#21 C:/xampp/htdocs/proyecto-main/vendor/laravel/framework/src/Illuminate/Auth/Middleware/Authenticate.php(63): Illuminate/Pipeline/Pipeline->Illuminate/Pipeline/{closure}(Object(Illuminate/Http/Request))
#22 C:/xampp/htdocs/proyecto-main/vendor/laravel/framework/src/Illuminate/Pipeline/Pipeline.php(219): Illuminate/Auth/Middleware/Authenticate->handle(Object(Illuminate/Http/Request), Object(Closure))
#23 C:/xampp/htdocs/proyecto-main/vendor/laravel/framework/src/Illuminate/Foundation/Http/Middleware/VerifyCsrfToken.php(87): Illuminate/Pipeline/Pipeline->Illuminate/Pipeline/{closure}(Object(Illuminate/Http/Request))
#24 C:/xampp/htdocs/proyecto-main/vendor/laravel/framework/src/Illuminate/Pipeline/Pipeline.php(219): Illuminate/Foundation/Http/Middleware/VerifyCsrfToken->handle(Object(Illuminate/Http/Request), Object(Closure))
#25 C:/xampp/htdocs/proyecto-main/vendor/laravel/framework/src/Illuminate/View/Middleware/ShareErrorsFromSession.php(48): Illuminate/Pipeline/Pipeline->Illuminate/Pipeline/{closure}(Object(Illuminate/Http/Request))
#26 C:/xampp/htdocs/proyecto-main/vendor/laravel/framework/src/Illuminate/Pipeline/Pipeline.php(219): Illuminate/View/Middleware/ShareErrorsFromSession->handle(Object(Illuminate/Http/Request), Object(Closure))
#27 C:/xampp/htdocs/proyecto-main/vendor/laravel/framework/src/Illuminate/Session/Middleware/StartSession.php(120): Illuminate/Pipeline/Pipeline->Illuminate/Pipeline/{closure}(Object(Illuminate/Http/Request))
#28 C:/xampp/htdocs/proyecto-main/vendor/laravel/framework/src/Illuminate/Session/Middleware/StartSession.php(63): Illuminate/Session/Middleware/StartSession->handleStatefulRequest(Object(Illuminate/Http/Request), Object(Illuminate/Session/Store), Object(Closure))
#29 C:/xampp/htdocs/proyecto-main/vendor/laravel/framework/src/Illuminate/Pipeline/Pipeline.php(219): Illuminate/Session/Middleware/StartSession->handle(Object(Illuminate/Http/Request), Object(Closure))
#30 C:/xampp/htdocs/proyecto-main/vendor/laravel/framework/src/Illuminate/Cookie/Middleware/AddQueuedCookiesToResponse.php(36): Illuminate/Pipeline/Pipeline->Illuminate/Pipeline/{closure}(Object(Illuminate/Http/Request))
#31 C:/xampp/htdocs/proyecto-main/vendor/laravel/framework/src/Illuminate/Pipeline/Pipeline.php(219): Illuminate/Cookie/Middleware/AddQueuedCookiesToResponse->handle(Object(Illuminate/Http/Request), Object(Closure))
#32 C:/xampp/htdocs/proyecto-main/vendor/laravel/framework/src/Illuminate/Cookie/Middleware/EncryptCookies.php(74): Illuminate/Pipeline/Pipeline->Illuminate/Pipeline/{closure}(Object(Illuminate/Http/Request))
#33 C:/xampp/htdocs/proyecto-main/vendor/laravel/framework/src/Illuminate/Pipeline/Pipeline.php(219): Illuminate/Cookie/Middleware/EncryptCookies->handle(Object(Illuminate/Http/Request), Object(Closure))
#34 C:/xampp/htdocs/proyecto-main/vendor/laravel/framework/src/Illuminate/Pipeline/Pipeline.php(137): Illuminate/Pipeline/Pipeline->Illuminate/Pipeline/{closure}(Object(Illuminate/Http/Request))
#35 C:/xampp/htdocs/proyecto-main/vendor/laravel/framework/src/Illuminate/Routing/Router.php(821): Illuminate/Pipeline/Pipeline->then(Object(Closure))
#36 C:/xampp/htdocs/proyecto-main/vendor/laravel/framework/src/Illuminate/Routing/Router.php(800): Illuminate/Routing/Router->runRouteWithinStack(Object(Illuminate/Routing/Route), Object(Illuminate/Http/Request))
#37 C:/xampp/htdocs/proyecto-main/vendor/laravel/framework/src/Illuminate/Routing/Router.php(764): Illuminate/Routing/Router->runRoute(Object(Illuminate/Http/Request), Object(Illuminate/Routing/Route))
#38 C:/xampp/htdocs/proyecto-main/vendor/laravel/framework/src/Illuminate/Routing/Router.php(753): Illuminate/Routing/Router->dispatchToRoute(Object(Illuminate/Http/Request))
#39 C:/xampp/htdocs/proyecto-main/vendor/laravel/framework/src/Illuminate/Foundation/Http/Kernel.php(200): Illuminate/Routing/Router->dispatch(Object(Illuminate/Http/Request))
#40 C:/xampp/htdocs/proyecto-main/vendor/laravel/framework/src/Illuminate/Pipeline/Pipeline.php(180): Illuminate/Foundation/Http/Kernel->Illuminate/Foundation/Http/{closure}(Object(Illuminate/Http/Request))
#41 C:/xampp/htdocs/proyecto-main/vendor/laravel/framework/src/Illuminate/Foundation/Http/Middleware/TransformsRequest.php(21): Illuminate/Pipeline/Pipeline->Illuminate/Pipeline/{closure}(Object(Illuminate/Http/Request))
#42 C:/xampp/htdocs/proyecto-main/vendor/laravel/framework/src/Illuminate/Foundation/Http/Middleware/ConvertEmptyStringsToNull.php(31): Illuminate/Foundation/Http/Middleware/TransformsRequest->handle(Object(Illuminate/Http/Request), Object(Closure))
#43 C:/xampp/htdocs/proyecto-main/vendor/laravel/framework/src/Illuminate/Pipeline/Pipeline.php(219): Illuminate/Foundation/Http/Middleware/ConvertEmptyStringsToNull->handle(Object(Illuminate/Http/Request), Object(Closure))
#44 C:/xampp/htdocs/proyecto-main/vendor/laravel/framework/src/Illuminate/Foundation/Http/Middleware/TransformsRequest.php(21): Illuminate/Pipeline/Pipeline->Illuminate/Pipeline/{closure}(Object(Illuminate/Http/Request))
#45 C:/xampp/htdocs/proyecto-main/vendor/laravel/framework/src/Illuminate/Foundation/Http/Middleware/TrimStrings.php(51): Illuminate/Foundation/Http/Middleware/TransformsRequest->handle(Object(Illuminate/Http/Request), Object(Closure))
#46 C:/xampp/htdocs/proyecto-main/vendor/laravel/framework/src/Illuminate/Pipeline/Pipeline.php(219): Illuminate/Foundation/Http/Middleware/TrimStrings->handle(Object(Illuminate/Http/Request), Object(Closure))
#47 C:/xampp/htdocs/proyecto-main/vendor/laravel/framework/src/Illuminate/Http/Middleware/ValidatePostSize.php(27): Illuminate/Pipeline/Pipeline->Illuminate/Pipeline/{closure}(Object(Illuminate/Http/Request))
#48 C:/xampp/htdocs/proyecto-main/vendor/laravel/framework/src/Illuminate/Pipeline/Pipeline.php(219): Illuminate/Http/Middleware/ValidatePostSize->handle(Object(Illuminate/Http/Request), Object(Closure))
#49 C:/xampp/htdocs/proyecto-main/vendor/laravel/framework/src/Illuminate/Foundation/Http/Middleware/PreventRequestsDuringMaintenance.php(109): Illuminate/Pipeline/Pipeline->Illuminate/Pipeline/{closure}(Object(Illuminate/Http/Request))
#50 C:/xampp/htdocs/proyecto-main/vendor/laravel/framework/src/Illuminate/Pipeline/Pipeline.php(219): Illuminate/Foundation/Http/Middleware/PreventRequestsDuringMaintenance->handle(Object(Illuminate/Http/Request), Object(Closure))
#51 C:/xampp/htdocs/proyecto-main/vendor/laravel/framework/src/Illuminate/Http/Middleware/HandleCors.php(61): Illuminate/Pipeline/Pipeline->Illuminate/Pipeline/{closure}(Object(Illuminate/Http/Request))
#52 C:/xampp/htdocs/proyecto-main/vendor/laravel/framework/src/Illuminate/Pipeline/Pipeline.php(219): Illuminate/Http/Middleware/HandleCors->handle(Object(Illuminate/Http/Request), Object(Closure))
#53 C:/xampp/htdocs/proyecto-main/vendor/laravel/framework/src/Illuminate/Http/Middleware/TrustProxies.php(58): Illuminate/Pipeline/Pipeline->Illuminate/Pipeline/{closure}(Object(Illuminate/Http/Request))
#54 C:/xampp/htdocs/proyecto-main/vendor/laravel/framework/src/Illuminate/Pipeline/Pipeline.php(219): Illuminate/Http/Middleware/TrustProxies->handle(Object(Illuminate/Http/Request), Object(Closure))
#55 C:/xampp/htdocs/proyecto-main/vendor/laravel/framework/src/Illuminate/Foundation/Http/Middleware/InvokeDeferredCallbacks.php(22): Illuminate/Pipeline/Pipeline->Illuminate/Pipeline/{closure}(Object(Illuminate/Http/Request))
#56 C:/xampp/htdocs/proyecto-main/vendor/laravel/framework/src/Illuminate/Pipeline/Pipeline.php(219): Illuminate/Foundation/Http/Middleware/InvokeDeferredCallbacks->handle(Object(Illuminate/Http/Request), Object(Closure))
#57 C:/xampp/htdocs/proyecto-main/vendor/laravel/framework/src/Illuminate/Http/Middleware/ValidatePathEncoding.php(26): Illuminate/Pipeline/Pipeline->Illuminate/Pipeline/{closure}(Object(Illuminate/Http/Request))
#58 C:/xampp/htdocs/proyecto-main/vendor/laravel/framework/src/Illuminate/Pipeline/Pipeline.php(219): Illuminate/Http/Middleware/ValidatePathEncoding->handle(Object(Illuminate/Http/Request), Object(Closure))
#59 C:/xampp/htdocs/proyecto-main/vendor/laravel/framework/src/Illuminate/Pipeline/Pipeline.php(137): Illuminate/Pipeline/Pipeline->Illuminate/Pipeline/{closure}(Object(Illuminate/Http/Request))
#60 C:/xampp/htdocs/proyecto-main/vendor/laravel/framework/src/Illuminate/Foundation/Http/Kernel.php(175): Illuminate/Pipeline/Pipeline->then(Object(Closure))
#61 C:/xampp/htdocs/proyecto-main/vendor/laravel/framework/src/Illuminate/Foundation/Http/Kernel.php(144): Illuminate/Foundation/Http/Kernel->sendRequestThroughRouter(Object(Illuminate/Http/Request))
#62 C:/xampp/htdocs/proyecto-main/vendor/laravel/framework/src/Illuminate/Foundation/Application.php(1220): Illuminate/Foundation/Http/Kernel->handle(Object(Illuminate/Http/Request))
#63 C:/xampp/htdocs/proyecto-main/public/index.php(20): Illuminate/Foundation/Application->handleRequest(Object(Illuminate/Http/Request))
#64 C:/xampp/htdocs/proyecto-main/vendor/laravel/framework/src/Illuminate/Foundation/resources/server.php(23): require_once('C://xampp//htdocs...')
#65 {main}

[previous exception] [object] (Illuminate\\View\\ViewException(code: 0): syntax error, unexpected end of file, expecting \"elseif\" or \"else\" or \"endif\" (View: C:\\xampp\\htdocs\\proyecto-main\\resources\\views\\layouts\\navbar.blade.php) at C:/xampp/htdocs/proyecto-main/storage/framework/views/3a0248a8f419f2db2b08b2be499ed1d4.php:58)
[stacktrace]
#0 C:/xampp/htdocs/proyecto-main/vendor/laravel/framework/src/Illuminate/View/Engines/PhpEngine.php(59): Illuminate/View/Engines/CompilerEngine->handleViewException(Object(ParseError), 3)
#1 C:/xampp/htdocs/proyecto-main/vendor/laravel/framework/src/Illuminate/View/Engines/CompilerEngine.php(76): Illuminate/View/Engines/PhpEngine->evaluatePath('C://xampp//htdocs...', Array)
#2 C:/xampp/htdocs/proyecto-main/vendor/laravel/framework/src/Illuminate/View/View.php(208): Illuminate/View/Engines/CompilerEngine->get('C://xampp//htdocs...', Array)
#3 C:/xampp/htdocs/proyecto-main/vendor/laravel/framework/src/Illuminate/View/View.php(191): Illuminate/View/View->getContents()
#4 C:/xampp/htdocs/proyecto-main/vendor/laravel/framework/src/Illuminate/View/View.php(160): Illuminate/View/View->renderContents()
#5 C:/xampp/htdocs/proyecto-main/storage/framework/views/73f8d5f93ec400171eb841a37e319375.php(13): Illuminate/View/View->render()
#6 C:/xampp/htdocs/proyecto-main/vendor/laravel/framework/src/Illuminate/Filesystem/Filesystem.php(123): require('C://xampp//htdocs...')
#7 C:/xampp/htdocs/proyecto-main/vendor/laravel/framework/src/Illuminate/Filesystem/Filesystem.php(124): Illuminate/Filesystem/Filesystem::Illuminate/Filesystem/{closure}()
#8 C:/xampp/htdocs/proyecto-main/vendor/laravel/framework/src/Illuminate/View/Engines/PhpEngine.php(57): Illuminate/Filesystem/Filesystem->getRequire('C://xampp//htdocs...', Array)
#9 C:/xampp/htdocs/proyecto-main/vendor/laravel/framework/src/Illuminate/View/Engines/CompilerEngine.php(76): Illuminate/View/Engines/PhpEngine->evaluatePath('C://xampp//htdocs...', Array)
#10 C:/xampp/htdocs/proyecto-main/vendor/laravel/framework/src/Illuminate/View/View.php(208): Illuminate/View/Engines/CompilerEngine->get('C://xampp//htdocs...', Array)
#11 C:/xampp/htdocs/proyecto-main/vendor/laravel/framework/src/Illuminate/View/View.php(191): Illuminate/View/View->getContents()
#12 C:/xampp/htdocs/proyecto-main/vendor/laravel/framework/src/Illuminate/View/View.php(160): Illuminate/View/View->renderContents()
#13 C:/xampp/htdocs/proyecto-main/storage/framework/views/415a920b8548f18c9e04a32a889b8003.php(23): Illuminate/View/View->render()
#14 C:/xampp/htdocs/proyecto-main/vendor/laravel/framework/src/Illuminate/Filesystem/Filesystem.php(123): require('C://xampp//htdocs...')
#15 C:/xampp/htdocs/proyecto-main/vendor/laravel/framework/src/Illuminate/Filesystem/Filesystem.php(124): Illuminate/Filesystem/Filesystem::Illuminate/Filesystem/{closure}()
#16 C:/xampp/htdocs/proyecto-main/vendor/laravel/framework/src/Illuminate/View/Engines/PhpEngine.php(57): Illuminate/Filesystem/Filesystem->getRequire('C://xampp//htdocs...', Array)
#17 C:/xampp/htdocs/proyecto-main/vendor/laravel/framework/src/Illuminate/View/Engines/CompilerEngine.php(76): Illuminate/View/Engines/PhpEngine->evaluatePath('C://xampp//htdocs...', Array)
#18 C:/xampp/htdocs/proyecto-main/vendor/laravel/framework/src/Illuminate/View/View.php(208): Illuminate/View/Engines/CompilerEngine->get('C://xampp//htdocs...', Array)
#19 C:/xampp/htdocs/proyecto-main/vendor/laravel/framework/src/Illuminate/View/View.php(191): Illuminate/View/View->getContents()
#20 C:/xampp/htdocs/proyecto-main/vendor/laravel/framework/src/Illuminate/View/View.php(160): Illuminate/View/View->renderContents()
#21 C:/xampp/htdocs/proyecto-main/vendor/laravel/framework/src/Illuminate/Http/Response.php(78): Illuminate/View/View->render()
#22 C:/xampp/htdocs/proyecto-main/vendor/laravel/framework/src/Illuminate/Http/Response.php(34): Illuminate/Http/Response->setContent(Object(Illuminate/View/View))
#23 C:/xampp/htdocs/proyecto-main/vendor/laravel/framework/src/Illuminate/Routing/Router.php(939): Illuminate/Http/Response->__construct(Object(Illuminate/View/View), 200, Array)
#24 C:/xampp/htdocs/proyecto-main/vendor/laravel/framework/src/Illuminate/Routing/Router.php(906): Illuminate/Routing/Router::toResponse(Object(Illuminate/Http/Request), Object(Illuminate/View/View))
#25 C:/xampp/htdocs/proyecto-main/vendor/laravel/framework/src/Illuminate/Routing/Router.php(821): Illuminate/Routing/Router->prepareResponse(Object(Illuminate/Http/Request), Object(Illuminate/View/View))
#26 C:/xampp/htdocs/proyecto-main/vendor/laravel/framework/src/Illuminate/Pipeline/Pipeline.php(180): Illuminate/Routing/Router->Illuminate/Routing/{closure}(Object(Illuminate/Http/Request))
#27 C:/xampp/htdocs/proyecto-main/vendor/laravel/framework/src/Illuminate/Routing/Middleware/SubstituteBindings.php(50): Illuminate/Pipeline/Pipeline->Illuminate/Pipeline/{closure}(Object(Illuminate/Http/Request))
#28 C:/xampp/htdocs/proyecto-main/vendor/laravel/framework/src/Illuminate/Pipeline/Pipeline.php(219): Illuminate/Routing/Middleware/SubstituteBindings->handle(Object(Illuminate/Http/Request), Object(Closure))
#29 C:/xampp/htdocs/proyecto-main/vendor/laravel/framework/src/Illuminate/Auth/Middleware/Authenticate.php(63): Illuminate/Pipeline/Pipeline->Illuminate/Pipeline/{closure}(Object(Illuminate/Http/Request))
#30 C:/xampp/htdocs/proyecto-main/vendor/laravel/framework/src/Illuminate/Pipeline/Pipeline.php(219): Illuminate/Auth/Middleware/Authenticate->handle(Object(Illuminate/Http/Request), Object(Closure))
#31 C:/xampp/htdocs/proyecto-main/vendor/laravel/framework/src/Illuminate/Foundation/Http/Middleware/VerifyCsrfToken.php(87): Illuminate/Pipeline/Pipeline->Illuminate/Pipeline/{closure}(Object(Illuminate/Http/Request))
#32 C:/xampp/htdocs/proyecto-main/vendor/laravel/framework/src/Illuminate/Pipeline/Pipeline.php(219): Illuminate/Foundation/Http/Middleware/VerifyCsrfToken->handle(Object(Illuminate/Http/Request), Object(Closure))
#33 C:/xampp/htdocs/proyecto-main/vendor/laravel/framework/src/Illuminate/View/Middleware/ShareErrorsFromSession.php(48): Illuminate/Pipeline/Pipeline->Illuminate/Pipeline/{closure}(Object(Illuminate/Http/Request))
#34 C:/xampp/htdocs/proyecto-main/vendor/laravel/framework/src/Illuminate/Pipeline/Pipeline.php(219): Illuminate/View/Middleware/ShareErrorsFromSession->handle(Object(Illuminate/Http/Request), Object(Closure))
#35 C:/xampp/htdocs/proyecto-main/vendor/laravel/framework/src/Illuminate/Session/Middleware/StartSession.php(120): Illuminate/Pipeline/Pipeline->Illuminate/Pipeline/{closure}(Object(Illuminate/Http/Request))
#36 C:/xampp/htdocs/proyecto-main/vendor/laravel/framework/src/Illuminate/Session/Middleware/StartSession.php(63): Illuminate/Session/Middleware/StartSession->handleStatefulRequest(Object(Illuminate/Http/Request), Object(Illuminate/Session/Store), Object(Closure))
#37 C:/xampp/htdocs/proyecto-main/vendor/laravel/framework/src/Illuminate/Pipeline/Pipeline.php(219): Illuminate/Session/Middleware/StartSession->handle(Object(Illuminate/Http/Request), Object(Closure))
#38 C:/xampp/htdocs/proyecto-main/vendor/laravel/framework/src/Illuminate/Cookie/Middleware/AddQueuedCookiesToResponse.php(36): Illuminate/Pipeline/Pipeline->Illuminate/Pipeline/{closure}(Object(Illuminate/Http/Request))
#39 C:/xampp/htdocs/proyecto-main/vendor/laravel/framework/src/Illuminate/Pipeline/Pipeline.php(219): Illuminate/Cookie/Middleware/AddQueuedCookiesToResponse->handle(Object(Illuminate/Http/Request), Object(Closure))
#40 C:/xampp/htdocs/proyecto-main/vendor/laravel/framework/src/Illuminate/Cookie/Middleware/EncryptCookies.php(74): Illuminate/Pipeline/Pipeline->Illuminate/Pipeline/{closure}(Object(Illuminate/Http/Request))
#41 C:/xampp/htdocs/proyecto-main/vendor/laravel/framework/src/Illuminate/Pipeline/Pipeline.php(219): Illuminate/Cookie/Middleware/EncryptCookies->handle(Object(Illuminate/Http/Request), Object(Closure))
#42 C:/xampp/htdocs/proyecto-main/vendor/laravel/framework/src/Illuminate/Pipeline/Pipeline.php(137): Illuminate/Pipeline/Pipeline->Illuminate/Pipeline/{closure}(Object(Illuminate/Http/Request))
#43 C:/xampp/htdocs/proyecto-main/vendor/laravel/framework/src/Illuminate/Routing/Router.php(821): Illuminate/Pipeline/Pipeline->then(Object(Closure))
#44 C:/xampp/htdocs/proyecto-main/vendor/laravel/framework/src/Illuminate/Routing/Router.php(800): Illuminate/Routing/Router->runRouteWithinStack(Object(Illuminate/Routing/Route), Object(Illuminate/Http/Request))
#45 C:/xampp/htdocs/proyecto-main/vendor/laravel/framework/src/Illuminate/Routing/Router.php(764): Illuminate/Routing/Router->runRoute(Object(Illuminate/Http/Request), Object(Illuminate/Routing/Route))
#46 C:/xampp/htdocs/proyecto-main/vendor/laravel/framework/src/Illuminate/Routing/Router.php(753): Illuminate/Routing/Router->dispatchToRoute(Object(Illuminate/Http/Request))
#47 C:/xampp/htdocs/proyecto-main/vendor/laravel/framework/src/Illuminate/Foundation/Http/Kernel.php(200): Illuminate/Routing/Router->dispatch(Object(Illuminate/Http/Request))
#48 C:/xampp/htdocs/proyecto-main/vendor/laravel/framework/src/Illuminate/Pipeline/Pipeline.php(180): Illuminate/Foundation/Http/Kernel->Illuminate/Foundation/Http/{closure}(Object(Illuminate/Http/Request))
#49 C:/xampp/htdocs/proyecto-main/vendor/laravel/framework/src/Illuminate/Foundation/Http/Middleware/TransformsRequest.php(21): Illuminate/Pipeline/Pipeline->Illuminate/Pipeline/{closure}(Object(Illuminate/Http/Request))
#50 C:/xampp/htdocs/proyecto-main/vendor/laravel/framework/src/Illuminate/Foundation/Http/Middleware/ConvertEmptyStringsToNull.php(31): Illuminate/Foundation/Http/Middleware/TransformsRequest->handle(Object(Illuminate/Http/Request), Object(Closure))
#51 C:/xampp/htdocs/proyecto-main/vendor/laravel/framework/src/Illuminate/Pipeline/Pipeline.php(219): Illuminate/Foundation/Http/Middleware/ConvertEmptyStringsToNull->handle(Object(Illuminate/Http/Request), Object(Closure))
#52 C:/xampp/htdocs/proyecto-main/vendor/laravel/framework/src/Illuminate/Foundation/Http/Middleware/TransformsRequest.php(21): Illuminate/Pipeline/Pipeline->Illuminate/Pipeline/{closure}(Object(Illuminate/Http/Request))
#53 C:/xampp/htdocs/proyecto-main/vendor/laravel/framework/src/Illuminate/Foundation/Http/Middleware/TrimStrings.php(51): Illuminate/Foundation/Http/Middleware/TransformsRequest->handle(Object(Illuminate/Http/Request), Object(Closure))
#54 C:/xampp/htdocs/proyecto-main/vendor/laravel/framework/src/Illuminate/Pipeline/Pipeline.php(219): Illuminate/Foundation/Http/Middleware/TrimStrings->handle(Object(Illuminate/Http/Request), Object(Closure))
#55 C:/xampp/htdocs/proyecto-main/vendor/laravel/framework/src/Illuminate/Http/Middleware/ValidatePostSize.php(27): Illuminate/Pipeline/Pipeline->Illuminate/Pipeline/{closure}(Object(Illuminate/Http/Request))
#56 C:/xampp/htdocs/proyecto-main/vendor/laravel/framework/src/Illuminate/Pipeline/Pipeline.php(219): Illuminate/Http/Middleware/ValidatePostSize->handle(Object(Illuminate/Http/Request), Object(Closure))
#57 C:/xampp/htdocs/proyecto-main/vendor/laravel/framework/src/Illuminate/Foundation/Http/Middleware/PreventRequestsDuringMaintenance.php(109): Illuminate/Pipeline/Pipeline->Illuminate/Pipeline/{closure}(Object(Illuminate/Http/Request))
#58 C:/xampp/htdocs/proyecto-main/vendor/laravel/framework/src/Illuminate/Pipeline/Pipeline.php(219): Illuminate/Foundation/Http/Middleware/PreventRequestsDuringMaintenance->handle(Object(Illuminate/Http/Request), Object(Closure))
#59 C:/xampp/htdocs/proyecto-main/vendor/laravel/framework/src/Illuminate/Http/Middleware/HandleCors.php(61): Illuminate/Pipeline/Pipeline->Illuminate/Pipeline/{closure}(Object(Illuminate/Http/Request))
#60 C:/xampp/htdocs/proyecto-main/vendor/laravel/framework/src/Illuminate/Pipeline/Pipeline.php(219): Illuminate/Http/Middleware/HandleCors->handle(Object(Illuminate/Http/Request), Object(Closure))
#61 C:/xampp/htdocs/proyecto-main/vendor/laravel/framework/src/Illuminate/Http/Middleware/TrustProxies.php(58): Illuminate/Pipeline/Pipeline->Illuminate/Pipeline/{closure}(Object(Illuminate/Http/Request))
#62 C:/xampp/htdocs/proyecto-main/vendor/laravel/framework/src/Illuminate/Pipeline/Pipeline.php(219): Illuminate/Http/Middleware/TrustProxies->handle(Object(Illuminate/Http/Request), Object(Closure))
#63 C:/xampp/htdocs/proyecto-main/vendor/laravel/framework/src/Illuminate/Foundation/Http/Middleware/InvokeDeferredCallbacks.php(22): Illuminate/Pipeline/Pipeline->Illuminate/Pipeline/{closure}(Object(Illuminate/Http/Request))
#64 C:/xampp/htdocs/proyecto-main/vendor/laravel/framework/src/Illuminate/Pipeline/Pipeline.php(219): Illuminate/Foundation/Http/Middleware/InvokeDeferredCallbacks->handle(Object(Illuminate/Http/Request), Object(Closure))
#65 C:/xampp/htdocs/proyecto-main/vendor/laravel/framework/src/Illuminate/Http/Middleware/ValidatePathEncoding.php(26): Illuminate/Pipeline/Pipeline->Illuminate/Pipeline/{closure}(Object(Illuminate/Http/Request))
#66 C:/xampp/htdocs/proyecto-main/vendor/laravel/framework/src/Illuminate/Pipeline/Pipeline.php(219): Illuminate/Http/Middleware/ValidatePathEncoding->handle(Object(Illuminate/Http/Request), Object(Closure))
#67 C:/xampp/htdocs/proyecto-main/vendor/laravel/framework/src/Illuminate/Pipeline/Pipeline.php(137): Illuminate/Pipeline/Pipeline->Illuminate/Pipeline/{closure}(Object(Illuminate/Http/Request))
#68 C:/xampp/htdocs/proyecto-main/vendor/laravel/framework/src/Illuminate/Foundation/Http/Kernel.php(175): Illuminate/Pipeline/Pipeline->then(Object(Closure))
#69 C:/xampp/htdocs/proyecto-main/vendor/laravel/framework/src/Illuminate/Foundation/Http/Kernel.php(144): Illuminate/Foundation/Http/Kernel->sendRequestThroughRouter(Object(Illuminate/Http/Request))
#70 C:/xampp/htdocs/proyecto-main/vendor/laravel/framework/src/Illuminate/Foundation/Application.php(1220): Illuminate/Foundation/Http/Kernel->handle(Object(Illuminate/Http/Request))
#71 C:/xampp/htdocs/proyecto-main/public/index.php(20): Illuminate/Foundation/Application->handleRequest(Object(Illuminate/Http/Request))
#72 C:/xampp/htdocs/proyecto-main/vendor/laravel/framework/src/Illuminate/Foundation/resources/server.php(23): require_once('C://xampp//htdocs...')
#73 {main}

[previous exception] [object] (ParseError(code: 0): syntax error, unexpected end of file, expecting \"elseif\" or \"else\" or \"endif\" at C:/xampp/htdocs/proyecto-main/storage/framework/views/3a0248a8f419f2db2b08b2be499ed1d4.php:58)
[stacktrace]
#0 C:/xampp/htdocs/proyecto-main/vendor/laravel/framework/src/Illuminate/Filesystem/Filesystem.php(124): Illuminate/Filesystem/Filesystem::Illuminate/Filesystem/{closure}()
#1 C:/xampp/htdocs/proyecto-main/vendor/laravel/framework/src/Illuminate/View/Engines/PhpEngine.php(57): Illuminate/Filesystem/Filesystem->getRequire('C://xampp//htdocs...', Array)
#2 C:/xampp/htdocs/proyecto-main/vendor/laravel/framework/src/Illuminate/View/Engines/CompilerEngine.php(76): Illuminate/View/Engines/PhpEngine->evaluatePath('C://xampp//htdocs...', Array)
#3 C:/xampp/htdocs/proyecto-main/vendor/laravel/framework/src/Illuminate/View/View.php(208): Illuminate/View/Engines/CompilerEngine->get('C://xampp//htdocs...', Array)
#4 C:/xampp/htdocs/proyecto-main/vendor/laravel/framework/src/Illuminate/View/View.php(191): Illuminate/View/View->getContents()
#5 C:/xampp/htdocs/proyecto-main/vendor/laravel/framework/src/Illuminate/View/View.php(160): Illuminate/View/View->renderContents()
#6 C:/xampp/htdocs/proyecto-main/storage/framework/views/73f8d5f93ec400171eb841a37e319375.php(13): Illuminate/View/View->render()
#7 C:/xampp/htdocs/proyecto-main/vendor/laravel/framework/src/Illuminate/Filesystem/Filesystem.php(123): require('C://xampp//htdocs...')
#8 C:/xampp/htdocs/proyecto-main/vendor/laravel/framework/src/Illuminate/Filesystem/Filesystem.php(124): Illuminate/Filesystem/Filesystem::Illuminate/Filesystem/{closure}()
#9 C:/xampp/htdocs/proyecto-main/vendor/laravel/framework/src/Illuminate/View/Engines/PhpEngine.php(57): Illuminate/Filesystem/Filesystem->getRequire('C://xampp//htdocs...', Array)
#10 C:/xampp/htdocs/proyecto-main/vendor/laravel/framework/src/Illuminate/View/Engines/CompilerEngine.php(76): Illuminate/View/Engines/PhpEngine->evaluatePath('C://xampp//htdocs...', Array)
#11 C:/xampp/htdocs/proyecto-main/vendor/laravel/framework/src/Illuminate/View/View.php(208): Illuminate/View/Engines/CompilerEngine->get('C://xampp//htdocs...', Array)
#12 C:/xampp/htdocs/proyecto-main/vendor/laravel/framework/src/Illuminate/View/View.php(191): Illuminate/View/View->getContents()
#13 C:/xampp/htdocs/proyecto-main/vendor/laravel/framework/src/Illuminate/View/View.php(160): Illuminate/View/View->renderContents()
#14 C:/xampp/htdocs/proyecto-main/storage/framework/views/415a920b8548f18c9e04a32a889b8003.php(23): Illuminate/View/View->render()
#15 C:/xampp/htdocs/proyecto-main/vendor/laravel/framework/src/Illuminate/Filesystem/Filesystem.php(123): require('C://xampp//htdocs...')
#16 C:/xampp/htdocs/proyecto-main/vendor/laravel/framework/src/Illuminate/Filesystem/Filesystem.php(124): Illuminate/Filesystem/Filesystem::Illuminate/Filesystem/{closure}()
#17 C:/xampp/htdocs/proyecto-main/vendor/laravel/framework/src/Illuminate/View/Engines/PhpEngine.php(57): Illuminate/Filesystem/Filesystem->getRequire('C://xampp//htdocs...', Array)
#18 C:/xampp/htdocs/proyecto-main/vendor/laravel/framework/src/Illuminate/View/Engines/CompilerEngine.php(76): Illuminate/View/Engines/PhpEngine->evaluatePath('C://xampp//htdocs...', Array)
#19 C:/xampp/htdocs/proyecto-main/vendor/laravel/framework/src/Illuminate/View/View.php(208): Illuminate/View/Engines/CompilerEngine->get('C://xampp//htdocs...', Array)
#20 C:/xampp/htdocs/proyecto-main/vendor/laravel/framework/src/Illuminate/View/View.php(191): Illuminate/View/View->getContents()
#21 C:/xampp/htdocs/proyecto-main/vendor/laravel/framework/src/Illuminate/View/View.php(160): Illuminate/View/View->renderContents()
#22 C:/xampp/htdocs/proyecto-main/vendor/laravel/framework/src/Illuminate/Http/Response.php(78): Illuminate/View/View->render()
#23 C:/xampp/htdocs/proyecto-main/vendor/laravel/framework/src/Illuminate/Http/Response.php(34): Illuminate/Http/Response->setContent(Object(Illuminate/View/View))
#24 C:/xampp/htdocs/proyecto-main/vendor/laravel/framework/src/Illuminate/Routing/Router.php(939): Illuminate/Http/Response->__construct(Object(Illuminate/View/View), 200, Array)
#25 C:/xampp/htdocs/proyecto-main/vendor/laravel/framework/src/Illuminate/Routing/Router.php(906): Illuminate/Routing/Router::toResponse(Object(Illuminate/Http/Request), Object(Illuminate/View/View))
#26 C:/xampp/htdocs/proyecto-main/vendor/laravel/framework/src/Illuminate/Routing/Router.php(821): Illuminate/Routing/Router->prepareResponse(Object(Illuminate/Http/Request), Object(Illuminate/View/View))
#27 C:/xampp/htdocs/proyecto-main/vendor/laravel/framework/src/Illuminate/Pipeline/Pipeline.php(180): Illuminate/Routing/Router->Illuminate/Routing/{closure}(Object(Illuminate/Http/Request))
#28 C:/xampp/htdocs/proyecto-main/vendor/laravel/framework/src/Illuminate/Routing/Middleware/SubstituteBindings.php(50): Illuminate/Pipeline/Pipeline->Illuminate/Pipeline/{closure}(Object(Illuminate/Http/Request))
#29 C:/xampp/htdocs/proyecto-main/vendor/laravel/framework/src/Illuminate/Pipeline/Pipeline.php(219): Illuminate/Routing/Middleware/SubstituteBindings->handle(Object(Illuminate/Http/Request), Object(Closure))
#30 C:/xampp/htdocs/proyecto-main/vendor/laravel/framework/src/Illuminate/Auth/Middleware/Authenticate.php(63): Illuminate/Pipeline/Pipeline->Illuminate/Pipeline/{closure}(Object(Illuminate/Http/Request))
#31 C:/xampp/htdocs/proyecto-main/vendor/laravel/framework/src/Illuminate/Pipeline/Pipeline.php(219): Illuminate/Auth/Middleware/Authenticate->handle(Object(Illuminate/Http/Request), Object(Closure))
#32 C:/xampp/htdocs/proyecto-main/vendor/laravel/framework/src/Illuminate/Foundation/Http/Middleware/VerifyCsrfToken.php(87): Illuminate/Pipeline/Pipeline->Illuminate/Pipeline/{closure}(Object(Illuminate/Http/Request))
#33 C:/xampp/htdocs/proyecto-main/vendor/laravel/framework/src/Illuminate/Pipeline/Pipeline.php(219): Illuminate/Foundation/Http/Middleware/VerifyCsrfToken->handle(Object(Illuminate/Http/Request), Object(Closure))
#34 C:/xampp/htdocs/proyecto-main/vendor/laravel/framework/src/Illuminate/View/Middleware/ShareErrorsFromSession.php(48): Illuminate/Pipeline/Pipeline->Illuminate/Pipeline/{closure}(Object(Illuminate/Http/Request))
#35 C:/xampp/htdocs/proyecto-main/vendor/laravel/framework/src/Illuminate/Pipeline/Pipeline.php(219): Illuminate/View/Middleware/ShareErrorsFromSession->handle(Object(Illuminate/Http/Request), Object(Closure))
#36 C:/xampp/htdocs/proyecto-main/vendor/laravel/framework/src/Illuminate/Session/Middleware/StartSession.php(120): Illuminate/Pipeline/Pipeline->Illuminate/Pipeline/{closure}(Object(Illuminate/Http/Request))
#37 C:/xampp/htdocs/proyecto-main/vendor/laravel/framework/src/Illuminate/Session/Middleware/StartSession.php(63): Illuminate/Session/Middleware/StartSession->handleStatefulRequest(Object(Illuminate/Http/Request), Object(Illuminate/Session/Store), Object(Closure))
#38 C:/xampp/htdocs/proyecto-main/vendor/laravel/framework/src/Illuminate/Pipeline/Pipeline.php(219): Illuminate/Session/Middleware/StartSession->handle(Object(Illuminate/Http/Request), Object(Closure))
#39 C:/xampp/htdocs/proyecto-main/vendor/laravel/framework/src/Illuminate/Cookie/Middleware/AddQueuedCookiesToResponse.php(36): Illuminate/Pipeline/Pipeline->Illuminate/Pipeline/{closure}(Object(Illuminate/Http/Request))
#40 C:/xampp/htdocs/proyecto-main/vendor/laravel/framework/src/Illuminate/Pipeline/Pipeline.php(219): Illuminate/Cookie/Middleware/AddQueuedCookiesToResponse->handle(Object(Illuminate/Http/Request), Object(Closure))
#41 C:/xampp/htdocs/proyecto-main/vendor/laravel/framework/src/Illuminate/Cookie/Middleware/EncryptCookies.php(74): Illuminate/Pipeline/Pipeline->Illuminate/Pipeline/{closure}(Object(Illuminate/Http/Request))
#42 C:/xampp/htdocs/proyecto-main/vendor/laravel/framework/src/Illuminate/Pipeline/Pipeline.php(219): Illuminate/Cookie/Middleware/EncryptCookies->handle(Object(Illuminate/Http/Request), Object(Closure))
#43 C:/xampp/htdocs/proyecto-main/vendor/laravel/framework/src/Illuminate/Pipeline/Pipeline.php(137): Illuminate/Pipeline/Pipeline->Illuminate/Pipeline/{closure}(Object(Illuminate/Http/Request))
#44 C:/xampp/htdocs/proyecto-main/vendor/laravel/framework/src/Illuminate/Routing/Router.php(821): Illuminate/Pipeline/Pipeline->then(Object(Closure))
#45 C:/xampp/htdocs/proyecto-main/vendor/laravel/framework/src/Illuminate/Routing/Router.php(800): Illuminate/Routing/Router->runRouteWithinStack(Object(Illuminate/Routing/Route), Object(Illuminate/Http/Request))
#46 C:/xampp/htdocs/proyecto-main/vendor/laravel/framework/src/Illuminate/Routing/Router.php(764): Illuminate/Routing/Router->runRoute(Object(Illuminate/Http/Request), Object(Illuminate/Routing/Route))
#47 C:/xampp/htdocs/proyecto-main/vendor/laravel/framework/src/Illuminate/Routing/Router.php(753): Illuminate/Routing/Router->dispatchToRoute(Object(Illuminate/Http/Request))
#48 C:/xampp/htdocs/proyecto-main/vendor/laravel/framework/src/Illuminate/Foundation/Http/Kernel.php(200): Illuminate/Routing/Router->dispatch(Object(Illuminate/Http/Request))
#49 C:/xampp/htdocs/proyecto-main/vendor/laravel/framework/src/Illuminate/Pipeline/Pipeline.php(180): Illuminate/Foundation/Http/Kernel->Illuminate/Foundation/Http/{closure}(Object(Illuminate/Http/Request))
#50 C:/xampp/htdocs/proyecto-main/vendor/laravel/framework/src/Illuminate/Foundation/Http/Middleware/TransformsRequest.php(21): Illuminate/Pipeline/Pipeline->Illuminate/Pipeline/{closure}(Object(Illuminate/Http/Request))
#51 C:/xampp/htdocs/proyecto-main/vendor/laravel/framework/src/Illuminate/Foundation/Http/Middleware/ConvertEmptyStringsToNull.php(31): Illuminate/Foundation/Http/Middleware/TransformsRequest->handle(Object(Illuminate/Http/Request), Object(Closure))
#52 C:/xampp/htdocs/proyecto-main/vendor/laravel/framework/src/Illuminate/Pipeline/Pipeline.php(219): Illuminate/Foundation/Http/Middleware/ConvertEmptyStringsToNull->handle(Object(Illuminate/Http/Request), Object(Closure))
#53 C:/xampp/htdocs/proyecto-main/vendor/laravel/framework/src/Illuminate/Foundation/Http/Middleware/TransformsRequest.php(21): Illuminate/Pipeline/Pipeline->Illuminate/Pipeline/{closure}(Object(Illuminate/Http/Request))
#54 C:/xampp/htdocs/proyecto-main/vendor/laravel/framework/src/Illuminate/Foundation/Http/Middleware/TrimStrings.php(51): Illuminate/Foundation/Http/Middleware/TransformsRequest->handle(Object(Illuminate/Http/Request), Object(Closure))
#55 C:/xampp/htdocs/proyecto-main/vendor/laravel/framework/src/Illuminate/Pipeline/Pipeline.php(219): Illuminate/Foundation/Http/Middleware/TrimStrings->handle(Object(Illuminate/Http/Request), Object(Closure))
#56 C:/xampp/htdocs/proyecto-main/vendor/laravel/framework/src/Illuminate/Http/Middleware/ValidatePostSize.php(27): Illuminate/Pipeline/Pipeline->Illuminate/Pipeline/{closure}(Object(Illuminate/Http/Request))
#57 C:/xampp/htdocs/proyecto-main/vendor/laravel/framework/src/Illuminate/Pipeline/Pipeline.php(219): Illuminate/Http/Middleware/ValidatePostSize->handle(Object(Illuminate/Http/Request), Object(Closure))
#58 C:/xampp/htdocs/proyecto-main/vendor/laravel/framework/src/Illuminate/Foundation/Http/Middleware/PreventRequestsDuringMaintenance.php(109): Illuminate/Pipeline/Pipeline->Illuminate/Pipeline/{closure}(Object(Illuminate/Http/Request))
#59 C:/xampp/htdocs/proyecto-main/vendor/laravel/framework/src/Illuminate/Pipeline/Pipeline.php(219): Illuminate/Foundation/Http/Middleware/PreventRequestsDuringMaintenance->handle(Object(Illuminate/Http/Request), Object(Closure))
#60 C:/xampp/htdocs/proyecto-main/vendor/laravel/framework/src/Illuminate/Http/Middleware/HandleCors.php(61): Illuminate/Pipeline/Pipeline->Illuminate/Pipeline/{closure}(Object(Illuminate/Http/Request))
#61 C:/xampp/htdocs/proyecto-main/vendor/laravel/framework/src/Illuminate/Pipeline/Pipeline.php(219): Illuminate/Http/Middleware/HandleCors->handle(Object(Illuminate/Http/Request), Object(Closure))
#62 C:/xampp/htdocs/proyecto-main/vendor/laravel/framework/src/Illuminate/Http/Middleware/TrustProxies.php(58): Illuminate/Pipeline/Pipeline->Illuminate/Pipeline/{closure}(Object(Illuminate/Http/Request))
#63 C:/xampp/htdocs/proyecto-main/vendor/laravel/framework/src/Illuminate/Pipeline/Pipeline.php(219): Illuminate/Http/Middleware/TrustProxies->handle(Object(Illuminate/Http/Request), Object(Closure))
#64 C:/xampp/htdocs/proyecto-main/vendor/laravel/framework/src/Illuminate/Foundation/Http/Middleware/InvokeDeferredCallbacks.php(22): Illuminate/Pipeline/Pipeline->Illuminate/Pipeline/{closure}(Object(Illuminate/Http/Request))
#65 C:/xampp/htdocs/proyecto-main/vendor/laravel/framework/src/Illuminate/Pipeline/Pipeline.php(219): Illuminate/Foundation/Http/Middleware/InvokeDeferredCallbacks->handle(Object(Illuminate/Http/Request), Object(Closure))
#66 C:/xampp/htdocs/proyecto-main/vendor/laravel/framework/src/Illuminate/Http/Middleware/ValidatePathEncoding.php(26): Illuminate/Pipeline/Pipeline->Illuminate/Pipeline/{closure}(Object(Illuminate/Http/Request))
#67 C:/xampp/htdocs/proyecto-main/vendor/laravel/framework/src/Illuminate/Pipeline/Pipeline.php(219): Illuminate/Http/Middleware/ValidatePathEncoding->handle(Object(Illuminate/Http/Request), Object(Closure))
#68 C:/xampp/htdocs/proyecto-main/vendor/laravel/framework/src/Illuminate/Pipeline/Pipeline.php(137): Illuminate/Pipeline/Pipeline->Illuminate/Pipeline/{closure}(Object(Illuminate/Http/Request))
#69 C:/xampp/htdocs/proyecto-main/vendor/laravel/framework/src/Illuminate/Foundation/Http/Kernel.php(175): Illuminate/Pipeline/Pipeline->then(Object(Closure))
#70 C:/xampp/htdocs/proyecto-main/vendor/laravel/framework/src/Illuminate/Foundation/Http/Kernel.php(144): Illuminate/Foundation/Http/Kernel->sendRequestThroughRouter(Object(Illuminate/Http/Request))
#71 C:/xampp/htdocs/proyecto-main/vendor/laravel/framework/src/Illuminate/Foundation/Application.php(1220): Illuminate/Foundation/Http/Kernel->handle(Object(Illuminate/Http/Request))
#72 C:/xampp/htdocs/proyecto-main/public/index.php(20): Illuminate/Foundation/Application->handleRequest(Object(Illuminate/Http/Request))
#73 C:/xampp/htdocs/proyecto-main/vendor/laravel/framework/src/Illuminate/Foundation/resources/server.php(23): require_once('C://xampp//htdocs...')
#74 {main}
"} 
[2026-06-02 18:29:55] local.ERROR: Route [inventary.index] not defined. (View: C:\xampp\htdocs\proyecto-main\resources\views\layouts\navbar.blade.php) (View: C:\xampp\htdocs\proyecto-main\resources\views\layouts\navbar.blade.php) (View: C:\xampp\htdocs\proyecto-main\resources\views\layouts\navbar.blade.php) {"userId":1,"exception":"[object] (Illuminate\\View\\ViewException(code: 0): Route [inventary.index] not defined. (View: C:\\xampp\\htdocs\\proyecto-main\\resources\\views\\layouts\\navbar.blade.php) (View: C:\\xampp\\htdocs\\proyecto-main\\resources\\views\\layouts\\navbar.blade.php) (View: C:\\xampp\\htdocs\\proyecto-main\\resources\\views\\layouts\\navbar.blade.php) at C:/xampp/htdocs/proyecto-main/vendor/laravel/framework/src/Illuminate/Routing/UrlGenerator.php:534)
[stacktrace]
#0 C:/xampp/htdocs/proyecto-main/vendor/laravel/framework/src/Illuminate/View/Engines/PhpEngine.php(59): Illuminate/View/Engines/CompilerEngine->handleViewException(Object(Illuminate/View/ViewException), 1)
#1 C:/xampp/htdocs/proyecto-main/vendor/laravel/framework/src/Illuminate/View/Engines/CompilerEngine.php(76): Illuminate/View/Engines/PhpEngine->evaluatePath('C://xampp//htdocs...', Array)
#2 C:/xampp/htdocs/proyecto-main/vendor/laravel/framework/src/Illuminate/View/View.php(208): Illuminate/View/Engines/CompilerEngine->get('C://xampp//htdocs...', Array)
#3 C:/xampp/htdocs/proyecto-main/vendor/laravel/framework/src/Illuminate/View/View.php(191): Illuminate/View/View->getContents()
#4 C:/xampp/htdocs/proyecto-main/vendor/laravel/framework/src/Illuminate/View/View.php(160): Illuminate/View/View->renderContents()
#5 C:/xampp/htdocs/proyecto-main/vendor/laravel/framework/src/Illuminate/Http/Response.php(78): Illuminate/View/View->render()
#6 C:/xampp/htdocs/proyecto-main/vendor/laravel/framework/src/Illuminate/Http/Response.php(34): Illuminate/Http/Response->setContent(Object(Illuminate/View/View))
#7 C:/xampp/htdocs/proyecto-main/vendor/laravel/framework/src/Illuminate/Routing/Router.php(939): Illuminate/Http/Response->__construct(Object(Illuminate/View/View), 200, Array)
#8 C:/xampp/htdocs/proyecto-main/vendor/laravel/framework/src/Illuminate/Routing/Router.php(906): Illuminate/Routing/Router::toResponse(Object(Illuminate/Http/Request), Object(Illuminate/View/View))
#9 C:/xampp/htdocs/proyecto-main/vendor/laravel/framework/src/Illuminate/Routing/Router.php(821): Illuminate/Routing/Router->prepareResponse(Object(Illuminate/Http/Request), Object(Illuminate/View/View))
#10 C:/xampp/htdocs/proyecto-main/vendor/laravel/framework/src/Illuminate/Pipeline/Pipeline.php(180): Illuminate/Routing/Router->Illuminate/Routing/{closure}(Object(Illuminate/Http/Request))
#11 C:/xampp/htdocs/proyecto-main/vendor/laravel/framework/src/Illuminate/Routing/Middleware/SubstituteBindings.php(50): Illuminate/Pipeline/Pipeline->Illuminate/Pipeline/{closure}(Object(Illuminate/Http/Request))
#12 C:/xampp/htdocs/proyecto-main/vendor/laravel/framework/src/Illuminate/Pipeline/Pipeline.php(219): Illuminate/Routing/Middleware/SubstituteBindings->handle(Object(Illuminate/Http/Request), Object(Closure))
#13 C:/xampp/htdocs/proyecto-main/vendor/laravel/framework/src/Illuminate/Auth/Middleware/Authenticate.php(63): Illuminate/Pipeline/Pipeline->Illuminate/Pipeline/{closure}(Object(Illuminate/Http/Request))
#14 C:/xampp/htdocs/proyecto-main/vendor/laravel/framework/src/Illuminate/Pipeline/Pipeline.php(219): Illuminate/Auth/Middleware/Authenticate->handle(Object(Illuminate/Http/Request), Object(Closure))
#15 C:/xampp/htdocs/proyecto-main/vendor/laravel/framework/src/Illuminate/Foundation/Http/Middleware/VerifyCsrfToken.php(87): Illuminate/Pipeline/Pipeline->Illuminate/Pipeline/{closure}(Object(Illuminate/Http/Request))
#16 C:/xampp/htdocs/proyecto-main/vendor/laravel/framework/src/Illuminate/Pipeline/Pipeline.php(219): Illuminate/Foundation/Http/Middleware/VerifyCsrfToken->handle(Object(Illuminate/Http/Request), Object(Closure))
#17 C:/xampp/htdocs/proyecto-main/vendor/laravel/framework/src/Illuminate/View/Middleware/ShareErrorsFromSession.php(48): Illuminate/Pipeline/Pipeline->Illuminate/Pipeline/{closure}(Object(Illuminate/Http/Request))
#18 C:/xampp/htdocs/proyecto-main/vendor/laravel/framework/src/Illuminate/Pipeline/Pipeline.php(219): Illuminate/View/Middleware/ShareErrorsFromSession->handle(Object(Illuminate/Http/Request), Object(Closure))
#19 C:/xampp/htdocs/proyecto-main/vendor/laravel/framework/src/Illuminate/Session/Middleware/StartSession.php(120): Illuminate/Pipeline/Pipeline->Illuminate/Pipeline/{closure}(Object(Illuminate/Http/Request))
#20 C:/xampp/htdocs/proyecto-main/vendor/laravel/framework/src/Illuminate/Session/Middleware/StartSession.php(63): Illuminate/Session/Middleware/StartSession->handleStatefulRequest(Object(Illuminate/Http/Request), Object(Illuminate/Session/Store), Object(Closure))
#21 C:/xampp/htdocs/proyecto-main/vendor/laravel/framework/src/Illuminate/Pipeline/Pipeline.php(219): Illuminate/Session/Middleware/StartSession->handle(Object(Illuminate/Http/Request), Object(Closure))
#22 C:/xampp/htdocs/proyecto-main/vendor/laravel/framework/src/Illuminate/Cookie/Middleware/AddQueuedCookiesToResponse.php(36): Illuminate/Pipeline/Pipeline->Illuminate/Pipeline/{closure}(Object(Illuminate/Http/Request))
#23 C:/xampp/htdocs/proyecto-main/vendor/laravel/framework/src/Illuminate/Pipeline/Pipeline.php(219): Illuminate/Cookie/Middleware/AddQueuedCookiesToResponse->handle(Object(Illuminate/Http/Request), Object(Closure))
#24 C:/xampp/htdocs/proyecto-main/vendor/laravel/framework/src/Illuminate/Cookie/Middleware/EncryptCookies.php(74): Illuminate/Pipeline/Pipeline->Illuminate/Pipeline/{closure}(Object(Illuminate/Http/Request))
#25 C:/xampp/htdocs/proyecto-main/vendor/laravel/framework/src/Illuminate/Pipeline/Pipeline.php(219): Illuminate/Cookie/Middleware/EncryptCookies->handle(Object(Illuminate/Http/Request), Object(Closure))
#26 C:/xampp/htdocs/proyecto-main/vendor/laravel/framework/src/Illuminate/Pipeline/Pipeline.php(137): Illuminate/Pipeline/Pipeline->Illuminate/Pipeline/{closure}(Object(Illuminate/Http/Request))
#27 C:/xampp/htdocs/proyecto-main/vendor/laravel/framework/src/Illuminate/Routing/Router.php(821): Illuminate/Pipeline/Pipeline->then(Object(Closure))
#28 C:/xampp/htdocs/proyecto-main/vendor/laravel/framework/src/Illuminate/Routing/Router.php(800): Illuminate/Routing/Router->runRouteWithinStack(Object(Illuminate/Routing/Route), Object(Illuminate/Http/Request))
#29 C:/xampp/htdocs/proyecto-main/vendor/laravel/framework/src/Illuminate/Routing/Router.php(764): Illuminate/Routing/Router->runRoute(Object(Illuminate/Http/Request), Object(Illuminate/Routing/Route))
#30 C:/xampp/htdocs/proyecto-main/vendor/laravel/framework/src/Illuminate/Routing/Router.php(753): Illuminate/Routing/Router->dispatchToRoute(Object(Illuminate/Http/Request))
#31 C:/xampp/htdocs/proyecto-main/vendor/laravel/framework/src/Illuminate/Foundation/Http/Kernel.php(200): Illuminate/Routing/Router->dispatch(Object(Illuminate/Http/Request))
#32 C:/xampp/htdocs/proyecto-main/vendor/laravel/framework/src/Illuminate/Pipeline/Pipeline.php(180): Illuminate/Foundation/Http/Kernel->Illuminate/Foundation/Http/{closure}(Object(Illuminate/Http/Request))
#33 C:/xampp/htdocs/proyecto-main/vendor/laravel/framework/src/Illuminate/Foundation/Http/Middleware/TransformsRequest.php(21): Illuminate/Pipeline/Pipeline->Illuminate/Pipeline/{closure}(Object(Illuminate/Http/Request))
#34 C:/xampp/htdocs/proyecto-main/vendor/laravel/framework/src/Illuminate/Foundation/Http/Middleware/ConvertEmptyStringsToNull.php(31): Illuminate/Foundation/Http/Middleware/TransformsRequest->handle(Object(Illuminate/Http/Request), Object(Closure))
#35 C:/xampp/htdocs/proyecto-main/vendor/laravel/framework/src/Illuminate/Pipeline/Pipeline.php(219): Illuminate/Foundation/Http/Middleware/ConvertEmptyStringsToNull->handle(Object(Illuminate/Http/Request), Object(Closure))
#36 C:/xampp/htdocs/proyecto-main/vendor/laravel/framework/src/Illuminate/Foundation/Http/Middleware/TransformsRequest.php(21): Illuminate/Pipeline/Pipeline->Illuminate/Pipeline/{closure}(Object(Illuminate/Http/Request))
#37 C:/xampp/htdocs/proyecto-main/vendor/laravel/framework/src/Illuminate/Foundation/Http/Middleware/TrimStrings.php(51): Illuminate/Foundation/Http/Middleware/TransformsRequest->handle(Object(Illuminate/Http/Request), Object(Closure))
#38 C:/xampp/htdocs/proyecto-main/vendor/laravel/framework/src/Illuminate/Pipeline/Pipeline.php(219): Illuminate/Foundation/Http/Middleware/TrimStrings->handle(Object(Illuminate/Http/Request), Object(Closure))
#39 C:/xampp/htdocs/proyecto-main/vendor/laravel/framework/src/Illuminate/Http/Middleware/ValidatePostSize.php(27): Illuminate/Pipeline/Pipeline->Illuminate/Pipeline/{closure}(Object(Illuminate/Http/Request))
#40 C:/xampp/htdocs/proyecto-main/vendor/laravel/framework/src/Illuminate/Pipeline/Pipeline.php(219): Illuminate/Http/Middleware/ValidatePostSize->handle(Object(Illuminate/Http/Request), Object(Closure))
#41 C:/xampp/htdocs/proyecto-main/vendor/laravel/framework/src/Illuminate/Foundation/Http/Middleware/PreventRequestsDuringMaintenance.php(109): Illuminate/Pipeline/Pipeline->Illuminate/Pipeline/{closure}(Object(Illuminate/Http/Request))
#42 C:/xampp/htdocs/proyecto-main/vendor/laravel/framework/src/Illuminate/Pipeline/Pipeline.php(219): Illuminate/Foundation/Http/Middleware/PreventRequestsDuringMaintenance->handle(Object(Illuminate/Http/Request), Object(Closure))
#43 C:/xampp/htdocs/proyecto-main/vendor/laravel/framework/src/Illuminate/Http/Middleware/HandleCors.php(61): Illuminate/Pipeline/Pipeline->Illuminate/Pipeline/{closure}(Object(Illuminate/Http/Request))
#44 C:/xampp/htdocs/proyecto-main/vendor/laravel/framework/src/Illuminate/Pipeline/Pipeline.php(219): Illuminate/Http/Middleware/HandleCors->handle(Object(Illuminate/Http/Request), Object(Closure))
#45 C:/xampp/htdocs/proyecto-main/vendor/laravel/framework/src/Illuminate/Http/Middleware/TrustProxies.php(58): Illuminate/Pipeline/Pipeline->Illuminate/Pipeline/{closure}(Object(Illuminate/Http/Request))
#46 C:/xampp/htdocs/proyecto-main/vendor/laravel/framework/src/Illuminate/Pipeline/Pipeline.php(219): Illuminate/Http/Middleware/TrustProxies->handle(Object(Illuminate/Http/Request), Object(Closure))
#47 C:/xampp/htdocs/proyecto-main/vendor/laravel/framework/src/Illuminate/Foundation/Http/Middleware/InvokeDeferredCallbacks.php(22): Illuminate/Pipeline/Pipeline->Illuminate/Pipeline/{closure}(Object(Illuminate/Http/Request))
#48 C:/xampp/htdocs/proyecto-main/vendor/laravel/framework/src/Illuminate/Pipeline/Pipeline.php(219): Illuminate/Foundation/Http/Middleware/InvokeDeferredCallbacks->handle(Object(Illuminate/Http/Request), Object(Closure))
#49 C:/xampp/htdocs/proyecto-main/vendor/laravel/framework/src/Illuminate/Http/Middleware/ValidatePathEncoding.php(26): Illuminate/Pipeline/Pipeline->Illuminate/Pipeline/{closure}(Object(Illuminate/Http/Request))
#50 C:/xampp/htdocs/proyecto-main/vendor/laravel/framework/src/Illuminate/Pipeline/Pipeline.php(219): Illuminate/Http/Middleware/ValidatePathEncoding->handle(Object(Illuminate/Http/Request), Object(Closure))
#51 C:/xampp/htdocs/proyecto-main/vendor/laravel/framework/src/Illuminate/Pipeline/Pipeline.php(137): Illuminate/Pipeline/Pipeline->Illuminate/Pipeline/{closure}(Object(Illuminate/Http/Request))
#52 C:/xampp/htdocs/proyecto-main/vendor/laravel/framework/src/Illuminate/Foundation/Http/Kernel.php(175): Illuminate/Pipeline/Pipeline->then(Object(Closure))
#53 C:/xampp/htdocs/proyecto-main/vendor/laravel/framework/src/Illuminate/Foundation/Http/Kernel.php(144): Illuminate/Foundation/Http/Kernel->sendRequestThroughRouter(Object(Illuminate/Http/Request))
#54 C:/xampp/htdocs/proyecto-main/vendor/laravel/framework/src/Illuminate/Foundation/Application.php(1220): Illuminate/Foundation/Http/Kernel->handle(Object(Illuminate/Http/Request))
#55 C:/xampp/htdocs/proyecto-main/public/index.php(20): Illuminate/Foundation/Application->handleRequest(Object(Illuminate/Http/Request))
#56 C:/xampp/htdocs/proyecto-main/vendor/laravel/framework/src/Illuminate/Foundation/resources/server.php(23): require_once('C://xampp//htdocs...')
#57 {main}

[previous exception] [object] (Illuminate\\View\\ViewException(code: 0): Route [inventary.index] not defined. (View: C:\\xampp\\htdocs\\proyecto-main\\resources\\views\\layouts\\navbar.blade.php) (View: C:\\xampp\\htdocs\\proyecto-main\\resources\\views\\layouts\\navbar.blade.php) at C:/xampp/htdocs/proyecto-main/vendor/laravel/framework/src/Illuminate/Routing/UrlGenerator.php:534)
[stacktrace]
#0 C:/xampp/htdocs/proyecto-main/vendor/laravel/framework/src/Illuminate/View/Engines/PhpEngine.php(59): Illuminate/View/Engines/CompilerEngine->handleViewException(Object(Illuminate/View/ViewException), 2)
#1 C:/xampp/htdocs/proyecto-main/vendor/laravel/framework/src/Illuminate/View/Engines/CompilerEngine.php(76): Illuminate/View/Engines/PhpEngine->evaluatePath('C://xampp//htdocs...', Array)
#2 C:/xampp/htdocs/proyecto-main/vendor/laravel/framework/src/Illuminate/View/View.php(208): Illuminate/View/Engines/CompilerEngine->get('C://xampp//htdocs...', Array)
#3 C:/xampp/htdocs/proyecto-main/vendor/laravel/framework/src/Illuminate/View/View.php(191): Illuminate/View/View->getContents()
#4 C:/xampp/htdocs/proyecto-main/vendor/laravel/framework/src/Illuminate/View/View.php(160): Illuminate/View/View->renderContents()
#5 C:/xampp/htdocs/proyecto-main/storage/framework/views/415a920b8548f18c9e04a32a889b8003.php(23): Illuminate/View/View->render()
#6 C:/xampp/htdocs/proyecto-main/vendor/laravel/framework/src/Illuminate/Filesystem/Filesystem.php(123): require('C://xampp//htdocs...')
#7 C:/xampp/htdocs/proyecto-main/vendor/laravel/framework/src/Illuminate/Filesystem/Filesystem.php(124): Illuminate/Filesystem/Filesystem::Illuminate/Filesystem/{closure}()
#8 C:/xampp/htdocs/proyecto-main/vendor/laravel/framework/src/Illuminate/View/Engines/PhpEngine.php(57): Illuminate/Filesystem/Filesystem->getRequire('C://xampp//htdocs...', Array)
#9 C:/xampp/htdocs/proyecto-main/vendor/laravel/framework/src/Illuminate/View/Engines/CompilerEngine.php(76): Illuminate/View/Engines/PhpEngine->evaluatePath('C://xampp//htdocs...', Array)
#10 C:/xampp/htdocs/proyecto-main/vendor/laravel/framework/src/Illuminate/View/View.php(208): Illuminate/View/Engines/CompilerEngine->get('C://xampp//htdocs...', Array)
#11 C:/xampp/htdocs/proyecto-main/vendor/laravel/framework/src/Illuminate/View/View.php(191): Illuminate/View/View->getContents()
#12 C:/xampp/htdocs/proyecto-main/vendor/laravel/framework/src/Illuminate/View/View.php(160): Illuminate/View/View->renderContents()
#13 C:/xampp/htdocs/proyecto-main/vendor/laravel/framework/src/Illuminate/Http/Response.php(78): Illuminate/View/View->render()
#14 C:/xampp/htdocs/proyecto-main/vendor/laravel/framework/src/Illuminate/Http/Response.php(34): Illuminate/Http/Response->setContent(Object(Illuminate/View/View))
#15 C:/xampp/htdocs/proyecto-main/vendor/laravel/framework/src/Illuminate/Routing/Router.php(939): Illuminate/Http/Response->__construct(Object(Illuminate/View/View), 200, Array)
#16 C:/xampp/htdocs/proyecto-main/vendor/laravel/framework/src/Illuminate/Routing/Router.php(906): Illuminate/Routing/Router::toResponse(Object(Illuminate/Http/Request), Object(Illuminate/View/View))
#17 C:/xampp/htdocs/proyecto-main/vendor/laravel/framework/src/Illuminate/Routing/Router.php(821): Illuminate/Routing/Router->prepareResponse(Object(Illuminate/Http/Request), Object(Illuminate/View/View))
#18 C:/xampp/htdocs/proyecto-main/vendor/laravel/framework/src/Illuminate/Pipeline/Pipeline.php(180): Illuminate/Routing/Router->Illuminate/Routing/{closure}(Object(Illuminate/Http/Request))
#19 C:/xampp/htdocs/proyecto-main/vendor/laravel/framework/src/Illuminate/Routing/Middleware/SubstituteBindings.php(50): Illuminate/Pipeline/Pipeline->Illuminate/Pipeline/{closure}(Object(Illuminate/Http/Request))
#20 C:/xampp/htdocs/proyecto-main/vendor/laravel/framework/src/Illuminate/Pipeline/Pipeline.php(219): Illuminate/Routing/Middleware/SubstituteBindings->handle(Object(Illuminate/Http/Request), Object(Closure))
#21 C:/xampp/htdocs/proyecto-main/vendor/laravel/framework/src/Illuminate/Auth/Middleware/Authenticate.php(63): Illuminate/Pipeline/Pipeline->Illuminate/Pipeline/{closure}(Object(Illuminate/Http/Request))
#22 C:/xampp/htdocs/proyecto-main/vendor/laravel/framework/src/Illuminate/Pipeline/Pipeline.php(219): Illuminate/Auth/Middleware/Authenticate->handle(Object(Illuminate/Http/Request), Object(Closure))
#23 C:/xampp/htdocs/proyecto-main/vendor/laravel/framework/src/Illuminate/Foundation/Http/Middleware/VerifyCsrfToken.php(87): Illuminate/Pipeline/Pipeline->Illuminate/Pipeline/{closure}(Object(Illuminate/Http/Request))
#24 C:/xampp/htdocs/proyecto-main/vendor/laravel/framework/src/Illuminate/Pipeline/Pipeline.php(219): Illuminate/Foundation/Http/Middleware/VerifyCsrfToken->handle(Object(Illuminate/Http/Request), Object(Closure))
#25 C:/xampp/htdocs/proyecto-main/vendor/laravel/framework/src/Illuminate/View/Middleware/ShareErrorsFromSession.php(48): Illuminate/Pipeline/Pipeline->Illuminate/Pipeline/{closure}(Object(Illuminate/Http/Request))
#26 C:/xampp/htdocs/proyecto-main/vendor/laravel/framework/src/Illuminate/Pipeline/Pipeline.php(219): Illuminate/View/Middleware/ShareErrorsFromSession->handle(Object(Illuminate/Http/Request), Object(Closure))
#27 C:/xampp/htdocs/proyecto-main/vendor/laravel/framework/src/Illuminate/Session/Middleware/StartSession.php(120): Illuminate/Pipeline/Pipeline->Illuminate/Pipeline/{closure}(Object(Illuminate/Http/Request))
#28 C:/xampp/htdocs/proyecto-main/vendor/laravel/framework/src/Illuminate/Session/Middleware/StartSession.php(63): Illuminate/Session/Middleware/StartSession->handleStatefulRequest(Object(Illuminate/Http/Request), Object(Illuminate/Session/Store), Object(Closure))
#29 C:/xampp/htdocs/proyecto-main/vendor/laravel/framework/src/Illuminate/Pipeline/Pipeline.php(219): Illuminate/Session/Middleware/StartSession->handle(Object(Illuminate/Http/Request), Object(Closure))
#30 C:/xampp/htdocs/proyecto-main/vendor/laravel/framework/src/Illuminate/Cookie/Middleware/AddQueuedCookiesToResponse.php(36): Illuminate/Pipeline/Pipeline->Illuminate/Pipeline/{closure}(Object(Illuminate/Http/Request))
#31 C:/xampp/htdocs/proyecto-main/vendor/laravel/framework/src/Illuminate/Pipeline/Pipeline.php(219): Illuminate/Cookie/Middleware/AddQueuedCookiesToResponse->handle(Object(Illuminate/Http/Request), Object(Closure))
#32 C:/xampp/htdocs/proyecto-main/vendor/laravel/framework/src/Illuminate/Cookie/Middleware/EncryptCookies.php(74): Illuminate/Pipeline/Pipeline->Illuminate/Pipeline/{closure}(Object(Illuminate/Http/Request))
#33 C:/xampp/htdocs/proyecto-main/vendor/laravel/framework/src/Illuminate/Pipeline/Pipeline.php(219): Illuminate/Cookie/Middleware/EncryptCookies->handle(Object(Illuminate/Http/Request), Object(Closure))
#34 C:/xampp/htdocs/proyecto-main/vendor/laravel/framework/src/Illuminate/Pipeline/Pipeline.php(137): Illuminate/Pipeline/Pipeline->Illuminate/Pipeline/{closure}(Object(Illuminate/Http/Request))
#35 C:/xampp/htdocs/proyecto-main/vendor/laravel/framework/src/Illuminate/Routing/Router.php(821): Illuminate/Pipeline/Pipeline->then(Object(Closure))
#36 C:/xampp/htdocs/proyecto-main/vendor/laravel/framework/src/Illuminate/Routing/Router.php(800): Illuminate/Routing/Router->runRouteWithinStack(Object(Illuminate/Routing/Route), Object(Illuminate/Http/Request))
#37 C:/xampp/htdocs/proyecto-main/vendor/laravel/framework/src/Illuminate/Routing/Router.php(764): Illuminate/Routing/Router->runRoute(Object(Illuminate/Http/Request), Object(Illuminate/Routing/Route))
#38 C:/xampp/htdocs/proyecto-main/vendor/laravel/framework/src/Illuminate/Routing/Router.php(753): Illuminate/Routing/Router->dispatchToRoute(Object(Illuminate/Http/Request))
#39 C:/xampp/htdocs/proyecto-main/vendor/laravel/framework/src/Illuminate/Foundation/Http/Kernel.php(200): Illuminate/Routing/Router->dispatch(Object(Illuminate/Http/Request))
#40 C:/xampp/htdocs/proyecto-main/vendor/laravel/framework/src/Illuminate/Pipeline/Pipeline.php(180): Illuminate/Foundation/Http/Kernel->Illuminate/Foundation/Http/{closure}(Object(Illuminate/Http/Request))
#41 C:/xampp/htdocs/proyecto-main/vendor/laravel/framework/src/Illuminate/Foundation/Http/Middleware/TransformsRequest.php(21): Illuminate/Pipeline/Pipeline->Illuminate/Pipeline/{closure}(Object(Illuminate/Http/Request))
#42 C:/xampp/htdocs/proyecto-main/vendor/laravel/framework/src/Illuminate/Foundation/Http/Middleware/ConvertEmptyStringsToNull.php(31): Illuminate/Foundation/Http/Middleware/TransformsRequest->handle(Object(Illuminate/Http/Request), Object(Closure))
#43 C:/xampp/htdocs/proyecto-main/vendor/laravel/framework/src/Illuminate/Pipeline/Pipeline.php(219): Illuminate/Foundation/Http/Middleware/ConvertEmptyStringsToNull->handle(Object(Illuminate/Http/Request), Object(Closure))
#44 C:/xampp/htdocs/proyecto-main/vendor/laravel/framework/src/Illuminate/Foundation/Http/Middleware/TransformsRequest.php(21): Illuminate/Pipeline/Pipeline->Illuminate/Pipeline/{closure}(Object(Illuminate/Http/Request))
#45 C:/xampp/htdocs/proyecto-main/vendor/laravel/framework/src/Illuminate/Foundation/Http/Middleware/TrimStrings.php(51): Illuminate/Foundation/Http/Middleware/TransformsRequest->handle(Object(Illuminate/Http/Request), Object(Closure))
#46 C:/xampp/htdocs/proyecto-main/vendor/laravel/framework/src/Illuminate/Pipeline/Pipeline.php(219): Illuminate/Foundation/Http/Middleware/TrimStrings->handle(Object(Illuminate/Http/Request), Object(Closure))
#47 C:/xampp/htdocs/proyecto-main/vendor/laravel/framework/src/Illuminate/Http/Middleware/ValidatePostSize.php(27): Illuminate/Pipeline/Pipeline->Illuminate/Pipeline/{closure}(Object(Illuminate/Http/Request))
#48 C:/xampp/htdocs/proyecto-main/vendor/laravel/framework/src/Illuminate/Pipeline/Pipeline.php(219): Illuminate/Http/Middleware/ValidatePostSize->handle(Object(Illuminate/Http/Request), Object(Closure))
#49 C:/xampp/htdocs/proyecto-main/vendor/laravel/framework/src/Illuminate/Foundation/Http/Middleware/PreventRequestsDuringMaintenance.php(109): Illuminate/Pipeline/Pipeline->Illuminate/Pipeline/{closure}(Object(Illuminate/Http/Request))
#50 C:/xampp/htdocs/proyecto-main/vendor/laravel/framework/src/Illuminate/Pipeline/Pipeline.php(219): Illuminate/Foundation/Http/Middleware/PreventRequestsDuringMaintenance->handle(Object(Illuminate/Http/Request), Object(Closure))
#51 C:/xampp/htdocs/proyecto-main/vendor/laravel/framework/src/Illuminate/Http/Middleware/HandleCors.php(61): Illuminate/Pipeline/Pipeline->Illuminate/Pipeline/{closure}(Object(Illuminate/Http/Request))
#52 C:/xampp/htdocs/proyecto-main/vendor/laravel/framework/src/Illuminate/Pipeline/Pipeline.php(219): Illuminate/Http/Middleware/HandleCors->handle(Object(Illuminate/Http/Request), Object(Closure))
#53 C:/xampp/htdocs/proyecto-main/vendor/laravel/framework/src/Illuminate/Http/Middleware/TrustProxies.php(58): Illuminate/Pipeline/Pipeline->Illuminate/Pipeline/{closure}(Object(Illuminate/Http/Request))
#54 C:/xampp/htdocs/proyecto-main/vendor/laravel/framework/src/Illuminate/Pipeline/Pipeline.php(219): Illuminate/Http/Middleware/TrustProxies->handle(Object(Illuminate/Http/Request), Object(Closure))
#55 C:/xampp/htdocs/proyecto-main/vendor/laravel/framework/src/Illuminate/Foundation/Http/Middleware/InvokeDeferredCallbacks.php(22): Illuminate/Pipeline/Pipeline->Illuminate/Pipeline/{closure}(Object(Illuminate/Http/Request))
#56 C:/xampp/htdocs/proyecto-main/vendor/laravel/framework/src/Illuminate/Pipeline/Pipeline.php(219): Illuminate/Foundation/Http/Middleware/InvokeDeferredCallbacks->handle(Object(Illuminate/Http/Request), Object(Closure))
#57 C:/xampp/htdocs/proyecto-main/vendor/laravel/framework/src/Illuminate/Http/Middleware/ValidatePathEncoding.php(26): Illuminate/Pipeline/Pipeline->Illuminate/Pipeline/{closure}(Object(Illuminate/Http/Request))
#58 C:/xampp/htdocs/proyecto-main/vendor/laravel/framework/src/Illuminate/Pipeline/Pipeline.php(219): Illuminate/Http/Middleware/ValidatePathEncoding->handle(Object(Illuminate/Http/Request), Object(Closure))
#59 C:/xampp/htdocs/proyecto-main/vendor/laravel/framework/src/Illuminate/Pipeline/Pipeline.php(137): Illuminate/Pipeline/Pipeline->Illuminate/Pipeline/{closure}(Object(Illuminate/Http/Request))
#60 C:/xampp/htdocs/proyecto-main/vendor/laravel/framework/src/Illuminate/Foundation/Http/Kernel.php(175): Illuminate/Pipeline/Pipeline->then(Object(Closure))
#61 C:/xampp/htdocs/proyecto-main/vendor/laravel/framework/src/Illuminate/Foundation/Http/Kernel.php(144): Illuminate/Foundation/Http/Kernel->sendRequestThroughRouter(Object(Illuminate/Http/Request))
#62 C:/xampp/htdocs/proyecto-main/vendor/laravel/framework/src/Illuminate/Foundation/Application.php(1220): Illuminate/Foundation/Http/Kernel->handle(Object(Illuminate/Http/Request))
#63 C:/xampp/htdocs/proyecto-main/public/index.php(20): Illuminate/Foundation/Application->handleRequest(Object(Illuminate/Http/Request))
#64 C:/xampp/htdocs/proyecto-main/vendor/laravel/framework/src/Illuminate/Foundation/resources/server.php(23): require_once('C://xampp//htdocs...')
#65 {main}

[previous exception] [object] (Illuminate\\View\\ViewException(code: 0): Route [inventary.index] not defined. (View: C:\\xampp\\htdocs\\proyecto-main\\resources\\views\\layouts\\navbar.blade.php) at C:/xampp/htdocs/proyecto-main/vendor/laravel/framework/src/Illuminate/Routing/UrlGenerator.php:534)
[stacktrace]
#0 C:/xampp/htdocs/proyecto-main/vendor/laravel/framework/src/Illuminate/View/Engines/PhpEngine.php(59): Illuminate/View/Engines/CompilerEngine->handleViewException(Object(Symfony/Component/Routing/Exception/RouteNotFoundException), 3)
#1 C:/xampp/htdocs/proyecto-main/vendor/laravel/framework/src/Illuminate/View/Engines/CompilerEngine.php(76): Illuminate/View/Engines/PhpEngine->evaluatePath('C://xampp//htdocs...', Array)
#2 C:/xampp/htdocs/proyecto-main/vendor/laravel/framework/src/Illuminate/View/View.php(208): Illuminate/View/Engines/CompilerEngine->get('C://xampp//htdocs...', Array)
#3 C:/xampp/htdocs/proyecto-main/vendor/laravel/framework/src/Illuminate/View/View.php(191): Illuminate/View/View->getContents()
#4 C:/xampp/htdocs/proyecto-main/vendor/laravel/framework/src/Illuminate/View/View.php(160): Illuminate/View/View->renderContents()
#5 C:/xampp/htdocs/proyecto-main/storage/framework/views/73f8d5f93ec400171eb841a37e319375.php(13): Illuminate/View/View->render()
#6 C:/xampp/htdocs/proyecto-main/vendor/laravel/framework/src/Illuminate/Filesystem/Filesystem.php(123): require('C://xampp//htdocs...')
#7 C:/xampp/htdocs/proyecto-main/vendor/laravel/framework/src/Illuminate/Filesystem/Filesystem.php(124): Illuminate/Filesystem/Filesystem::Illuminate/Filesystem/{closure}()
#8 C:/xampp/htdocs/proyecto-main/vendor/laravel/framework/src/Illuminate/View/Engines/PhpEngine.php(57): Illuminate/Filesystem/Filesystem->getRequire('C://xampp//htdocs...', Array)
#9 C:/xampp/htdocs/proyecto-main/vendor/laravel/framework/src/Illuminate/View/Engines/CompilerEngine.php(76): Illuminate/View/Engines/PhpEngine->evaluatePath('C://xampp//htdocs...', Array)
#10 C:/xampp/htdocs/proyecto-main/vendor/laravel/framework/src/Illuminate/View/View.php(208): Illuminate/View/Engines/CompilerEngine->get('C://xampp//htdocs...', Array)
#11 C:/xampp/htdocs/proyecto-main/vendor/laravel/framework/src/Illuminate/View/View.php(191): Illuminate/View/View->getContents()
#12 C:/xampp/htdocs/proyecto-main/vendor/laravel/framework/src/Illuminate/View/View.php(160): Illuminate/View/View->renderContents()
#13 C:/xampp/htdocs/proyecto-main/storage/framework/views/415a920b8548f18c9e04a32a889b8003.php(23): Illuminate/View/View->render()
#14 C:/xampp/htdocs/proyecto-main/vendor/laravel/framework/src/Illuminate/Filesystem/Filesystem.php(123): require('C://xampp//htdocs...')
#15 C:/xampp/htdocs/proyecto-main/vendor/laravel/framework/src/Illuminate/Filesystem/Filesystem.php(124): Illuminate/Filesystem/Filesystem::Illuminate/Filesystem/{closure}()
#16 C:/xampp/htdocs/proyecto-main/vendor/laravel/framework/src/Illuminate/View/Engines/PhpEngine.php(57): Illuminate/Filesystem/Filesystem->getRequire('C://xampp//htdocs...', Array)
#17 C:/xampp/htdocs/proyecto-main/vendor/laravel/framework/src/Illuminate/View/Engines/CompilerEngine.php(76): Illuminate/View/Engines/PhpEngine->evaluatePath('C://xampp//htdocs...', Array)
#18 C:/xampp/htdocs/proyecto-main/vendor/laravel/framework/src/Illuminate/View/View.php(208): Illuminate/View/Engines/CompilerEngine->get('C://xampp//htdocs...', Array)
#19 C:/xampp/htdocs/proyecto-main/vendor/laravel/framework/src/Illuminate/View/View.php(191): Illuminate/View/View->getContents()
#20 C:/xampp/htdocs/proyecto-main/vendor/laravel/framework/src/Illuminate/View/View.php(160): Illuminate/View/View->renderContents()
#21 C:/xampp/htdocs/proyecto-main/vendor/laravel/framework/src/Illuminate/Http/Response.php(78): Illuminate/View/View->render()
#22 C:/xampp/htdocs/proyecto-main/vendor/laravel/framework/src/Illuminate/Http/Response.php(34): Illuminate/Http/Response->setContent(Object(Illuminate/View/View))
#23 C:/xampp/htdocs/proyecto-main/vendor/laravel/framework/src/Illuminate/Routing/Router.php(939): Illuminate/Http/Response->__construct(Object(Illuminate/View/View), 200, Array)
#24 C:/xampp/htdocs/proyecto-main/vendor/laravel/framework/src/Illuminate/Routing/Router.php(906): Illuminate/Routing/Router::toResponse(Object(Illuminate/Http/Request), Object(Illuminate/View/View))
#25 C:/xampp/htdocs/proyecto-main/vendor/laravel/framework/src/Illuminate/Routing/Router.php(821): Illuminate/Routing/Router->prepareResponse(Object(Illuminate/Http/Request), Object(Illuminate/View/View))
#26 C:/xampp/htdocs/proyecto-main/vendor/laravel/framework/src/Illuminate/Pipeline/Pipeline.php(180): Illuminate/Routing/Router->Illuminate/Routing/{closure}(Object(Illuminate/Http/Request))
#27 C:/xampp/htdocs/proyecto-main/vendor/laravel/framework/src/Illuminate/Routing/Middleware/SubstituteBindings.php(50): Illuminate/Pipeline/Pipeline->Illuminate/Pipeline/{closure}(Object(Illuminate/Http/Request))
#28 C:/xampp/htdocs/proyecto-main/vendor/laravel/framework/src/Illuminate/Pipeline/Pipeline.php(219): Illuminate/Routing/Middleware/SubstituteBindings->handle(Object(Illuminate/Http/Request), Object(Closure))
#29 C:/xampp/htdocs/proyecto-main/vendor/laravel/framework/src/Illuminate/Auth/Middleware/Authenticate.php(63): Illuminate/Pipeline/Pipeline->Illuminate/Pipeline/{closure}(Object(Illuminate/Http/Request))
#30 C:/xampp/htdocs/proyecto-main/vendor/laravel/framework/src/Illuminate/Pipeline/Pipeline.php(219): Illuminate/Auth/Middleware/Authenticate->handle(Object(Illuminate/Http/Request), Object(Closure))
#31 C:/xampp/htdocs/proyecto-main/vendor/laravel/framework/src/Illuminate/Foundation/Http/Middleware/VerifyCsrfToken.php(87): Illuminate/Pipeline/Pipeline->Illuminate/Pipeline/{closure}(Object(Illuminate/Http/Request))
#32 C:/xampp/htdocs/proyecto-main/vendor/laravel/framework/src/Illuminate/Pipeline/Pipeline.php(219): Illuminate/Foundation/Http/Middleware/VerifyCsrfToken->handle(Object(Illuminate/Http/Request), Object(Closure))
#33 C:/xampp/htdocs/proyecto-main/vendor/laravel/framework/src/Illuminate/View/Middleware/ShareErrorsFromSession.php(48): Illuminate/Pipeline/Pipeline->Illuminate/Pipeline/{closure}(Object(Illuminate/Http/Request))
#34 C:/xampp/htdocs/proyecto-main/vendor/laravel/framework/src/Illuminate/Pipeline/Pipeline.php(219): Illuminate/View/Middleware/ShareErrorsFromSession->handle(Object(Illuminate/Http/Request), Object(Closure))
#35 C:/xampp/htdocs/proyecto-main/vendor/laravel/framework/src/Illuminate/Session/Middleware/StartSession.php(120): Illuminate/Pipeline/Pipeline->Illuminate/Pipeline/{closure}(Object(Illuminate/Http/Request))
#36 C:/xampp/htdocs/proyecto-main/vendor/laravel/framework/src/Illuminate/Session/Middleware/StartSession.php(63): Illuminate/Session/Middleware/StartSession->handleStatefulRequest(Object(Illuminate/Http/Request), Object(Illuminate/Session/Store), Object(Closure))
#37 C:/xampp/htdocs/proyecto-main/vendor/laravel/framework/src/Illuminate/Pipeline/Pipeline.php(219): Illuminate/Session/Middleware/StartSession->handle(Object(Illuminate/Http/Request), Object(Closure))
#38 C:/xampp/htdocs/proyecto-main/vendor/laravel/framework/src/Illuminate/Cookie/Middleware/AddQueuedCookiesToResponse.php(36): Illuminate/Pipeline/Pipeline->Illuminate/Pipeline/{closure}(Object(Illuminate/Http/Request))
#39 C:/xampp/htdocs/proyecto-main/vendor/laravel/framework/src/Illuminate/Pipeline/Pipeline.php(219): Illuminate/Cookie/Middleware/AddQueuedCookiesToResponse->handle(Object(Illuminate/Http/Request), Object(Closure))
#40 C:/xampp/htdocs/proyecto-main/vendor/laravel/framework/src/Illuminate/Cookie/Middleware/EncryptCookies.php(74): Illuminate/Pipeline/Pipeline->Illuminate/Pipeline/{closure}(Object(Illuminate/Http/Request))
#41 C:/xampp/htdocs/proyecto-main/vendor/laravel/framework/src/Illuminate/Pipeline/Pipeline.php(219): Illuminate/Cookie/Middleware/EncryptCookies->handle(Object(Illuminate/Http/Request), Object(Closure))
#42 C:/xampp/htdocs/proyecto-main/vendor/laravel/framework/src/Illuminate/Pipeline/Pipeline.php(137): Illuminate/Pipeline/Pipeline->Illuminate/Pipeline/{closure}(Object(Illuminate/Http/Request))
#43 C:/xampp/htdocs/proyecto-main/vendor/laravel/framework/src/Illuminate/Routing/Router.php(821): Illuminate/Pipeline/Pipeline->then(Object(Closure))
#44 C:/xampp/htdocs/proyecto-main/vendor/laravel/framework/src/Illuminate/Routing/Router.php(800): Illuminate/Routing/Router->runRouteWithinStack(Object(Illuminate/Routing/Route), Object(Illuminate/Http/Request))
#45 C:/xampp/htdocs/proyecto-main/vendor/laravel/framework/src/Illuminate/Routing/Router.php(764): Illuminate/Routing/Router->runRoute(Object(Illuminate/Http/Request), Object(Illuminate/Routing/Route))
#46 C:/xampp/htdocs/proyecto-main/vendor/laravel/framework/src/Illuminate/Routing/Router.php(753): Illuminate/Routing/Router->dispatchToRoute(Object(Illuminate/Http/Request))
#47 C:/xampp/htdocs/proyecto-main/vendor/laravel/framework/src/Illuminate/Foundation/Http/Kernel.php(200): Illuminate/Routing/Router->dispatch(Object(Illuminate/Http/Request))
#48 C:/xampp/htdocs/proyecto-main/vendor/laravel/framework/src/Illuminate/Pipeline/Pipeline.php(180): Illuminate/Foundation/Http/Kernel->Illuminate/Foundation/Http/{closure}(Object(Illuminate/Http/Request))
#49 C:/xampp/htdocs/proyecto-main/vendor/laravel/framework/src/Illuminate/Foundation/Http/Middleware/TransformsRequest.php(21): Illuminate/Pipeline/Pipeline->Illuminate/Pipeline/{closure}(Object(Illuminate/Http/Request))
#50 C:/xampp/htdocs/proyecto-main/vendor/laravel/framework/src/Illuminate/Foundation/Http/Middleware/ConvertEmptyStringsToNull.php(31): Illuminate/Foundation/Http/Middleware/TransformsRequest->handle(Object(Illuminate/Http/Request), Object(Closure))
#51 C:/xampp/htdocs/proyecto-main/vendor/laravel/framework/src/Illuminate/Pipeline/Pipeline.php(219): Illuminate/Foundation/Http/Middleware/ConvertEmptyStringsToNull->handle(Object(Illuminate/Http/Request), Object(Closure))
#52 C:/xampp/htdocs/proyecto-main/vendor/laravel/framework/src/Illuminate/Foundation/Http/Middleware/TransformsRequest.php(21): Illuminate/Pipeline/Pipeline->Illuminate/Pipeline/{closure}(Object(Illuminate/Http/Request))
#53 C:/xampp/htdocs/proyecto-main/vendor/laravel/framework/src/Illuminate/Foundation/Http/Middleware/TrimStrings.php(51): Illuminate/Foundation/Http/Middleware/TransformsRequest->handle(Object(Illuminate/Http/Request), Object(Closure))
#54 C:/xampp/htdocs/proyecto-main/vendor/laravel/framework/src/Illuminate/Pipeline/Pipeline.php(219): Illuminate/Foundation/Http/Middleware/TrimStrings->handle(Object(Illuminate/Http/Request), Object(Closure))
#55 C:/xampp/htdocs/proyecto-main/vendor/laravel/framework/src/Illuminate/Http/Middleware/ValidatePostSize.php(27): Illuminate/Pipeline/Pipeline->Illuminate/Pipeline/{closure}(Object(Illuminate/Http/Request))
#56 C:/xampp/htdocs/proyecto-main/vendor/laravel/framework/src/Illuminate/Pipeline/Pipeline.php(219): Illuminate/Http/Middleware/ValidatePostSize->handle(Object(Illuminate/Http/Request), Object(Closure))
#57 C:/xampp/htdocs/proyecto-main/vendor/laravel/framework/src/Illuminate/Foundation/Http/Middleware/PreventRequestsDuringMaintenance.php(109): Illuminate/Pipeline/Pipeline->Illuminate/Pipeline/{closure}(Object(Illuminate/Http/Request))
#58 C:/xampp/htdocs/proyecto-main/vendor/laravel/framework/src/Illuminate/Pipeline/Pipeline.php(219): Illuminate/Foundation/Http/Middleware/PreventRequestsDuringMaintenance->handle(Object(Illuminate/Http/Request), Object(Closure))
#59 C:/xampp/htdocs/proyecto-main/vendor/laravel/framework/src/Illuminate/Http/Middleware/HandleCors.php(61): Illuminate/Pipeline/Pipeline->Illuminate/Pipeline/{closure}(Object(Illuminate/Http/Request))
#60 C:/xampp/htdocs/proyecto-main/vendor/laravel/framework/src/Illuminate/Pipeline/Pipeline.php(219): Illuminate/Http/Middleware/HandleCors->handle(Object(Illuminate/Http/Request), Object(Closure))
#61 C:/xampp/htdocs/proyecto-main/vendor/laravel/framework/src/Illuminate/Http/Middleware/TrustProxies.php(58): Illuminate/Pipeline/Pipeline->Illuminate/Pipeline/{closure}(Object(Illuminate/Http/Request))
#62 C:/xampp/htdocs/proyecto-main/vendor/laravel/framework/src/Illuminate/Pipeline/Pipeline.php(219): Illuminate/Http/Middleware/TrustProxies->handle(Object(Illuminate/Http/Request), Object(Closure))
#63 C:/xampp/htdocs/proyecto-main/vendor/laravel/framework/src/Illuminate/Foundation/Http/Middleware/InvokeDeferredCallbacks.php(22): Illuminate/Pipeline/Pipeline->Illuminate/Pipeline/{closure}(Object(Illuminate/Http/Request))
#64 C:/xampp/htdocs/proyecto-main/vendor/laravel/framework/src/Illuminate/Pipeline/Pipeline.php(219): Illuminate/Foundation/Http/Middleware/InvokeDeferredCallbacks->handle(Object(Illuminate/Http/Request), Object(Closure))
#65 C:/xampp/htdocs/proyecto-main/vendor/laravel/framework/src/Illuminate/Http/Middleware/ValidatePathEncoding.php(26): Illuminate/Pipeline/Pipeline->Illuminate/Pipeline/{closure}(Object(Illuminate/Http/Request))
#66 C:/xampp/htdocs/proyecto-main/vendor/laravel/framework/src/Illuminate/Pipeline/Pipeline.php(219): Illuminate/Http/Middleware/ValidatePathEncoding->handle(Object(Illuminate/Http/Request), Object(Closure))
#67 C:/xampp/htdocs/proyecto-main/vendor/laravel/framework/src/Illuminate/Pipeline/Pipeline.php(137): Illuminate/Pipeline/Pipeline->Illuminate/Pipeline/{closure}(Object(Illuminate/Http/Request))
#68 C:/xampp/htdocs/proyecto-main/vendor/laravel/framework/src/Illuminate/Foundation/Http/Kernel.php(175): Illuminate/Pipeline/Pipeline->then(Object(Closure))
#69 C:/xampp/htdocs/proyecto-main/vendor/laravel/framework/src/Illuminate/Foundation/Http/Kernel.php(144): Illuminate/Foundation/Http/Kernel->sendRequestThroughRouter(Object(Illuminate/Http/Request))
#70 C:/xampp/htdocs/proyecto-main/vendor/laravel/framework/src/Illuminate/Foundation/Application.php(1220): Illuminate/Foundation/Http/Kernel->handle(Object(Illuminate/Http/Request))
#71 C:/xampp/htdocs/proyecto-main/public/index.php(20): Illuminate/Foundation/Application->handleRequest(Object(Illuminate/Http/Request))
#72 C:/xampp/htdocs/proyecto-main/vendor/laravel/framework/src/Illuminate/Foundation/resources/server.php(23): require_once('C://xampp//htdocs...')
#73 {main}

[previous exception] [object] (Symfony\\Component\\Routing\\Exception\\RouteNotFoundException(code: 0): Route [inventary.index] not defined. at C:/xampp/htdocs/proyecto-main/vendor/laravel/framework/src/Illuminate/Routing/UrlGenerator.php:534)
[stacktrace]
#0 C:/xampp/htdocs/proyecto-main/vendor/laravel/framework/src/Illuminate/Foundation/helpers.php(870): Illuminate/Routing/UrlGenerator->route('inventary.index', Array, true)
#1 C:/xampp/htdocs/proyecto-main/storage/framework/views/3a0248a8f419f2db2b08b2be499ed1d4.php(34): route('inventary.index')
#2 C:/xampp/htdocs/proyecto-main/vendor/laravel/framework/src/Illuminate/Filesystem/Filesystem.php(123): require('C://xampp//htdocs...')
#3 C:/xampp/htdocs/proyecto-main/vendor/laravel/framework/src/Illuminate/Filesystem/Filesystem.php(124): Illuminate/Filesystem/Filesystem::Illuminate/Filesystem/{closure}()
#4 C:/xampp/htdocs/proyecto-main/vendor/laravel/framework/src/Illuminate/View/Engines/PhpEngine.php(57): Illuminate/Filesystem/Filesystem->getRequire('C://xampp//htdocs...', Array)
#5 C:/xampp/htdocs/proyecto-main/vendor/laravel/framework/src/Illuminate/View/Engines/CompilerEngine.php(76): Illuminate/View/Engines/PhpEngine->evaluatePath('C://xampp//htdocs...', Array)
#6 C:/xampp/htdocs/proyecto-main/vendor/laravel/framework/src/Illuminate/View/View.php(208): Illuminate/View/Engines/CompilerEngine->get('C://xampp//htdocs...', Array)
#7 C:/xampp/htdocs/proyecto-main/vendor/laravel/framework/src/Illuminate/View/View.php(191): Illuminate/View/View->getContents()
#8 C:/xampp/htdocs/proyecto-main/vendor/laravel/framework/src/Illuminate/View/View.php(160): Illuminate/View/View->renderContents()
#9 C:/xampp/htdocs/proyecto-main/storage/framework/views/73f8d5f93ec400171eb841a37e319375.php(13): Illuminate/View/View->render()
#10 C:/xampp/htdocs/proyecto-main/vendor/laravel/framework/src/Illuminate/Filesystem/Filesystem.php(123): require('C://xampp//htdocs...')
#11 C:/xampp/htdocs/proyecto-main/vendor/laravel/framework/src/Illuminate/Filesystem/Filesystem.php(124): Illuminate/Filesystem/Filesystem::Illuminate/Filesystem/{closure}()
#12 C:/xampp/htdocs/proyecto-main/vendor/laravel/framework/src/Illuminate/View/Engines/PhpEngine.php(57): Illuminate/Filesystem/Filesystem->getRequire('C://xampp//htdocs...', Array)
#13 C:/xampp/htdocs/proyecto-main/vendor/laravel/framework/src/Illuminate/View/Engines/CompilerEngine.php(76): Illuminate/View/Engines/PhpEngine->evaluatePath('C://xampp//htdocs...', Array)
#14 C:/xampp/htdocs/proyecto-main/vendor/laravel/framework/src/Illuminate/View/View.php(208): Illuminate/View/Engines/CompilerEngine->get('C://xampp//htdocs...', Array)
#15 C:/xampp/htdocs/proyecto-main/vendor/laravel/framework/src/Illuminate/View/View.php(191): Illuminate/View/View->getContents()
#16 C:/xampp/htdocs/proyecto-main/vendor/laravel/framework/src/Illuminate/View/View.php(160): Illuminate/View/View->renderContents()
#17 C:/xampp/htdocs/proyecto-main/storage/framework/views/415a920b8548f18c9e04a32a889b8003.php(23): Illuminate/View/View->render()
#18 C:/xampp/htdocs/proyecto-main/vendor/laravel/framework/src/Illuminate/Filesystem/Filesystem.php(123): require('C://xampp//htdocs...')
#19 C:/xampp/htdocs/proyecto-main/vendor/laravel/framework/src/Illuminate/Filesystem/Filesystem.php(124): Illuminate/Filesystem/Filesystem::Illuminate/Filesystem/{closure}()
#20 C:/xampp/htdocs/proyecto-main/vendor/laravel/framework/src/Illuminate/View/Engines/PhpEngine.php(57): Illuminate/Filesystem/Filesystem->getRequire('C://xampp//htdocs...', Array)
#21 C:/xampp/htdocs/proyecto-main/vendor/laravel/framework/src/Illuminate/View/Engines/CompilerEngine.php(76): Illuminate/View/Engines/PhpEngine->evaluatePath('C://xampp//htdocs...', Array)
#22 C:/xampp/htdocs/proyecto-main/vendor/laravel/framework/src/Illuminate/View/View.php(208): Illuminate/View/Engines/CompilerEngine->get('C://xampp//htdocs...', Array)
#23 C:/xampp/htdocs/proyecto-main/vendor/laravel/framework/src/Illuminate/View/View.php(191): Illuminate/View/View->getContents()
#24 C:/xampp/htdocs/proyecto-main/vendor/laravel/framework/src/Illuminate/View/View.php(160): Illuminate/View/View->renderContents()
#25 C:/xampp/htdocs/proyecto-main/vendor/laravel/framework/src/Illuminate/Http/Response.php(78): Illuminate/View/View->render()
#26 C:/xampp/htdocs/proyecto-main/vendor/laravel/framework/src/Illuminate/Http/Response.php(34): Illuminate/Http/Response->setContent(Object(Illuminate/View/View))
#27 C:/xampp/htdocs/proyecto-main/vendor/laravel/framework/src/Illuminate/Routing/Router.php(939): Illuminate/Http/Response->__construct(Object(Illuminate/View/View), 200, Array)
#28 C:/xampp/htdocs/proyecto-main/vendor/laravel/framework/src/Illuminate/Routing/Router.php(906): Illuminate/Routing/Router::toResponse(Object(Illuminate/Http/Request), Object(Illuminate/View/View))
#29 C:/xampp/htdocs/proyecto-main/vendor/laravel/framework/src/Illuminate/Routing/Router.php(821): Illuminate/Routing/Router->prepareResponse(Object(Illuminate/Http/Request), Object(Illuminate/View/View))
#30 C:/xampp/htdocs/proyecto-main/vendor/laravel/framework/src/Illuminate/Pipeline/Pipeline.php(180): Illuminate/Routing/Router->Illuminate/Routing/{closure}(Object(Illuminate/Http/Request))
#31 C:/xampp/htdocs/proyecto-main/vendor/laravel/framework/src/Illuminate/Routing/Middleware/SubstituteBindings.php(50): Illuminate/Pipeline/Pipeline->Illuminate/Pipeline/{closure}(Object(Illuminate/Http/Request))
#32 C:/xampp/htdocs/proyecto-main/vendor/laravel/framework/src/Illuminate/Pipeline/Pipeline.php(219): Illuminate/Routing/Middleware/SubstituteBindings->handle(Object(Illuminate/Http/Request), Object(Closure))
#33 C:/xampp/htdocs/proyecto-main/vendor/laravel/framework/src/Illuminate/Auth/Middleware/Authenticate.php(63): Illuminate/Pipeline/Pipeline->Illuminate/Pipeline/{closure}(Object(Illuminate/Http/Request))
#34 C:/xampp/htdocs/proyecto-main/vendor/laravel/framework/src/Illuminate/Pipeline/Pipeline.php(219): Illuminate/Auth/Middleware/Authenticate->handle(Object(Illuminate/Http/Request), Object(Closure))
#35 C:/xampp/htdocs/proyecto-main/vendor/laravel/framework/src/Illuminate/Foundation/Http/Middleware/VerifyCsrfToken.php(87): Illuminate/Pipeline/Pipeline->Illuminate/Pipeline/{closure}(Object(Illuminate/Http/Request))
#36 C:/xampp/htdocs/proyecto-main/vendor/laravel/framework/src/Illuminate/Pipeline/Pipeline.php(219): Illuminate/Foundation/Http/Middleware/VerifyCsrfToken->handle(Object(Illuminate/Http/Request), Object(Closure))
#37 C:/xampp/htdocs/proyecto-main/vendor/laravel/framework/src/Illuminate/View/Middleware/ShareErrorsFromSession.php(48): Illuminate/Pipeline/Pipeline->Illuminate/Pipeline/{closure}(Object(Illuminate/Http/Request))
#38 C:/xampp/htdocs/proyecto-main/vendor/laravel/framework/src/Illuminate/Pipeline/Pipeline.php(219): Illuminate/View/Middleware/ShareErrorsFromSession->handle(Object(Illuminate/Http/Request), Object(Closure))
#39 C:/xampp/htdocs/proyecto-main/vendor/laravel/framework/src/Illuminate/Session/Middleware/StartSession.php(120): Illuminate/Pipeline/Pipeline->Illuminate/Pipeline/{closure}(Object(Illuminate/Http/Request))
#40 C:/xampp/htdocs/proyecto-main/vendor/laravel/framework/src/Illuminate/Session/Middleware/StartSession.php(63): Illuminate/Session/Middleware/StartSession->handleStatefulRequest(Object(Illuminate/Http/Request), Object(Illuminate/Session/Store), Object(Closure))
#41 C:/xampp/htdocs/proyecto-main/vendor/laravel/framework/src/Illuminate/Pipeline/Pipeline.php(219): Illuminate/Session/Middleware/StartSession->handle(Object(Illuminate/Http/Request), Object(Closure))
#42 C:/xampp/htdocs/proyecto-main/vendor/laravel/framework/src/Illuminate/Cookie/Middleware/AddQueuedCookiesToResponse.php(36): Illuminate/Pipeline/Pipeline->Illuminate/Pipeline/{closure}(Object(Illuminate/Http/Request))
#43 C:/xampp/htdocs/proyecto-main/vendor/laravel/framework/src/Illuminate/Pipeline/Pipeline.php(219): Illuminate/Cookie/Middleware/AddQueuedCookiesToResponse->handle(Object(Illuminate/Http/Request), Object(Closure))
#44 C:/xampp/htdocs/proyecto-main/vendor/laravel/framework/src/Illuminate/Cookie/Middleware/EncryptCookies.php(74): Illuminate/Pipeline/Pipeline->Illuminate/Pipeline/{closure}(Object(Illuminate/Http/Request))
#45 C:/xampp/htdocs/proyecto-main/vendor/laravel/framework/src/Illuminate/Pipeline/Pipeline.php(219): Illuminate/Cookie/Middleware/EncryptCookies->handle(Object(Illuminate/Http/Request), Object(Closure))
#46 C:/xampp/htdocs/proyecto-main/vendor/laravel/framework/src/Illuminate/Pipeline/Pipeline.php(137): Illuminate/Pipeline/Pipeline->Illuminate/Pipeline/{closure}(Object(Illuminate/Http/Request))
#47 C:/xampp/htdocs/proyecto-main/vendor/laravel/framework/src/Illuminate/Routing/Router.php(821): Illuminate/Pipeline/Pipeline->then(Object(Closure))
#48 C:/xampp/htdocs/proyecto-main/vendor/laravel/framework/src/Illuminate/Routing/Router.php(800): Illuminate/Routing/Router->runRouteWithinStack(Object(Illuminate/Routing/Route), Object(Illuminate/Http/Request))
#49 C:/xampp/htdocs/proyecto-main/vendor/laravel/framework/src/Illuminate/Routing/Router.php(764): Illuminate/Routing/Router->runRoute(Object(Illuminate/Http/Request), Object(Illuminate/Routing/Route))
#50 C:/xampp/htdocs/proyecto-main/vendor/laravel/framework/src/Illuminate/Routing/Router.php(753): Illuminate/Routing/Router->dispatchToRoute(Object(Illuminate/Http/Request))
#51 C:/xampp/htdocs/proyecto-main/vendor/laravel/framework/src/Illuminate/Foundation/Http/Kernel.php(200): Illuminate/Routing/Router->dispatch(Object(Illuminate/Http/Request))
#52 C:/xampp/htdocs/proyecto-main/vendor/laravel/framework/src/Illuminate/Pipeline/Pipeline.php(180): Illuminate/Foundation/Http/Kernel->Illuminate/Foundation/Http/{closure}(Object(Illuminate/Http/Request))
#53 C:/xampp/htdocs/proyecto-main/vendor/laravel/framework/src/Illuminate/Foundation/Http/Middleware/TransformsRequest.php(21): Illuminate/Pipeline/Pipeline->Illuminate/Pipeline/{closure}(Object(Illuminate/Http/Request))
#54 C:/xampp/htdocs/proyecto-main/vendor/laravel/framework/src/Illuminate/Foundation/Http/Middleware/ConvertEmptyStringsToNull.php(31): Illuminate/Foundation/Http/Middleware/TransformsRequest->handle(Object(Illuminate/Http/Request), Object(Closure))
#55 C:/xampp/htdocs/proyecto-main/vendor/laravel/framework/src/Illuminate/Pipeline/Pipeline.php(219): Illuminate/Foundation/Http/Middleware/ConvertEmptyStringsToNull->handle(Object(Illuminate/Http/Request), Object(Closure))
#56 C:/xampp/htdocs/proyecto-main/vendor/laravel/framework/src/Illuminate/Foundation/Http/Middleware/TransformsRequest.php(21): Illuminate/Pipeline/Pipeline->Illuminate/Pipeline/{closure}(Object(Illuminate/Http/Request))
#57 C:/xampp/htdocs/proyecto-main/vendor/laravel/framework/src/Illuminate/Foundation/Http/Middleware/TrimStrings.php(51): Illuminate/Foundation/Http/Middleware/TransformsRequest->handle(Object(Illuminate/Http/Request), Object(Closure))
#58 C:/xampp/htdocs/proyecto-main/vendor/laravel/framework/src/Illuminate/Pipeline/Pipeline.php(219): Illuminate/Foundation/Http/Middleware/TrimStrings->handle(Object(Illuminate/Http/Request), Object(Closure))
#59 C:/xampp/htdocs/proyecto-main/vendor/laravel/framework/src/Illuminate/Http/Middleware/ValidatePostSize.php(27): Illuminate/Pipeline/Pipeline->Illuminate/Pipeline/{closure}(Object(Illuminate/Http/Request))
#60 C:/xampp/htdocs/proyecto-main/vendor/laravel/framework/src/Illuminate/Pipeline/Pipeline.php(219): Illuminate/Http/Middleware/ValidatePostSize->handle(Object(Illuminate/Http/Request), Object(Closure))
#61 C:/xampp/htdocs/proyecto-main/vendor/laravel/framework/src/Illuminate/Foundation/Http/Middleware/PreventRequestsDuringMaintenance.php(109): Illuminate/Pipeline/Pipeline->Illuminate/Pipeline/{closure}(Object(Illuminate/Http/Request))
#62 C:/xampp/htdocs/proyecto-main/vendor/laravel/framework/src/Illuminate/Pipeline/Pipeline.php(219): Illuminate/Foundation/Http/Middleware/PreventRequestsDuringMaintenance->handle(Object(Illuminate/Http/Request), Object(Closure))
#63 C:/xampp/htdocs/proyecto-main/vendor/laravel/framework/src/Illuminate/Http/Middleware/HandleCors.php(61): Illuminate/Pipeline/Pipeline->Illuminate/Pipeline/{closure}(Object(Illuminate/Http/Request))
#64 C:/xampp/htdocs/proyecto-main/vendor/laravel/framework/src/Illuminate/Pipeline/Pipeline.php(219): Illuminate/Http/Middleware/HandleCors->handle(Object(Illuminate/Http/Request), Object(Closure))
#65 C:/xampp/htdocs/proyecto-main/vendor/laravel/framework/src/Illuminate/Http/Middleware/TrustProxies.php(58): Illuminate/Pipeline/Pipeline->Illuminate/Pipeline/{closure}(Object(Illuminate/Http/Request))
#66 C:/xampp/htdocs/proyecto-main/vendor/laravel/framework/src/Illuminate/Pipeline/Pipeline.php(219): Illuminate/Http/Middleware/TrustProxies->handle(Object(Illuminate/Http/Request), Object(Closure))
#67 C:/xampp/htdocs/proyecto-main/vendor/laravel/framework/src/Illuminate/Foundation/Http/Middleware/InvokeDeferredCallbacks.php(22): Illuminate/Pipeline/Pipeline->Illuminate/Pipeline/{closure}(Object(Illuminate/Http/Request))
#68 C:/xampp/htdocs/proyecto-main/vendor/laravel/framework/src/Illuminate/Pipeline/Pipeline.php(219): Illuminate/Foundation/Http/Middleware/InvokeDeferredCallbacks->handle(Object(Illuminate/Http/Request), Object(Closure))
#69 C:/xampp/htdocs/proyecto-main/vendor/laravel/framework/src/Illuminate/Http/Middleware/ValidatePathEncoding.php(26): Illuminate/Pipeline/Pipeline->Illuminate/Pipeline/{closure}(Object(Illuminate/Http/Request))
#70 C:/xampp/htdocs/proyecto-main/vendor/laravel/framework/src/Illuminate/Pipeline/Pipeline.php(219): Illuminate/Http/Middleware/ValidatePathEncoding->handle(Object(Illuminate/Http/Request), Object(Closure))
#71 C:/xampp/htdocs/proyecto-main/vendor/laravel/framework/src/Illuminate/Pipeline/Pipeline.php(137): Illuminate/Pipeline/Pipeline->Illuminate/Pipeline/{closure}(Object(Illuminate/Http/Request))
#72 C:/xampp/htdocs/proyecto-main/vendor/laravel/framework/src/Illuminate/Foundation/Http/Kernel.php(175): Illuminate/Pipeline/Pipeline->then(Object(Closure))
#73 C:/xampp/htdocs/proyecto-main/vendor/laravel/framework/src/Illuminate/Foundation/Http/Kernel.php(144): Illuminate/Foundation/Http/Kernel->sendRequestThroughRouter(Object(Illuminate/Http/Request))
#74 C:/xampp/htdocs/proyecto-main/vendor/laravel/framework/src/Illuminate/Foundation/Application.php(1220): Illuminate/Foundation/Http/Kernel->handle(Object(Illuminate/Http/Request))
#75 C:/xampp/htdocs/proyecto-main/public/index.php(20): Illuminate/Foundation/Application->handleRequest(Object(Illuminate/Http/Request))
#76 C:/xampp/htdocs/proyecto-main/vendor/laravel/framework/src/Illuminate/Foundation/resources/server.php(23): require_once('C://xampp//htdocs...')
#77 {main}
"} 
[2026-06-02 18:49:08] local.ERROR: View [users.edit] not found. {"userId":1,"exception":"[object] (InvalidArgumentException(code: 0): View [users.edit] not found. at C:/xampp/htdocs/proyecto-main/vendor/laravel/framework/src/Illuminate/View/FileViewFinder.php:138)
[stacktrace]
#0 C:/xampp/htdocs/proyecto-main/vendor/laravel/framework/src/Illuminate/View/FileViewFinder.php(78): Illuminate/View/FileViewFinder->findInPaths('users.edit', Array)
#1 C:/xampp/htdocs/proyecto-main/vendor/laravel/framework/src/Illuminate/View/Factory.php(150): Illuminate/View/FileViewFinder->find('users.edit')
#2 C:/xampp/htdocs/proyecto-main/vendor/laravel/framework/src/Illuminate/Foundation/helpers.php(1100): Illuminate/View/Factory->make('users.edit', Array, Array)
#3 C:/xampp/htdocs/proyecto-main/app/Http/Controllers/UserController.php(58): view('users.edit', Array)
#4 C:/xampp/htdocs/proyecto-main/vendor/laravel/framework/src/Illuminate/Routing/ControllerDispatcher.php(46): App/Http/Controllers/UserController->edit('1')
#5 C:/xampp/htdocs/proyecto-main/vendor/laravel/framework/src/Illuminate/Routing/Route.php(265): Illuminate/Routing/ControllerDispatcher->dispatch(Object(Illuminate/Routing/Route), Object(App/Http/Controllers/UserController), 'edit')
#6 C:/xampp/htdocs/proyecto-main/vendor/laravel/framework/src/Illuminate/Routing/Route.php(211): Illuminate/Routing/Route->runController()
#7 C:/xampp/htdocs/proyecto-main/vendor/laravel/framework/src/Illuminate/Routing/Router.php(822): Illuminate/Routing/Route->run()
#8 C:/xampp/htdocs/proyecto-main/vendor/laravel/framework/src/Illuminate/Pipeline/Pipeline.php(180): Illuminate/Routing/Router->Illuminate/Routing/{closure}(Object(Illuminate/Http/Request))
#9 C:/xampp/htdocs/proyecto-main/app/Http/Middleware/RoleMiddleware.php(18): Illuminate/Pipeline/Pipeline->Illuminate/Pipeline/{closure}(Object(Illuminate/Http/Request))
#10 C:/xampp/htdocs/proyecto-main/vendor/laravel/framework/src/Illuminate/Pipeline/Pipeline.php(219): App/Http/Middleware/RoleMiddleware->handle(Object(Illuminate/Http/Request), Object(Closure), 'admin')
#11 C:/xampp/htdocs/proyecto-main/vendor/laravel/framework/src/Illuminate/Routing/Middleware/SubstituteBindings.php(50): Illuminate/Pipeline/Pipeline->Illuminate/Pipeline/{closure}(Object(Illuminate/Http/Request))
#12 C:/xampp/htdocs/proyecto-main/vendor/laravel/framework/src/Illuminate/Pipeline/Pipeline.php(219): Illuminate/Routing/Middleware/SubstituteBindings->handle(Object(Illuminate/Http/Request), Object(Closure))
#13 C:/xampp/htdocs/proyecto-main/vendor/laravel/framework/src/Illuminate/Auth/Middleware/Authenticate.php(63): Illuminate/Pipeline/Pipeline->Illuminate/Pipeline/{closure}(Object(Illuminate/Http/Request))
#14 C:/xampp/htdocs/proyecto-main/vendor/laravel/framework/src/Illuminate/Pipeline/Pipeline.php(219): Illuminate/Auth/Middleware/Authenticate->handle(Object(Illuminate/Http/Request), Object(Closure))
#15 C:/xampp/htdocs/proyecto-main/vendor/laravel/framework/src/Illuminate/Foundation/Http/Middleware/VerifyCsrfToken.php(87): Illuminate/Pipeline/Pipeline->Illuminate/Pipeline/{closure}(Object(Illuminate/Http/Request))
#16 C:/xampp/htdocs/proyecto-main/vendor/laravel/framework/src/Illuminate/Pipeline/Pipeline.php(219): Illuminate/Foundation/Http/Middleware/VerifyCsrfToken->handle(Object(Illuminate/Http/Request), Object(Closure))
#17 C:/xampp/htdocs/proyecto-main/vendor/laravel/framework/src/Illuminate/View/Middleware/ShareErrorsFromSession.php(48): Illuminate/Pipeline/Pipeline->Illuminate/Pipeline/{closure}(Object(Illuminate/Http/Request))
#18 C:/xampp/htdocs/proyecto-main/vendor/laravel/framework/src/Illuminate/Pipeline/Pipeline.php(219): Illuminate/View/Middleware/ShareErrorsFromSession->handle(Object(Illuminate/Http/Request), Object(Closure))
#19 C:/xampp/htdocs/proyecto-main/vendor/laravel/framework/src/Illuminate/Session/Middleware/StartSession.php(120): Illuminate/Pipeline/Pipeline->Illuminate/Pipeline/{closure}(Object(Illuminate/Http/Request))
#20 C:/xampp/htdocs/proyecto-main/vendor/laravel/framework/src/Illuminate/Session/Middleware/StartSession.php(63): Illuminate/Session/Middleware/StartSession->handleStatefulRequest(Object(Illuminate/Http/Request), Object(Illuminate/Session/Store), Object(Closure))
#21 C:/xampp/htdocs/proyecto-main/vendor/laravel/framework/src/Illuminate/Pipeline/Pipeline.php(219): Illuminate/Session/Middleware/StartSession->handle(Object(Illuminate/Http/Request), Object(Closure))
#22 C:/xampp/htdocs/proyecto-main/vendor/laravel/framework/src/Illuminate/Cookie/Middleware/AddQueuedCookiesToResponse.php(36): Illuminate/Pipeline/Pipeline->Illuminate/Pipeline/{closure}(Object(Illuminate/Http/Request))
#23 C:/xampp/htdocs/proyecto-main/vendor/laravel/framework/src/Illuminate/Pipeline/Pipeline.php(219): Illuminate/Cookie/Middleware/AddQueuedCookiesToResponse->handle(Object(Illuminate/Http/Request), Object(Closure))
#24 C:/xampp/htdocs/proyecto-main/vendor/laravel/framework/src/Illuminate/Cookie/Middleware/EncryptCookies.php(74): Illuminate/Pipeline/Pipeline->Illuminate/Pipeline/{closure}(Object(Illuminate/Http/Request))
#25 C:/xampp/htdocs/proyecto-main/vendor/laravel/framework/src/Illuminate/Pipeline/Pipeline.php(219): Illuminate/Cookie/Middleware/EncryptCookies->handle(Object(Illuminate/Http/Request), Object(Closure))
#26 C:/xampp/htdocs/proyecto-main/vendor/laravel/framework/src/Illuminate/Pipeline/Pipeline.php(137): Illuminate/Pipeline/Pipeline->Illuminate/Pipeline/{closure}(Object(Illuminate/Http/Request))
#27 C:/xampp/htdocs/proyecto-main/vendor/laravel/framework/src/Illuminate/Routing/Router.php(821): Illuminate/Pipeline/Pipeline->then(Object(Closure))
#28 C:/xampp/htdocs/proyecto-main/vendor/laravel/framework/src/Illuminate/Routing/Router.php(800): Illuminate/Routing/Router->runRouteWithinStack(Object(Illuminate/Routing/Route), Object(Illuminate/Http/Request))
#29 C:/xampp/htdocs/proyecto-main/vendor/laravel/framework/src/Illuminate/Routing/Router.php(764): Illuminate/Routing/Router->runRoute(Object(Illuminate/Http/Request), Object(Illuminate/Routing/Route))
#30 C:/xampp/htdocs/proyecto-main/vendor/laravel/framework/src/Illuminate/Routing/Router.php(753): Illuminate/Routing/Router->dispatchToRoute(Object(Illuminate/Http/Request))
#31 C:/xampp/htdocs/proyecto-main/vendor/laravel/framework/src/Illuminate/Foundation/Http/Kernel.php(200): Illuminate/Routing/Router->dispatch(Object(Illuminate/Http/Request))
#32 C:/xampp/htdocs/proyecto-main/vendor/laravel/framework/src/Illuminate/Pipeline/Pipeline.php(180): Illuminate/Foundation/Http/Kernel->Illuminate/Foundation/Http/{closure}(Object(Illuminate/Http/Request))
#33 C:/xampp/htdocs/proyecto-main/vendor/laravel/framework/src/Illuminate/Foundation/Http/Middleware/TransformsRequest.php(21): Illuminate/Pipeline/Pipeline->Illuminate/Pipeline/{closure}(Object(Illuminate/Http/Request))
#34 C:/xampp/htdocs/proyecto-main/vendor/laravel/framework/src/Illuminate/Foundation/Http/Middleware/ConvertEmptyStringsToNull.php(31): Illuminate/Foundation/Http/Middleware/TransformsRequest->handle(Object(Illuminate/Http/Request), Object(Closure))
#35 C:/xampp/htdocs/proyecto-main/vendor/laravel/framework/src/Illuminate/Pipeline/Pipeline.php(219): Illuminate/Foundation/Http/Middleware/ConvertEmptyStringsToNull->handle(Object(Illuminate/Http/Request), Object(Closure))
#36 C:/xampp/htdocs/proyecto-main/vendor/laravel/framework/src/Illuminate/Foundation/Http/Middleware/TransformsRequest.php(21): Illuminate/Pipeline/Pipeline->Illuminate/Pipeline/{closure}(Object(Illuminate/Http/Request))
#37 C:/xampp/htdocs/proyecto-main/vendor/laravel/framework/src/Illuminate/Foundation/Http/Middleware/TrimStrings.php(51): Illuminate/Foundation/Http/Middleware/TransformsRequest->handle(Object(Illuminate/Http/Request), Object(Closure))
#38 C:/xampp/htdocs/proyecto-main/vendor/laravel/framework/src/Illuminate/Pipeline/Pipeline.php(219): Illuminate/Foundation/Http/Middleware/TrimStrings->handle(Object(Illuminate/Http/Request), Object(Closure))
#39 C:/xampp/htdocs/proyecto-main/vendor/laravel/framework/src/Illuminate/Http/Middleware/ValidatePostSize.php(27): Illuminate/Pipeline/Pipeline->Illuminate/Pipeline/{closure}(Object(Illuminate/Http/Request))
#40 C:/xampp/htdocs/proyecto-main/vendor/laravel/framework/src/Illuminate/Pipeline/Pipeline.php(219): Illuminate/Http/Middleware/ValidatePostSize->handle(Object(Illuminate/Http/Request), Object(Closure))
#41 C:/xampp/htdocs/proyecto-main/vendor/laravel/framework/src/Illuminate/Foundation/Http/Middleware/PreventRequestsDuringMaintenance.php(109): Illuminate/Pipeline/Pipeline->Illuminate/Pipeline/{closure}(Object(Illuminate/Http/Request))
#42 C:/xampp/htdocs/proyecto-main/vendor/laravel/framework/src/Illuminate/Pipeline/Pipeline.php(219): Illuminate/Foundation/Http/Middleware/PreventRequestsDuringMaintenance->handle(Object(Illuminate/Http/Request), Object(Closure))
#43 C:/xampp/htdocs/proyecto-main/vendor/laravel/framework/src/Illuminate/Http/Middleware/HandleCors.php(61): Illuminate/Pipeline/Pipeline->Illuminate/Pipeline/{closure}(Object(Illuminate/Http/Request))
#44 C:/xampp/htdocs/proyecto-main/vendor/laravel/framework/src/Illuminate/Pipeline/Pipeline.php(219): Illuminate/Http/Middleware/HandleCors->handle(Object(Illuminate/Http/Request), Object(Closure))
#45 C:/xampp/htdocs/proyecto-main/vendor/laravel/framework/src/Illuminate/Http/Middleware/TrustProxies.php(58): Illuminate/Pipeline/Pipeline->Illuminate/Pipeline/{closure}(Object(Illuminate/Http/Request))
#46 C:/xampp/htdocs/proyecto-main/vendor/laravel/framework/src/Illuminate/Pipeline/Pipeline.php(219): Illuminate/Http/Middleware/TrustProxies->handle(Object(Illuminate/Http/Request), Object(Closure))
#47 C:/xampp/htdocs/proyecto-main/vendor/laravel/framework/src/Illuminate/Foundation/Http/Middleware/InvokeDeferredCallbacks.php(22): Illuminate/Pipeline/Pipeline->Illuminate/Pipeline/{closure}(Object(Illuminate/Http/Request))
#48 C:/xampp/htdocs/proyecto-main/vendor/laravel/framework/src/Illuminate/Pipeline/Pipeline.php(219): Illuminate/Foundation/Http/Middleware/InvokeDeferredCallbacks->handle(Object(Illuminate/Http/Request), Object(Closure))
#49 C:/xampp/htdocs/proyecto-main/vendor/laravel/framework/src/Illuminate/Http/Middleware/ValidatePathEncoding.php(26): Illuminate/Pipeline/Pipeline->Illuminate/Pipeline/{closure}(Object(Illuminate/Http/Request))
#50 C:/xampp/htdocs/proyecto-main/vendor/laravel/framework/src/Illuminate/Pipeline/Pipeline.php(219): Illuminate/Http/Middleware/ValidatePathEncoding->handle(Object(Illuminate/Http/Request), Object(Closure))
#51 C:/xampp/htdocs/proyecto-main/vendor/laravel/framework/src/Illuminate/Pipeline/Pipeline.php(137): Illuminate/Pipeline/Pipeline->Illuminate/Pipeline/{closure}(Object(Illuminate/Http/Request))
#52 C:/xampp/htdocs/proyecto-main/vendor/laravel/framework/src/Illuminate/Foundation/Http/Kernel.php(175): Illuminate/Pipeline/Pipeline->then(Object(Closure))
#53 C:/xampp/htdocs/proyecto-main/vendor/laravel/framework/src/Illuminate/Foundation/Http/Kernel.php(144): Illuminate/Foundation/Http/Kernel->sendRequestThroughRouter(Object(Illuminate/Http/Request))
#54 C:/xampp/htdocs/proyecto-main/vendor/laravel/framework/src/Illuminate/Foundation/Application.php(1220): Illuminate/Foundation/Http/Kernel->handle(Object(Illuminate/Http/Request))
#55 C:/xampp/htdocs/proyecto-main/public/index.php(20): Illuminate/Foundation/Application->handleRequest(Object(Illuminate/Http/Request))
#56 C:/xampp/htdocs/proyecto-main/vendor/laravel/framework/src/Illuminate/Foundation/resources/server.php(23): require_once('C://xampp//htdocs...')
#57 {main}
"} 
[2026-06-04 17:50:14] production.ERROR: file_get_contents(C:\xampp\htdocs\PROYECT-MAIN-main\.env): Failed to open stream: No such file or directory {"exception":"[object] (ErrorException(code: 0): file_get_contents(C:\\xampp\\htdocs\\PROYECT-MAIN-main\\.env): Failed to open stream: No such file or directory at C:/xampp/htdocs/PROYECT-MAIN-main/vendor/laravel/framework/src/Illuminate/Foundation/Console/KeyGenerateCommand.php:100)
[stacktrace]
#0 C:/xampp/htdocs/PROYECT-MAIN-main/vendor/laravel/framework/src/Illuminate/Foundation/Bootstrap/HandleExceptions.php(258): Illuminate/Foundation/Bootstrap/HandleExceptions->handleError(2, 'file_get_conten...', 'C://xampp//htdocs...', 100)
#1 [internal function]: Illuminate/Foundation/Bootstrap/HandleExceptions->Illuminate/Foundation/Bootstrap/{closure}(2, 'file_get_conten...', 'C://xampp//htdocs...', 100)
#2 C:/xampp/htdocs/PROYECT-MAIN-main/vendor/laravel/framework/src/Illuminate/Foundation/Console/KeyGenerateCommand.php(100): file_get_contents('C://xampp//htdocs...')
#3 C:/xampp/htdocs/PROYECT-MAIN-main/vendor/laravel/framework/src/Illuminate/Foundation/Console/KeyGenerateCommand.php(82): Illuminate/Foundation/Console/KeyGenerateCommand->writeNewEnvironmentFileWith('base64:MelOvR/h...')
#4 C:/xampp/htdocs/PROYECT-MAIN-main/vendor/laravel/framework/src/Illuminate/Foundation/Console/KeyGenerateCommand.php(47): Illuminate/Foundation/Console/KeyGenerateCommand->setKeyInEnvironmentFile('base64:MelOvR/h...')
#5 C:/xampp/htdocs/PROYECT-MAIN-main/vendor/laravel/framework/src/Illuminate/Container/BoundMethod.php(36): Illuminate/Foundation/Console/KeyGenerateCommand->handle()
#6 C:/xampp/htdocs/PROYECT-MAIN-main/vendor/laravel/framework/src/Illuminate/Container/Util.php(43): Illuminate/Container/BoundMethod::Illuminate/Container/{closure}()
#7 C:/xampp/htdocs/PROYECT-MAIN-main/vendor/laravel/framework/src/Illuminate/Container/BoundMethod.php(96): Illuminate/Container/Util::unwrapIfClosure(Object(Closure))
#8 C:/xampp/htdocs/PROYECT-MAIN-main/vendor/laravel/framework/src/Illuminate/Container/BoundMethod.php(35): Illuminate/Container/BoundMethod::callBoundMethod(Object(Illuminate/Foundation/Application), Array, Object(Closure))
#9 C:/xampp/htdocs/PROYECT-MAIN-main/vendor/laravel/framework/src/Illuminate/Container/Container.php(799): Illuminate/Container/BoundMethod::call(Object(Illuminate/Foundation/Application), Array, Array, NULL)
#10 C:/xampp/htdocs/PROYECT-MAIN-main/vendor/laravel/framework/src/Illuminate/Console/Command.php(211): Illuminate/Container/Container->call(Array)
#11 C:/xampp/htdocs/PROYECT-MAIN-main/vendor/symfony/console/Command/Command.php(341): Illuminate/Console/Command->execute(Object(Symfony/Component/Console/Input/ArgvInput), Object(Illuminate/Console/OutputStyle))
#12 C:/xampp/htdocs/PROYECT-MAIN-main/vendor/laravel/framework/src/Illuminate/Console/Command.php(180): Symfony/Component/Console/Command/Command->run(Object(Symfony/Component/Console/Input/ArgvInput), Object(Illuminate/Console/OutputStyle))
#13 C:/xampp/htdocs/PROYECT-MAIN-main/vendor/symfony/console/Application.php(1117): Illuminate/Console/Command->run(Object(Symfony/Component/Console/Input/ArgvInput), Object(Symfony/Component/Console/Output/ConsoleOutput))
#14 C:/xampp/htdocs/PROYECT-MAIN-main/vendor/symfony/console/Application.php(356): Symfony/Component/Console/Application->doRunCommand(Object(Illuminate/Foundation/Console/KeyGenerateCommand), Object(Symfony/Component/Console/Input/ArgvInput), Object(Symfony/Component/Console/Output/ConsoleOutput))
#15 C:/xampp/htdocs/PROYECT-MAIN-main/vendor/symfony/console/Application.php(195): Symfony/Component/Console/Application->doRun(Object(Symfony/Component/Console/Input/ArgvInput), Object(Symfony/Component/Console/Output/ConsoleOutput))
#16 C:/xampp/htdocs/PROYECT-MAIN-main/vendor/laravel/framework/src/Illuminate/Foundation/Console/Kernel.php(198): Symfony/Component/Console/Application->run(Object(Symfony/Component/Console/Input/ArgvInput), Object(Symfony/Component/Console/Output/ConsoleOutput))
#17 C:/xampp/htdocs/PROYECT-MAIN-main/vendor/laravel/framework/src/Illuminate/Foundation/Application.php(1235): Illuminate/Foundation/Console/Kernel->handle(Object(Symfony/Component/Console/Input/ArgvInput), Object(Symfony/Component/Console/Output/ConsoleOutput))
#18 C:/xampp/htdocs/PROYECT-MAIN-main/artisan(16): Illuminate/Foundation/Application->handleCommand(Object(Symfony/Component/Console/Input/ArgvInput))
#19 {main}
"} 
[2026-06-04 17:52:18] production.ERROR: SQLSTATE[HY000]: General error: 1 no such table: appointments (Connection: sqlite, Database: C:\xampp\htdocs\PROYECT-MAIN-main\database\database.sqlite, SQL: alter table "appointments" add column "status" varchar check ("status" in ('pendiente', 'confirmada', 'cancelada')) not null default 'pendiente') {"exception":"[object] (Illuminate\\Database\\QueryException(code: HY000): SQLSTATE[HY000]: General error: 1 no such table: appointments (Connection: sqlite, Database: C:\\xampp\\htdocs\\PROYECT-MAIN-main\\database\\database.sqlite, SQL: alter table \"appointments\" add column \"status\" varchar check (\"status\" in ('pendiente', 'confirmada', 'cancelada')) not null default 'pendiente') at C:/xampp/htdocs/PROYECT-MAIN-main/vendor/laravel/framework/src/Illuminate/Database/Connection.php:838)
[stacktrace]
#0 C:/xampp/htdocs/PROYECT-MAIN-main/vendor/laravel/framework/src/Illuminate/Database/Connection.php(794): Illuminate/Database/Connection->runQueryCallback('alter table \"ap...', Array, Object(Closure))
#1 C:/xampp/htdocs/PROYECT-MAIN-main/vendor/laravel/framework/src/Illuminate/Database/Connection.php(573): Illuminate/Database/Connection->run('alter table \"ap...', Array, Object(Closure))
#2 C:/xampp/htdocs/PROYECT-MAIN-main/vendor/laravel/framework/src/Illuminate/Database/Schema/Blueprint.php(121): Illuminate/Database/Connection->statement('alter table \"ap...')
#3 C:/xampp/htdocs/PROYECT-MAIN-main/vendor/laravel/framework/src/Illuminate/Database/Schema/Builder.php(686): Illuminate/Database/Schema/Blueprint->build()
#4 C:/xampp/htdocs/PROYECT-MAIN-main/vendor/laravel/framework/src/Illuminate/Database/Schema/Builder.php(494): Illuminate/Database/Schema/Builder->build(Object(Illuminate/Database/Schema/Blueprint))
#5 C:/xampp/htdocs/PROYECT-MAIN-main/vendor/laravel/framework/src/Illuminate/Support/Facades/Facade.php(363): Illuminate/Database/Schema/Builder->table('appointments', Object(Closure))
#6 C:/xampp/htdocs/PROYECT-MAIN-main/database/migrations/2026_05_25_213751_create_appointments_table.php(31): Illuminate/Support/Facades/Facade::__callStatic('table', Array)
#7 C:/xampp/htdocs/PROYECT-MAIN-main/vendor/laravel/framework/src/Illuminate/Database/Schema/Builder.php(509): Illuminate/Database/Migrations/Migration@anonymous->{closure}(Object(Illuminate/Database/Schema/Blueprint))
#8 C:/xampp/htdocs/PROYECT-MAIN-main/vendor/laravel/framework/src/Illuminate/Support/helpers.php(393): Illuminate/Database/Schema/Builder->Illuminate/Database/Schema/{closure}(Object(Illuminate/Database/Schema/Blueprint))
#9 C:/xampp/htdocs/PROYECT-MAIN-main/vendor/laravel/framework/src/Illuminate/Database/Schema/Builder.php(506): tap(Object(Illuminate/Database/Schema/Blueprint), Object(Closure))
#10 C:/xampp/htdocs/PROYECT-MAIN-main/vendor/laravel/framework/src/Illuminate/Support/Facades/Facade.php(363): Illuminate/Database/Schema/Builder->create('appointments', Object(Closure))
#11 C:/xampp/htdocs/PROYECT-MAIN-main/database/migrations/2026_05_25_213751_create_appointments_table.php(14): Illuminate/Support/Facades/Facade::__callStatic('create', Array)
#12 C:/xampp/htdocs/PROYECT-MAIN-main/vendor/laravel/framework/src/Illuminate/Database/Migrations/Migrator.php(517): Illuminate/Database/Migrations/Migration@anonymous->up()
#13 C:/xampp/htdocs/PROYECT-MAIN-main/vendor/laravel/framework/src/Illuminate/Database/Migrations/Migrator.php(442): Illuminate/Database/Migrations/Migrator->runMethod(Object(Illuminate/Database/SQLiteConnection), Object(Illuminate/Database/Migrations/Migration@anonymous), 'up')
#14 C:/xampp/htdocs/PROYECT-MAIN-main/vendor/laravel/framework/src/Illuminate/Database/Migrations/Migrator.php(451): Illuminate/Database/Migrations/Migrator->Illuminate/Database/Migrations/{closure}()
#15 C:/xampp/htdocs/PROYECT-MAIN-main/vendor/laravel/framework/src/Illuminate/Database/Migrations/Migrator.php(253): Illuminate/Database/Migrations/Migrator->runMigration(Object(Illuminate/Database/Migrations/Migration@anonymous), 'up')
#16 C:/xampp/htdocs/PROYECT-MAIN-main/vendor/laravel/framework/src/Illuminate/Console/View/Components/Task.php(41): Illuminate/Database/Migrations/Migrator->Illuminate/Database/Migrations/{closure}()
#17 C:/xampp/htdocs/PROYECT-MAIN-main/vendor/laravel/framework/src/Illuminate/Database/Migrations/Migrator.php(814): Illuminate/Console/View/Components/Task->render('2026_05_25_2137...', Object(Closure))
#18 C:/xampp/htdocs/PROYECT-MAIN-main/vendor/laravel/framework/src/Illuminate/Database/Migrations/Migrator.php(253): Illuminate/Database/Migrations/Migrator->write('Illuminate//Cons...', '2026_05_25_2137...', Object(Closure))
#19 C:/xampp/htdocs/PROYECT-MAIN-main/vendor/laravel/framework/src/Illuminate/Database/Migrations/Migrator.php(211): Illuminate/Database/Migrations/Migrator->runUp('C://xampp//htdocs...', 2, false)
#20 C:/xampp/htdocs/PROYECT-MAIN-main/vendor/laravel/framework/src/Illuminate/Database/Migrations/Migrator.php(138): Illuminate/Database/Migrations/Migrator->runPending(Array, Array)
#21 C:/xampp/htdocs/PROYECT-MAIN-main/vendor/laravel/framework/src/Illuminate/Database/Console/Migrations/MigrateCommand.php(116): Illuminate/Database/Migrations/Migrator->run(Array, Array)
#22 C:/xampp/htdocs/PROYECT-MAIN-main/vendor/laravel/framework/src/Illuminate/Database/Migrations/Migrator.php(671): Illuminate/Database/Console/Migrations/MigrateCommand->Illuminate/Database/Console/Migrations/{closure}()
#23 C:/xampp/htdocs/PROYECT-MAIN-main/vendor/laravel/framework/src/Illuminate/Database/Console/Migrations/MigrateCommand.php(109): Illuminate/Database/Migrations/Migrator->usingConnection(NULL, Object(Closure))
#24 C:/xampp/htdocs/PROYECT-MAIN-main/vendor/laravel/framework/src/Illuminate/Database/Console/Migrations/MigrateCommand.php(88): Illuminate/Database/Console/Migrations/MigrateCommand->runMigrations()
#25 C:/xampp/htdocs/PROYECT-MAIN-main/vendor/laravel/framework/src/Illuminate/Container/BoundMethod.php(36): Illuminate/Database/Console/Migrations/MigrateCommand->handle()
#26 C:/xampp/htdocs/PROYECT-MAIN-main/vendor/laravel/framework/src/Illuminate/Container/Util.php(43): Illuminate/Container/BoundMethod::Illuminate/Container/{closure}()
#27 C:/xampp/htdocs/PROYECT-MAIN-main/vendor/laravel/framework/src/Illuminate/Container/BoundMethod.php(96): Illuminate/Container/Util::unwrapIfClosure(Object(Closure))
#28 C:/xampp/htdocs/PROYECT-MAIN-main/vendor/laravel/framework/src/Illuminate/Container/BoundMethod.php(35): Illuminate/Container/BoundMethod::callBoundMethod(Object(Illuminate/Foundation/Application), Array, Object(Closure))
#29 C:/xampp/htdocs/PROYECT-MAIN-main/vendor/laravel/framework/src/Illuminate/Container/Container.php(799): Illuminate/Container/BoundMethod::call(Object(Illuminate/Foundation/Application), Array, Array, NULL)
#30 C:/xampp/htdocs/PROYECT-MAIN-main/vendor/laravel/framework/src/Illuminate/Console/Command.php(211): Illuminate/Container/Container->call(Array)
#31 C:/xampp/htdocs/PROYECT-MAIN-main/vendor/symfony/console/Command/Command.php(341): Illuminate/Console/Command->execute(Object(Symfony/Component/Console/Input/ArgvInput), Object(Illuminate/Console/OutputStyle))
#32 C:/xampp/htdocs/PROYECT-MAIN-main/vendor/laravel/framework/src/Illuminate/Console/Command.php(180): Symfony/Component/Console/Command/Command->run(Object(Symfony/Component/Console/Input/ArgvInput), Object(Illuminate/Console/OutputStyle))
#33 C:/xampp/htdocs/PROYECT-MAIN-main/vendor/symfony/console/Application.php(1117): Illuminate/Console/Command->run(Object(Symfony/Component/Console/Input/ArgvInput), Object(Symfony/Component/Console/Output/ConsoleOutput))
#34 C:/xampp/htdocs/PROYECT-MAIN-main/vendor/symfony/console/Application.php(356): Symfony/Component/Console/Application->doRunCommand(Object(Illuminate/Database/Console/Migrations/MigrateCommand), Object(Symfony/Component/Console/Input/ArgvInput), Object(Symfony/Component/Console/Output/ConsoleOutput))
#35 C:/xampp/htdocs/PROYECT-MAIN-main/vendor/symfony/console/Application.php(195): Symfony/Component/Console/Application->doRun(Object(Symfony/Component/Console/Input/ArgvInput), Object(Symfony/Component/Console/Output/ConsoleOutput))
#36 C:/xampp/htdocs/PROYECT-MAIN-main/vendor/laravel/framework/src/Illuminate/Foundation/Console/Kernel.php(198): Symfony/Component/Console/Application->run(Object(Symfony/Component/Console/Input/ArgvInput), Object(Symfony/Component/Console/Output/ConsoleOutput))
#37 C:/xampp/htdocs/PROYECT-MAIN-main/vendor/laravel/framework/src/Illuminate/Foundation/Application.php(1235): Illuminate/Foundation/Console/Kernel->handle(Object(Symfony/Component/Console/Input/ArgvInput), Object(Symfony/Component/Console/Output/ConsoleOutput))
#38 C:/xampp/htdocs/PROYECT-MAIN-main/artisan(16): Illuminate/Foundation/Application->handleCommand(Object(Symfony/Component/Console/Input/ArgvInput))
#39 {main}

[previous exception] [object] (PDOException(code: HY000): SQLSTATE[HY000]: General error: 1 no such table: appointments at C:/xampp/htdocs/PROYECT-MAIN-main/vendor/laravel/framework/src/Illuminate/Database/Connection.php:578)
[stacktrace]
#0 C:/xampp/htdocs/PROYECT-MAIN-main/vendor/laravel/framework/src/Illuminate/Database/Connection.php(578): PDO->prepare('alter table \"ap...')
#1 C:/xampp/htdocs/PROYECT-MAIN-main/vendor/laravel/framework/src/Illuminate/Database/Connection.php(827): Illuminate/Database/Connection->Illuminate/Database/{closure}('alter table \"ap...', Array)
#2 C:/xampp/htdocs/PROYECT-MAIN-main/vendor/laravel/framework/src/Illuminate/Database/Connection.php(794): Illuminate/Database/Connection->runQueryCallback('alter table \"ap...', Array, Object(Closure))
#3 C:/xampp/htdocs/PROYECT-MAIN-main/vendor/laravel/framework/src/Illuminate/Database/Connection.php(573): Illuminate/Database/Connection->run('alter table \"ap...', Array, Object(Closure))
#4 C:/xampp/htdocs/PROYECT-MAIN-main/vendor/laravel/framework/src/Illuminate/Database/Schema/Blueprint.php(121): Illuminate/Database/Connection->statement('alter table \"ap...')
#5 C:/xampp/htdocs/PROYECT-MAIN-main/vendor/laravel/framework/src/Illuminate/Database/Schema/Builder.php(686): Illuminate/Database/Schema/Blueprint->build()
#6 C:/xampp/htdocs/PROYECT-MAIN-main/vendor/laravel/framework/src/Illuminate/Database/Schema/Builder.php(494): Illuminate/Database/Schema/Builder->build(Object(Illuminate/Database/Schema/Blueprint))
#7 C:/xampp/htdocs/PROYECT-MAIN-main/vendor/laravel/framework/src/Illuminate/Support/Facades/Facade.php(363): Illuminate/Database/Schema/Builder->table('appointments', Object(Closure))
#8 C:/xampp/htdocs/PROYECT-MAIN-main/database/migrations/2026_05_25_213751_create_appointments_table.php(31): Illuminate/Support/Facades/Facade::__callStatic('table', Array)
#9 C:/xampp/htdocs/PROYECT-MAIN-main/vendor/laravel/framework/src/Illuminate/Database/Schema/Builder.php(509): Illuminate/Database/Migrations/Migration@anonymous->{closure}(Object(Illuminate/Database/Schema/Blueprint))
#10 C:/xampp/htdocs/PROYECT-MAIN-main/vendor/laravel/framework/src/Illuminate/Support/helpers.php(393): Illuminate/Database/Schema/Builder->Illuminate/Database/Schema/{closure}(Object(Illuminate/Database/Schema/Blueprint))
#11 C:/xampp/htdocs/PROYECT-MAIN-main/vendor/laravel/framework/src/Illuminate/Database/Schema/Builder.php(506): tap(Object(Illuminate/Database/Schema/Blueprint), Object(Closure))
#12 C:/xampp/htdocs/PROYECT-MAIN-main/vendor/laravel/framework/src/Illuminate/Support/Facades/Facade.php(363): Illuminate/Database/Schema/Builder->create('appointments', Object(Closure))
#13 C:/xampp/htdocs/PROYECT-MAIN-main/database/migrations/2026_05_25_213751_create_appointments_table.php(14): Illuminate/Support/Facades/Facade::__callStatic('create', Array)
#14 C:/xampp/htdocs/PROYECT-MAIN-main/vendor/laravel/framework/src/Illuminate/Database/Migrations/Migrator.php(517): Illuminate/Database/Migrations/Migration@anonymous->up()
#15 C:/xampp/htdocs/PROYECT-MAIN-main/vendor/laravel/framework/src/Illuminate/Database/Migrations/Migrator.php(442): Illuminate/Database/Migrations/Migrator->runMethod(Object(Illuminate/Database/SQLiteConnection), Object(Illuminate/Database/Migrations/Migration@anonymous), 'up')
#16 C:/xampp/htdocs/PROYECT-MAIN-main/vendor/laravel/framework/src/Illuminate/Database/Migrations/Migrator.php(451): Illuminate/Database/Migrations/Migrator->Illuminate/Database/Migrations/{closure}()
#17 C:/xampp/htdocs/PROYECT-MAIN-main/vendor/laravel/framework/src/Illuminate/Database/Migrations/Migrator.php(253): Illuminate/Database/Migrations/Migrator->runMigration(Object(Illuminate/Database/Migrations/Migration@anonymous), 'up')
#18 C:/xampp/htdocs/PROYECT-MAIN-main/vendor/laravel/framework/src/Illuminate/Console/View/Components/Task.php(41): Illuminate/Database/Migrations/Migrator->Illuminate/Database/Migrations/{closure}()
#19 C:/xampp/htdocs/PROYECT-MAIN-main/vendor/laravel/framework/src/Illuminate/Database/Migrations/Migrator.php(814): Illuminate/Console/View/Components/Task->render('2026_05_25_2137...', Object(Closure))
#20 C:/xampp/htdocs/PROYECT-MAIN-main/vendor/laravel/framework/src/Illuminate/Database/Migrations/Migrator.php(253): Illuminate/Database/Migrations/Migrator->write('Illuminate//Cons...', '2026_05_25_2137...', Object(Closure))
#21 C:/xampp/htdocs/PROYECT-MAIN-main/vendor/laravel/framework/src/Illuminate/Database/Migrations/Migrator.php(211): Illuminate/Database/Migrations/Migrator->runUp('C://xampp//htdocs...', 2, false)
#22 C:/xampp/htdocs/PROYECT-MAIN-main/vendor/laravel/framework/src/Illuminate/Database/Migrations/Migrator.php(138): Illuminate/Database/Migrations/Migrator->runPending(Array, Array)
#23 C:/xampp/htdocs/PROYECT-MAIN-main/vendor/laravel/framework/src/Illuminate/Database/Console/Migrations/MigrateCommand.php(116): Illuminate/Database/Migrations/Migrator->run(Array, Array)
#24 C:/xampp/htdocs/PROYECT-MAIN-main/vendor/laravel/framework/src/Illuminate/Database/Migrations/Migrator.php(671): Illuminate/Database/Console/Migrations/MigrateCommand->Illuminate/Database/Console/Migrations/{closure}()
#25 C:/xampp/htdocs/PROYECT-MAIN-main/vendor/laravel/framework/src/Illuminate/Database/Console/Migrations/MigrateCommand.php(109): Illuminate/Database/Migrations/Migrator->usingConnection(NULL, Object(Closure))
#26 C:/xampp/htdocs/PROYECT-MAIN-main/vendor/laravel/framework/src/Illuminate/Database/Console/Migrations/MigrateCommand.php(88): Illuminate/Database/Console/Migrations/MigrateCommand->runMigrations()
#27 C:/xampp/htdocs/PROYECT-MAIN-main/vendor/laravel/framework/src/Illuminate/Container/BoundMethod.php(36): Illuminate/Database/Console/Migrations/MigrateCommand->handle()
#28 C:/xampp/htdocs/PROYECT-MAIN-main/vendor/laravel/framework/src/Illuminate/Container/Util.php(43): Illuminate/Container/BoundMethod::Illuminate/Container/{closure}()
#29 C:/xampp/htdocs/PROYECT-MAIN-main/vendor/laravel/framework/src/Illuminate/Container/BoundMethod.php(96): Illuminate/Container/Util::unwrapIfClosure(Object(Closure))
#30 C:/xampp/htdocs/PROYECT-MAIN-main/vendor/laravel/framework/src/Illuminate/Container/BoundMethod.php(35): Illuminate/Container/BoundMethod::callBoundMethod(Object(Illuminate/Foundation/Application), Array, Object(Closure))
#31 C:/xampp/htdocs/PROYECT-MAIN-main/vendor/laravel/framework/src/Illuminate/Container/Container.php(799): Illuminate/Container/BoundMethod::call(Object(Illuminate/Foundation/Application), Array, Array, NULL)
#32 C:/xampp/htdocs/PROYECT-MAIN-main/vendor/laravel/framework/src/Illuminate/Console/Command.php(211): Illuminate/Container/Container->call(Array)
#33 C:/xampp/htdocs/PROYECT-MAIN-main/vendor/symfony/console/Command/Command.php(341): Illuminate/Console/Command->execute(Object(Symfony/Component/Console/Input/ArgvInput), Object(Illuminate/Console/OutputStyle))
#34 C:/xampp/htdocs/PROYECT-MAIN-main/vendor/laravel/framework/src/Illuminate/Console/Command.php(180): Symfony/Component/Console/Command/Command->run(Object(Symfony/Component/Console/Input/ArgvInput), Object(Illuminate/Console/OutputStyle))
#35 C:/xampp/htdocs/PROYECT-MAIN-main/vendor/symfony/console/Application.php(1117): Illuminate/Console/Command->run(Object(Symfony/Component/Console/Input/ArgvInput), Object(Symfony/Component/Console/Output/ConsoleOutput))
#36 C:/xampp/htdocs/PROYECT-MAIN-main/vendor/symfony/console/Application.php(356): Symfony/Component/Console/Application->doRunCommand(Object(Illuminate/Database/Console/Migrations/MigrateCommand), Object(Symfony/Component/Console/Input/ArgvInput), Object(Symfony/Component/Console/Output/ConsoleOutput))
#37 C:/xampp/htdocs/PROYECT-MAIN-main/vendor/symfony/console/Application.php(195): Symfony/Component/Console/Application->doRun(Object(Symfony/Component/Console/Input/ArgvInput), Object(Symfony/Component/Console/Output/ConsoleOutput))
#38 C:/xampp/htdocs/PROYECT-MAIN-main/vendor/laravel/framework/src/Illuminate/Foundation/Console/Kernel.php(198): Symfony/Component/Console/Application->run(Object(Symfony/Component/Console/Input/ArgvInput), Object(Symfony/Component/Console/Output/ConsoleOutput))
#39 C:/xampp/htdocs/PROYECT-MAIN-main/vendor/laravel/framework/src/Illuminate/Foundation/Application.php(1235): Illuminate/Foundation/Console/Kernel->handle(Object(Symfony/Component/Console/Input/ArgvInput), Object(Symfony/Component/Console/Output/ConsoleOutput))
#40 C:/xampp/htdocs/PROYECT-MAIN-main/artisan(16): Illuminate/Foundation/Application->handleCommand(Object(Symfony/Component/Console/Input/ArgvInput))
#41 {main}
"} 
[2026-06-04 17:52:31] production.ERROR: SQLSTATE[HY000]: General error: 1 table users has no column named role_id (Connection: sqlite, Database: C:\xampp\htdocs\PROYECT-MAIN-main\database\database.sqlite, SQL: insert into "users" ("name", "email", "password", "role_id", "updated_at", "created_at") values (Admin, admin@example.com, $2y$12$MV1sqPk9pxewu5YLvv3VjO.8TF5MebGsOg6W3F.gv4GibsHlNVEai, 1, 2026-06-04 17:52:31, 2026-06-04 17:52:31)) {"exception":"[object] (Illuminate\\Database\\QueryException(code: HY000): SQLSTATE[HY000]: General error: 1 table users has no column named role_id (Connection: sqlite, Database: C:\\xampp\\htdocs\\PROYECT-MAIN-main\\database\\database.sqlite, SQL: insert into \"users\" (\"name\", \"email\", \"password\", \"role_id\", \"updated_at\", \"created_at\") values (Admin, admin@example.com, $2y$12$MV1sqPk9pxewu5YLvv3VjO.8TF5MebGsOg6W3F.gv4GibsHlNVEai, 1, 2026-06-04 17:52:31, 2026-06-04 17:52:31)) at C:/xampp/htdocs/PROYECT-MAIN-main/vendor/laravel/framework/src/Illuminate/Database/Connection.php:838)
[stacktrace]
#0 C:/xampp/htdocs/PROYECT-MAIN-main/vendor/laravel/framework/src/Illuminate/Database/Connection.php(794): Illuminate/Database/Connection->runQueryCallback('insert into \"us...', Array, Object(Closure))
#1 C:/xampp/htdocs/PROYECT-MAIN-main/vendor/laravel/framework/src/Illuminate/Database/Connection.php(573): Illuminate/Database/Connection->run('insert into \"us...', Array, Object(Closure))
#2 C:/xampp/htdocs/PROYECT-MAIN-main/vendor/laravel/framework/src/Illuminate/Database/Connection.php(537): Illuminate/Database/Connection->statement('insert into \"us...', Array)
#3 C:/xampp/htdocs/PROYECT-MAIN-main/vendor/laravel/framework/src/Illuminate/Database/Query/Processors/Processor.php(32): Illuminate/Database/Connection->insert('insert into \"us...', Array)
#4 C:/xampp/htdocs/PROYECT-MAIN-main/vendor/laravel/framework/src/Illuminate/Database/Query/Builder.php(4170): Illuminate/Database/Query/Processors/Processor->processInsertGetId(Object(Illuminate/Database/Query/Builder), 'insert into \"us...', Array, 'id')
#5 C:/xampp/htdocs/PROYECT-MAIN-main/vendor/laravel/framework/src/Illuminate/Database/Eloquent/Builder.php(2237): Illuminate/Database/Query/Builder->insertGetId(Array, 'id')
#6 C:/xampp/htdocs/PROYECT-MAIN-main/vendor/laravel/framework/src/Illuminate/Database/Eloquent/Model.php(1436): Illuminate/Database/Eloquent/Builder->__call('insertGetId', Array)
#7 C:/xampp/htdocs/PROYECT-MAIN-main/vendor/laravel/framework/src/Illuminate/Database/Eloquent/Model.php(1401): Illuminate/Database/Eloquent/Model->insertAndSetId(Object(Illuminate/Database/Eloquent/Builder), Array)
#8 C:/xampp/htdocs/PROYECT-MAIN-main/vendor/laravel/framework/src/Illuminate/Database/Eloquent/Model.php(1240): Illuminate/Database/Eloquent/Model->performInsert(Object(Illuminate/Database/Eloquent/Builder))
#9 C:/xampp/htdocs/PROYECT-MAIN-main/vendor/laravel/framework/src/Illuminate/Database/Eloquent/Builder.php(1219): Illuminate/Database/Eloquent/Model->save()
#10 C:/xampp/htdocs/PROYECT-MAIN-main/vendor/laravel/framework/src/Illuminate/Support/helpers.php(393): Illuminate/Database/Eloquent/Builder->Illuminate/Database/Eloquent/{closure}(Object(App/Models/User))
#11 C:/xampp/htdocs/PROYECT-MAIN-main/vendor/laravel/framework/src/Illuminate/Database/Eloquent/Builder.php(1218): tap(Object(App/Models/User), Object(Closure))
#12 C:/xampp/htdocs/PROYECT-MAIN-main/vendor/laravel/framework/src/Illuminate/Support/Traits/ForwardsCalls.php(23): Illuminate/Database/Eloquent/Builder->create(Array)
#13 C:/xampp/htdocs/PROYECT-MAIN-main/vendor/laravel/framework/src/Illuminate/Database/Eloquent/Model.php(2544): Illuminate/Database/Eloquent/Model->forwardCallTo(Object(Illuminate/Database/Eloquent/Builder), 'create', Array)
#14 C:/xampp/htdocs/PROYECT-MAIN-main/vendor/laravel/framework/src/Illuminate/Database/Eloquent/Model.php(2560): Illuminate/Database/Eloquent/Model->__call('create', Array)
#15 C:/xampp/htdocs/PROYECT-MAIN-main/database/seeders/DatabaseSeeder.php(19): Illuminate/Database/Eloquent/Model::__callStatic('create', Array)
#16 C:/xampp/htdocs/PROYECT-MAIN-main/vendor/laravel/framework/src/Illuminate/Container/BoundMethod.php(36): Database/Seeders/DatabaseSeeder->run()
#17 C:/xampp/htdocs/PROYECT-MAIN-main/vendor/laravel/framework/src/Illuminate/Container/Util.php(43): Illuminate/Container/BoundMethod::Illuminate/Container/{closure}()
#18 C:/xampp/htdocs/PROYECT-MAIN-main/vendor/laravel/framework/src/Illuminate/Container/BoundMethod.php(96): Illuminate/Container/Util::unwrapIfClosure(Object(Closure))
#19 C:/xampp/htdocs/PROYECT-MAIN-main/vendor/laravel/framework/src/Illuminate/Container/BoundMethod.php(35): Illuminate/Container/BoundMethod::callBoundMethod(Object(Illuminate/Foundation/Application), Array, Object(Closure))
#20 C:/xampp/htdocs/PROYECT-MAIN-main/vendor/laravel/framework/src/Illuminate/Container/Container.php(799): Illuminate/Container/BoundMethod::call(Object(Illuminate/Foundation/Application), Array, Array, NULL)
#21 C:/xampp/htdocs/PROYECT-MAIN-main/vendor/laravel/framework/src/Illuminate/Database/Seeder.php(184): Illuminate/Container/Container->call(Array, Array)
#22 C:/xampp/htdocs/PROYECT-MAIN-main/vendor/laravel/framework/src/Illuminate/Database/Eloquent/Concerns/HasEvents.php(454): Illuminate/Database/Seeder->Illuminate/Database/{closure}()
#23 C:/xampp/htdocs/PROYECT-MAIN-main/vendor/laravel/framework/src/Illuminate/Database/Console/Seeds/WithoutModelEvents.php(17): Illuminate/Database/Eloquent/Model::withoutEvents(Object(Closure))
#24 C:/xampp/htdocs/PROYECT-MAIN-main/vendor/laravel/framework/src/Illuminate/Database/Seeder.php(193): Database/Seeders/DatabaseSeeder->Illuminate/Database/Console/Seeds/{closure}()
#25 C:/xampp/htdocs/PROYECT-MAIN-main/vendor/laravel/framework/src/Illuminate/Database/Console/Seeds/SeedCommand.php(71): Illuminate/Database/Seeder->__invoke()
#26 C:/xampp/htdocs/PROYECT-MAIN-main/vendor/laravel/framework/src/Illuminate/Database/Eloquent/Concerns/GuardsAttributes.php(157): Illuminate/Database/Console/Seeds/SeedCommand->Illuminate/Database/Console/Seeds/{closure}()
#27 C:/xampp/htdocs/PROYECT-MAIN-main/vendor/laravel/framework/src/Illuminate/Database/Console/Seeds/SeedCommand.php(70): Illuminate/Database/Eloquent/Model::unguarded(Object(Closure))
#28 C:/xampp/htdocs/PROYECT-MAIN-main/vendor/laravel/framework/src/Illuminate/Container/BoundMethod.php(36): Illuminate/Database/Console/Seeds/SeedCommand->handle()
#29 C:/xampp/htdocs/PROYECT-MAIN-main/vendor/laravel/framework/src/Illuminate/Container/Util.php(43): Illuminate/Container/BoundMethod::Illuminate/Container/{closure}()
#30 C:/xampp/htdocs/PROYECT-MAIN-main/vendor/laravel/framework/src/Illuminate/Container/BoundMethod.php(96): Illuminate/Container/Util::unwrapIfClosure(Object(Closure))
#31 C:/xampp/htdocs/PROYECT-MAIN-main/vendor/laravel/framework/src/Illuminate/Container/BoundMethod.php(35): Illuminate/Container/BoundMethod::callBoundMethod(Object(Illuminate/Foundation/Application), Array, Object(Closure))
#32 C:/xampp/htdocs/PROYECT-MAIN-main/vendor/laravel/framework/src/Illuminate/Container/Container.php(799): Illuminate/Container/BoundMethod::call(Object(Illuminate/Foundation/Application), Array, Array, NULL)
#33 C:/xampp/htdocs/PROYECT-MAIN-main/vendor/laravel/framework/src/Illuminate/Console/Command.php(211): Illuminate/Container/Container->call(Array)
#34 C:/xampp/htdocs/PROYECT-MAIN-main/vendor/symfony/console/Command/Command.php(341): Illuminate/Console/Command->execute(Object(Symfony/Component/Console/Input/ArgvInput), Object(Illuminate/Console/OutputStyle))
#35 C:/xampp/htdocs/PROYECT-MAIN-main/vendor/laravel/framework/src/Illuminate/Console/Command.php(180): Symfony/Component/Console/Command/Command->run(Object(Symfony/Component/Console/Input/ArgvInput), Object(Illuminate/Console/OutputStyle))
#36 C:/xampp/htdocs/PROYECT-MAIN-main/vendor/symfony/console/Application.php(1117): Illuminate/Console/Command->run(Object(Symfony/Component/Console/Input/ArgvInput), Object(Symfony/Component/Console/Output/ConsoleOutput))
#37 C:/xampp/htdocs/PROYECT-MAIN-main/vendor/symfony/console/Application.php(356): Symfony/Component/Console/Application->doRunCommand(Object(Illuminate/Database/Console/Seeds/SeedCommand), Object(Symfony/Component/Console/Input/ArgvInput), Object(Symfony/Component/Console/Output/ConsoleOutput))
#38 C:/xampp/htdocs/PROYECT-MAIN-main/vendor/symfony/console/Application.php(195): Symfony/Component/Console/Application->doRun(Object(Symfony/Component/Console/Input/ArgvInput), Object(Symfony/Component/Console/Output/ConsoleOutput))
#39 C:/xampp/htdocs/PROYECT-MAIN-main/vendor/laravel/framework/src/Illuminate/Foundation/Console/Kernel.php(198): Symfony/Component/Console/Application->run(Object(Symfony/Component/Console/Input/ArgvInput), Object(Symfony/Component/Console/Output/ConsoleOutput))
#40 C:/xampp/htdocs/PROYECT-MAIN-main/vendor/laravel/framework/src/Illuminate/Foundation/Application.php(1235): Illuminate/Foundation/Console/Kernel->handle(Object(Symfony/Component/Console/Input/ArgvInput), Object(Symfony/Component/Console/Output/ConsoleOutput))
#41 C:/xampp/htdocs/PROYECT-MAIN-main/artisan(16): Illuminate/Foundation/Application->handleCommand(Object(Symfony/Component/Console/Input/ArgvInput))
#42 {main}

[previous exception] [object] (PDOException(code: HY000): SQLSTATE[HY000]: General error: 1 table users has no column named role_id at C:/xampp/htdocs/PROYECT-MAIN-main/vendor/laravel/framework/src/Illuminate/Database/Connection.php:578)
[stacktrace]
#0 C:/xampp/htdocs/PROYECT-MAIN-main/vendor/laravel/framework/src/Illuminate/Database/Connection.php(578): PDO->prepare('insert into \"us...')
#1 C:/xampp/htdocs/PROYECT-MAIN-main/vendor/laravel/framework/src/Illuminate/Database/Connection.php(827): Illuminate/Database/Connection->Illuminate/Database/{closure}('insert into \"us...', Array)
#2 C:/xampp/htdocs/PROYECT-MAIN-main/vendor/laravel/framework/src/Illuminate/Database/Connection.php(794): Illuminate/Database/Connection->runQueryCallback('insert into \"us...', Array, Object(Closure))
#3 C:/xampp/htdocs/PROYECT-MAIN-main/vendor/laravel/framework/src/Illuminate/Database/Connection.php(573): Illuminate/Database/Connection->run('insert into \"us...', Array, Object(Closure))
#4 C:/xampp/htdocs/PROYECT-MAIN-main/vendor/laravel/framework/src/Illuminate/Database/Connection.php(537): Illuminate/Database/Connection->statement('insert into \"us...', Array)
#5 C:/xampp/htdocs/PROYECT-MAIN-main/vendor/laravel/framework/src/Illuminate/Database/Query/Processors/Processor.php(32): Illuminate/Database/Connection->insert('insert into \"us...', Array)
#6 C:/xampp/htdocs/PROYECT-MAIN-main/vendor/laravel/framework/src/Illuminate/Database/Query/Builder.php(4170): Illuminate/Database/Query/Processors/Processor->processInsertGetId(Object(Illuminate/Database/Query/Builder), 'insert into \"us...', Array, 'id')
#7 C:/xampp/htdocs/PROYECT-MAIN-main/vendor/laravel/framework/src/Illuminate/Database/Eloquent/Builder.php(2237): Illuminate/Database/Query/Builder->insertGetId(Array, 'id')
#8 C:/xampp/htdocs/PROYECT-MAIN-main/vendor/laravel/framework/src/Illuminate/Database/Eloquent/Model.php(1436): Illuminate/Database/Eloquent/Builder->__call('insertGetId', Array)
#9 C:/xampp/htdocs/PROYECT-MAIN-main/vendor/laravel/framework/src/Illuminate/Database/Eloquent/Model.php(1401): Illuminate/Database/Eloquent/Model->insertAndSetId(Object(Illuminate/Database/Eloquent/Builder), Array)
#10 C:/xampp/htdocs/PROYECT-MAIN-main/vendor/laravel/framework/src/Illuminate/Database/Eloquent/Model.php(1240): Illuminate/Database/Eloquent/Model->performInsert(Object(Illuminate/Database/Eloquent/Builder))
#11 C:/xampp/htdocs/PROYECT-MAIN-main/vendor/laravel/framework/src/Illuminate/Database/Eloquent/Builder.php(1219): Illuminate/Database/Eloquent/Model->save()
#12 C:/xampp/htdocs/PROYECT-MAIN-main/vendor/laravel/framework/src/Illuminate/Support/helpers.php(393): Illuminate/Database/Eloquent/Builder->Illuminate/Database/Eloquent/{closure}(Object(App/Models/User))
#13 C:/xampp/htdocs/PROYECT-MAIN-main/vendor/laravel/framework/src/Illuminate/Database/Eloquent/Builder.php(1218): tap(Object(App/Models/User), Object(Closure))
#14 C:/xampp/htdocs/PROYECT-MAIN-main/vendor/laravel/framework/src/Illuminate/Support/Traits/ForwardsCalls.php(23): Illuminate/Database/Eloquent/Builder->create(Array)
#15 C:/xampp/htdocs/PROYECT-MAIN-main/vendor/laravel/framework/src/Illuminate/Database/Eloquent/Model.php(2544): Illuminate/Database/Eloquent/Model->forwardCallTo(Object(Illuminate/Database/Eloquent/Builder), 'create', Array)
#16 C:/xampp/htdocs/PROYECT-MAIN-main/vendor/laravel/framework/src/Illuminate/Database/Eloquent/Model.php(2560): Illuminate/Database/Eloquent/Model->__call('create', Array)
#17 C:/xampp/htdocs/PROYECT-MAIN-main/database/seeders/DatabaseSeeder.php(19): Illuminate/Database/Eloquent/Model::__callStatic('create', Array)
#18 C:/xampp/htdocs/PROYECT-MAIN-main/vendor/laravel/framework/src/Illuminate/Container/BoundMethod.php(36): Database/Seeders/DatabaseSeeder->run()
#19 C:/xampp/htdocs/PROYECT-MAIN-main/vendor/laravel/framework/src/Illuminate/Container/Util.php(43): Illuminate/Container/BoundMethod::Illuminate/Container/{closure}()
#20 C:/xampp/htdocs/PROYECT-MAIN-main/vendor/laravel/framework/src/Illuminate/Container/BoundMethod.php(96): Illuminate/Container/Util::unwrapIfClosure(Object(Closure))
#21 C:/xampp/htdocs/PROYECT-MAIN-main/vendor/laravel/framework/src/Illuminate/Container/BoundMethod.php(35): Illuminate/Container/BoundMethod::callBoundMethod(Object(Illuminate/Foundation/Application), Array, Object(Closure))
#22 C:/xampp/htdocs/PROYECT-MAIN-main/vendor/laravel/framework/src/Illuminate/Container/Container.php(799): Illuminate/Container/BoundMethod::call(Object(Illuminate/Foundation/Application), Array, Array, NULL)
#23 C:/xampp/htdocs/PROYECT-MAIN-main/vendor/laravel/framework/src/Illuminate/Database/Seeder.php(184): Illuminate/Container/Container->call(Array, Array)
#24 C:/xampp/htdocs/PROYECT-MAIN-main/vendor/laravel/framework/src/Illuminate/Database/Eloquent/Concerns/HasEvents.php(454): Illuminate/Database/Seeder->Illuminate/Database/{closure}()
#25 C:/xampp/htdocs/PROYECT-MAIN-main/vendor/laravel/framework/src/Illuminate/Database/Console/Seeds/WithoutModelEvents.php(17): Illuminate/Database/Eloquent/Model::withoutEvents(Object(Closure))
#26 C:/xampp/htdocs/PROYECT-MAIN-main/vendor/laravel/framework/src/Illuminate/Database/Seeder.php(193): Database/Seeders/DatabaseSeeder->Illuminate/Database/Console/Seeds/{closure}()
#27 C:/xampp/htdocs/PROYECT-MAIN-main/vendor/laravel/framework/src/Illuminate/Database/Console/Seeds/SeedCommand.php(71): Illuminate/Database/Seeder->__invoke()
#28 C:/xampp/htdocs/PROYECT-MAIN-main/vendor/laravel/framework/src/Illuminate/Database/Eloquent/Concerns/GuardsAttributes.php(157): Illuminate/Database/Console/Seeds/SeedCommand->Illuminate/Database/Console/Seeds/{closure}()
#29 C:/xampp/htdocs/PROYECT-MAIN-main/vendor/laravel/framework/src/Illuminate/Database/Console/Seeds/SeedCommand.php(70): Illuminate/Database/Eloquent/Model::unguarded(Object(Closure))
#30 C:/xampp/htdocs/PROYECT-MAIN-main/vendor/laravel/framework/src/Illuminate/Container/BoundMethod.php(36): Illuminate/Database/Console/Seeds/SeedCommand->handle()
#31 C:/xampp/htdocs/PROYECT-MAIN-main/vendor/laravel/framework/src/Illuminate/Container/Util.php(43): Illuminate/Container/BoundMethod::Illuminate/Container/{closure}()
#32 C:/xampp/htdocs/PROYECT-MAIN-main/vendor/laravel/framework/src/Illuminate/Container/BoundMethod.php(96): Illuminate/Container/Util::unwrapIfClosure(Object(Closure))
#33 C:/xampp/htdocs/PROYECT-MAIN-main/vendor/laravel/framework/src/Illuminate/Container/BoundMethod.php(35): Illuminate/Container/BoundMethod::callBoundMethod(Object(Illuminate/Foundation/Application), Array, Object(Closure))
#34 C:/xampp/htdocs/PROYECT-MAIN-main/vendor/laravel/framework/src/Illuminate/Container/Container.php(799): Illuminate/Container/BoundMethod::call(Object(Illuminate/Foundation/Application), Array, Array, NULL)
#35 C:/xampp/htdocs/PROYECT-MAIN-main/vendor/laravel/framework/src/Illuminate/Console/Command.php(211): Illuminate/Container/Container->call(Array)
#36 C:/xampp/htdocs/PROYECT-MAIN-main/vendor/symfony/console/Command/Command.php(341): Illuminate/Console/Command->execute(Object(Symfony/Component/Console/Input/ArgvInput), Object(Illuminate/Console/OutputStyle))
#37 C:/xampp/htdocs/PROYECT-MAIN-main/vendor/laravel/framework/src/Illuminate/Console/Command.php(180): Symfony/Component/Console/Command/Command->run(Object(Symfony/Component/Console/Input/ArgvInput), Object(Illuminate/Console/OutputStyle))
#38 C:/xampp/htdocs/PROYECT-MAIN-main/vendor/symfony/console/Application.php(1117): Illuminate/Console/Command->run(Object(Symfony/Component/Console/Input/ArgvInput), Object(Symfony/Component/Console/Output/ConsoleOutput))
#39 C:/xampp/htdocs/PROYECT-MAIN-main/vendor/symfony/console/Application.php(356): Symfony/Component/Console/Application->doRunCommand(Object(Illuminate/Database/Console/Seeds/SeedCommand), Object(Symfony/Component/Console/Input/ArgvInput), Object(Symfony/Component/Console/Output/ConsoleOutput))
#40 C:/xampp/htdocs/PROYECT-MAIN-main/vendor/symfony/console/Application.php(195): Symfony/Component/Console/Application->doRun(Object(Symfony/Component/Console/Input/ArgvInput), Object(Symfony/Component/Console/Output/ConsoleOutput))
#41 C:/xampp/htdocs/PROYECT-MAIN-main/vendor/laravel/framework/src/Illuminate/Foundation/Console/Kernel.php(198): Symfony/Component/Console/Application->run(Object(Symfony/Component/Console/Input/ArgvInput), Object(Symfony/Component/Console/Output/ConsoleOutput))
#42 C:/xampp/htdocs/PROYECT-MAIN-main/vendor/laravel/framework/src/Illuminate/Foundation/Application.php(1235): Illuminate/Foundation/Console/Kernel->handle(Object(Symfony/Component/Console/Input/ArgvInput), Object(Symfony/Component/Console/Output/ConsoleOutput))
#43 C:/xampp/htdocs/PROYECT-MAIN-main/artisan(16): Illuminate/Foundation/Application->handleCommand(Object(Symfony/Component/Console/Input/ArgvInput))
#44 {main}
"} 
[2026-06-04 17:52:58] production.ERROR: No application encryption key has been specified. {"exception":"[object] (Illuminate\\Encryption\\MissingAppKeyException(code: 0): No application encryption key has been specified. at C:/xampp/htdocs/PROYECT-MAIN-main/vendor/laravel/framework/src/Illuminate/Encryption/EncryptionServiceProvider.php:83)
[stacktrace]
#0 C:/xampp/htdocs/PROYECT-MAIN-main/vendor/laravel/framework/src/Illuminate/Support/helpers.php(393): Illuminate/Encryption/EncryptionServiceProvider->Illuminate/Encryption/{closure}(NULL)
#1 C:/xampp/htdocs/PROYECT-MAIN-main/vendor/laravel/framework/src/Illuminate/Encryption/EncryptionServiceProvider.php(81): tap(NULL, Object(Closure))
#2 C:/xampp/htdocs/PROYECT-MAIN-main/vendor/laravel/framework/src/Illuminate/Encryption/EncryptionServiceProvider.php(64): Illuminate/Encryption/EncryptionServiceProvider->key(Array)
#3 C:/xampp/htdocs/PROYECT-MAIN-main/vendor/laravel/framework/src/Illuminate/Encryption/EncryptionServiceProvider.php(32): Illuminate/Encryption/EncryptionServiceProvider->parseKey(Array)
#4 C:/xampp/htdocs/PROYECT-MAIN-main/vendor/laravel/framework/src/Illuminate/Container/Container.php(1115): Illuminate/Encryption/EncryptionServiceProvider->Illuminate/Encryption/{closure}(Object(Illuminate/Foundation/Application), Array)
#5 C:/xampp/htdocs/PROYECT-MAIN-main/vendor/laravel/framework/src/Illuminate/Container/Container.php(933): Illuminate/Container/Container->build(Object(Closure))
#6 C:/xampp/htdocs/PROYECT-MAIN-main/vendor/laravel/framework/src/Illuminate/Foundation/Application.php(1078): Illuminate/Container/Container->resolve('encrypter', Array, true)
#7 C:/xampp/htdocs/PROYECT-MAIN-main/vendor/laravel/framework/src/Illuminate/Container/Container.php(864): Illuminate/Foundation/Application->resolve('encrypter', Array)
#8 C:/xampp/htdocs/PROYECT-MAIN-main/vendor/laravel/framework/src/Illuminate/Foundation/Application.php(1058): Illuminate/Container/Container->make('encrypter', Array)
#9 C:/xampp/htdocs/PROYECT-MAIN-main/vendor/laravel/framework/src/Illuminate/Container/Container.php(1336): Illuminate/Foundation/Application->make('encrypter')
#10 C:/xampp/htdocs/PROYECT-MAIN-main/vendor/laravel/framework/src/Illuminate/Container/Container.php(1237): Illuminate/Container/Container->resolveClass(Object(ReflectionParameter), 'Illuminate//Cont...')
#11 C:/xampp/htdocs/PROYECT-MAIN-main/vendor/laravel/framework/src/Illuminate/Container/Container.php(1162): Illuminate/Container/Container->resolveDependencies(Array)
#12 C:/xampp/htdocs/PROYECT-MAIN-main/vendor/laravel/framework/src/Illuminate/Container/Container.php(933): Illuminate/Container/Container->build('Illuminate//Cook...')
#13 C:/xampp/htdocs/PROYECT-MAIN-main/vendor/laravel/framework/src/Illuminate/Foundation/Application.php(1078): Illuminate/Container/Container->resolve('Illuminate//Cook...', Array, true)
#14 C:/xampp/htdocs/PROYECT-MAIN-main/vendor/laravel/framework/src/Illuminate/Container/Container.php(864): Illuminate/Foundation/Application->resolve('Illuminate//Cook...', Array)
#15 C:/xampp/htdocs/PROYECT-MAIN-main/vendor/laravel/framework/src/Illuminate/Foundation/Application.php(1058): Illuminate/Container/Container->make('Illuminate//Cook...', Array)
#16 C:/xampp/htdocs/PROYECT-MAIN-main/vendor/laravel/framework/src/Illuminate/Pipeline/Pipeline.php(208): Illuminate/Foundation/Application->make('Illuminate//Cook...')
#17 C:/xampp/htdocs/PROYECT-MAIN-main/vendor/laravel/framework/src/Illuminate/Pipeline/Pipeline.php(137): Illuminate/Pipeline/Pipeline->Illuminate/Pipeline/{closure}(Object(Illuminate/Http/Request))
#18 C:/xampp/htdocs/PROYECT-MAIN-main/vendor/laravel/framework/src/Illuminate/Routing/Router.php(821): Illuminate/Pipeline/Pipeline->then(Object(Closure))
#19 C:/xampp/htdocs/PROYECT-MAIN-main/vendor/laravel/framework/src/Illuminate/Routing/Router.php(800): Illuminate/Routing/Router->runRouteWithinStack(Object(Illuminate/Routing/Route), Object(Illuminate/Http/Request))
#20 C:/xampp/htdocs/PROYECT-MAIN-main/vendor/laravel/framework/src/Illuminate/Routing/Router.php(764): Illuminate/Routing/Router->runRoute(Object(Illuminate/Http/Request), Object(Illuminate/Routing/Route))
#21 C:/xampp/htdocs/PROYECT-MAIN-main/vendor/laravel/framework/src/Illuminate/Routing/Router.php(753): Illuminate/Routing/Router->dispatchToRoute(Object(Illuminate/Http/Request))
#22 C:/xampp/htdocs/PROYECT-MAIN-main/vendor/laravel/framework/src/Illuminate/Foundation/Http/Kernel.php(200): Illuminate/Routing/Router->dispatch(Object(Illuminate/Http/Request))
#23 C:/xampp/htdocs/PROYECT-MAIN-main/vendor/laravel/framework/src/Illuminate/Pipeline/Pipeline.php(180): Illuminate/Foundation/Http/Kernel->Illuminate/Foundation/Http/{closure}(Object(Illuminate/Http/Request))
#24 C:/xampp/htdocs/PROYECT-MAIN-main/vendor/laravel/framework/src/Illuminate/Foundation/Http/Middleware/TransformsRequest.php(21): Illuminate/Pipeline/Pipeline->Illuminate/Pipeline/{closure}(Object(Illuminate/Http/Request))
#25 C:/xampp/htdocs/PROYECT-MAIN-main/vendor/laravel/framework/src/Illuminate/Foundation/Http/Middleware/ConvertEmptyStringsToNull.php(31): Illuminate/Foundation/Http/Middleware/TransformsRequest->handle(Object(Illuminate/Http/Request), Object(Closure))
#26 C:/xampp/htdocs/PROYECT-MAIN-main/vendor/laravel/framework/src/Illuminate/Pipeline/Pipeline.php(219): Illuminate/Foundation/Http/Middleware/ConvertEmptyStringsToNull->handle(Object(Illuminate/Http/Request), Object(Closure))
#27 C:/xampp/htdocs/PROYECT-MAIN-main/vendor/laravel/framework/src/Illuminate/Foundation/Http/Middleware/TransformsRequest.php(21): Illuminate/Pipeline/Pipeline->Illuminate/Pipeline/{closure}(Object(Illuminate/Http/Request))
#28 C:/xampp/htdocs/PROYECT-MAIN-main/vendor/laravel/framework/src/Illuminate/Foundation/Http/Middleware/TrimStrings.php(51): Illuminate/Foundation/Http/Middleware/TransformsRequest->handle(Object(Illuminate/Http/Request), Object(Closure))
#29 C:/xampp/htdocs/PROYECT-MAIN-main/vendor/laravel/framework/src/Illuminate/Pipeline/Pipeline.php(219): Illuminate/Foundation/Http/Middleware/TrimStrings->handle(Object(Illuminate/Http/Request), Object(Closure))
#30 C:/xampp/htdocs/PROYECT-MAIN-main/vendor/laravel/framework/src/Illuminate/Http/Middleware/ValidatePostSize.php(27): Illuminate/Pipeline/Pipeline->Illuminate/Pipeline/{closure}(Object(Illuminate/Http/Request))
#31 C:/xampp/htdocs/PROYECT-MAIN-main/vendor/laravel/framework/src/Illuminate/Pipeline/Pipeline.php(219): Illuminate/Http/Middleware/ValidatePostSize->handle(Object(Illuminate/Http/Request), Object(Closure))
#32 C:/xampp/htdocs/PROYECT-MAIN-main/vendor/laravel/framework/src/Illuminate/Foundation/Http/Middleware/PreventRequestsDuringMaintenance.php(109): Illuminate/Pipeline/Pipeline->Illuminate/Pipeline/{closure}(Object(Illuminate/Http/Request))
#33 C:/xampp/htdocs/PROYECT-MAIN-main/vendor/laravel/framework/src/Illuminate/Pipeline/Pipeline.php(219): Illuminate/Foundation/Http/Middleware/PreventRequestsDuringMaintenance->handle(Object(Illuminate/Http/Request), Object(Closure))
#34 C:/xampp/htdocs/PROYECT-MAIN-main/vendor/laravel/framework/src/Illuminate/Http/Middleware/HandleCors.php(61): Illuminate/Pipeline/Pipeline->Illuminate/Pipeline/{closure}(Object(Illuminate/Http/Request))
#35 C:/xampp/htdocs/PROYECT-MAIN-main/vendor/laravel/framework/src/Illuminate/Pipeline/Pipeline.php(219): Illuminate/Http/Middleware/HandleCors->handle(Object(Illuminate/Http/Request), Object(Closure))
#36 C:/xampp/htdocs/PROYECT-MAIN-main/vendor/laravel/framework/src/Illuminate/Http/Middleware/TrustProxies.php(58): Illuminate/Pipeline/Pipeline->Illuminate/Pipeline/{closure}(Object(Illuminate/Http/Request))
#37 C:/xampp/htdocs/PROYECT-MAIN-main/vendor/laravel/framework/src/Illuminate/Pipeline/Pipeline.php(219): Illuminate/Http/Middleware/TrustProxies->handle(Object(Illuminate/Http/Request), Object(Closure))
#38 C:/xampp/htdocs/PROYECT-MAIN-main/vendor/laravel/framework/src/Illuminate/Foundation/Http/Middleware/InvokeDeferredCallbacks.php(22): Illuminate/Pipeline/Pipeline->Illuminate/Pipeline/{closure}(Object(Illuminate/Http/Request))
#39 C:/xampp/htdocs/PROYECT-MAIN-main/vendor/laravel/framework/src/Illuminate/Pipeline/Pipeline.php(219): Illuminate/Foundation/Http/Middleware/InvokeDeferredCallbacks->handle(Object(Illuminate/Http/Request), Object(Closure))
#40 C:/xampp/htdocs/PROYECT-MAIN-main/vendor/laravel/framework/src/Illuminate/Http/Middleware/ValidatePathEncoding.php(26): Illuminate/Pipeline/Pipeline->Illuminate/Pipeline/{closure}(Object(Illuminate/Http/Request))
#41 C:/xampp/htdocs/PROYECT-MAIN-main/vendor/laravel/framework/src/Illuminate/Pipeline/Pipeline.php(219): Illuminate/Http/Middleware/ValidatePathEncoding->handle(Object(Illuminate/Http/Request), Object(Closure))
#42 C:/xampp/htdocs/PROYECT-MAIN-main/vendor/laravel/framework/src/Illuminate/Pipeline/Pipeline.php(137): Illuminate/Pipeline/Pipeline->Illuminate/Pipeline/{closure}(Object(Illuminate/Http/Request))
#43 C:/xampp/htdocs/PROYECT-MAIN-main/vendor/laravel/framework/src/Illuminate/Foundation/Http/Kernel.php(175): Illuminate/Pipeline/Pipeline->then(Object(Closure))
#44 C:/xampp/htdocs/PROYECT-MAIN-main/vendor/laravel/framework/src/Illuminate/Foundation/Http/Kernel.php(144): Illuminate/Foundation/Http/Kernel->sendRequestThroughRouter(Object(Illuminate/Http/Request))
#45 C:/xampp/htdocs/PROYECT-MAIN-main/vendor/laravel/framework/src/Illuminate/Foundation/Application.php(1220): Illuminate/Foundation/Http/Kernel->handle(Object(Illuminate/Http/Request))
#46 C:/xampp/htdocs/PROYECT-MAIN-main/public/index.php(20): Illuminate/Foundation/Application->handleRequest(Object(Illuminate/Http/Request))
#47 C:/xampp/htdocs/PROYECT-MAIN-main/vendor/laravel/framework/src/Illuminate/Foundation/resources/server.php(23): require_once('C://xampp//htdocs...')
#48 {main}
"} 
[2026-06-04 17:52:59] production.ERROR: No application encryption key has been specified. {"exception":"[object] (Illuminate\\Encryption\\MissingAppKeyException(code: 0): No application encryption key has been specified. at C:/xampp/htdocs/PROYECT-MAIN-main/vendor/laravel/framework/src/Illuminate/Encryption/EncryptionServiceProvider.php:83)
[stacktrace]
#0 C:/xampp/htdocs/PROYECT-MAIN-main/vendor/laravel/framework/src/Illuminate/Support/helpers.php(393): Illuminate/Encryption/EncryptionServiceProvider->Illuminate/Encryption/{closure}(NULL)
#1 C:/xampp/htdocs/PROYECT-MAIN-main/vendor/laravel/framework/src/Illuminate/Encryption/EncryptionServiceProvider.php(81): tap(NULL, Object(Closure))
#2 C:/xampp/htdocs/PROYECT-MAIN-main/vendor/laravel/framework/src/Illuminate/Encryption/EncryptionServiceProvider.php(64): Illuminate/Encryption/EncryptionServiceProvider->key(Array)
#3 C:/xampp/htdocs/PROYECT-MAIN-main/vendor/laravel/framework/src/Illuminate/Encryption/EncryptionServiceProvider.php(32): Illuminate/Encryption/EncryptionServiceProvider->parseKey(Array)
#4 C:/xampp/htdocs/PROYECT-MAIN-main/vendor/laravel/framework/src/Illuminate/Container/Container.php(1115): Illuminate/Encryption/EncryptionServiceProvider->Illuminate/Encryption/{closure}(Object(Illuminate/Foundation/Application), Array)
#5 C:/xampp/htdocs/PROYECT-MAIN-main/vendor/laravel/framework/src/Illuminate/Container/Container.php(933): Illuminate/Container/Container->build(Object(Closure))
#6 C:/xampp/htdocs/PROYECT-MAIN-main/vendor/laravel/framework/src/Illuminate/Foundation/Application.php(1078): Illuminate/Container/Container->resolve('encrypter', Array, true)
#7 C:/xampp/htdocs/PROYECT-MAIN-main/vendor/laravel/framework/src/Illuminate/Container/Container.php(864): Illuminate/Foundation/Application->resolve('encrypter', Array)
#8 C:/xampp/htdocs/PROYECT-MAIN-main/vendor/laravel/framework/src/Illuminate/Foundation/Application.php(1058): Illuminate/Container/Container->make('encrypter', Array)
#9 C:/xampp/htdocs/PROYECT-MAIN-main/vendor/laravel/framework/src/Illuminate/Container/Container.php(1336): Illuminate/Foundation/Application->make('encrypter')
#10 C:/xampp/htdocs/PROYECT-MAIN-main/vendor/laravel/framework/src/Illuminate/Container/Container.php(1237): Illuminate/Container/Container->resolveClass(Object(ReflectionParameter), 'Illuminate//Cont...')
#11 C:/xampp/htdocs/PROYECT-MAIN-main/vendor/laravel/framework/src/Illuminate/Container/Container.php(1162): Illuminate/Container/Container->resolveDependencies(Array)
#12 C:/xampp/htdocs/PROYECT-MAIN-main/vendor/laravel/framework/src/Illuminate/Container/Container.php(933): Illuminate/Container/Container->build('Illuminate//Cook...')
#13 C:/xampp/htdocs/PROYECT-MAIN-main/vendor/laravel/framework/src/Illuminate/Foundation/Application.php(1078): Illuminate/Container/Container->resolve('Illuminate//Cook...', Array, true)
#14 C:/xampp/htdocs/PROYECT-MAIN-main/vendor/laravel/framework/src/Illuminate/Container/Container.php(864): Illuminate/Foundation/Application->resolve('Illuminate//Cook...', Array)
#15 C:/xampp/htdocs/PROYECT-MAIN-main/vendor/laravel/framework/src/Illuminate/Foundation/Application.php(1058): Illuminate/Container/Container->make('Illuminate//Cook...', Array)
#16 C:/xampp/htdocs/PROYECT-MAIN-main/vendor/laravel/framework/src/Illuminate/Foundation/Http/Kernel.php(257): Illuminate/Foundation/Application->make('Illuminate//Cook...')
#17 C:/xampp/htdocs/PROYECT-MAIN-main/vendor/laravel/framework/src/Illuminate/Foundation/Http/Kernel.php(215): Illuminate/Foundation/Http/Kernel->terminateMiddleware(Object(Illuminate/Http/Request), Object(Illuminate/Http/Response))
#18 C:/xampp/htdocs/PROYECT-MAIN-main/vendor/laravel/framework/src/Illuminate/Foundation/Application.php(1222): Illuminate/Foundation/Http/Kernel->terminate(Object(Illuminate/Http/Request), Object(Illuminate/Http/Response))
#19 C:/xampp/htdocs/PROYECT-MAIN-main/public/index.php(20): Illuminate/Foundation/Application->handleRequest(Object(Illuminate/Http/Request))
#20 C:/xampp/htdocs/PROYECT-MAIN-main/vendor/laravel/framework/src/Illuminate/Foundation/resources/server.php(23): require_once('C://xampp//htdocs...')
#21 {main}
"} 
[2026-06-04 17:53:01] production.ERROR: No application encryption key has been specified. {"exception":"[object] (Illuminate\\Encryption\\MissingAppKeyException(code: 0): No application encryption key has been specified. at C:/xampp/htdocs/PROYECT-MAIN-main/vendor/laravel/framework/src/Illuminate/Encryption/EncryptionServiceProvider.php:83)
[stacktrace]
#0 C:/xampp/htdocs/PROYECT-MAIN-main/vendor/laravel/framework/src/Illuminate/Support/helpers.php(393): Illuminate/Encryption/EncryptionServiceProvider->Illuminate/Encryption/{closure}(NULL)
#1 C:/xampp/htdocs/PROYECT-MAIN-main/vendor/laravel/framework/src/Illuminate/Encryption/EncryptionServiceProvider.php(81): tap(NULL, Object(Closure))
#2 C:/xampp/htdocs/PROYECT-MAIN-main/vendor/laravel/framework/src/Illuminate/Encryption/EncryptionServiceProvider.php(64): Illuminate/Encryption/EncryptionServiceProvider->key(Array)
#3 C:/xampp/htdocs/PROYECT-MAIN-main/vendor/laravel/framework/src/Illuminate/Encryption/EncryptionServiceProvider.php(32): Illuminate/Encryption/EncryptionServiceProvider->parseKey(Array)
#4 C:/xampp/htdocs/PROYECT-MAIN-main/vendor/laravel/framework/src/Illuminate/Container/Container.php(1115): Illuminate/Encryption/EncryptionServiceProvider->Illuminate/Encryption/{closure}(Object(Illuminate/Foundation/Application), Array)
#5 C:/xampp/htdocs/PROYECT-MAIN-main/vendor/laravel/framework/src/Illuminate/Container/Container.php(933): Illuminate/Container/Container->build(Object(Closure))
#6 C:/xampp/htdocs/PROYECT-MAIN-main/vendor/laravel/framework/src/Illuminate/Foundation/Application.php(1078): Illuminate/Container/Container->resolve('encrypter', Array, true)
#7 C:/xampp/htdocs/PROYECT-MAIN-main/vendor/laravel/framework/src/Illuminate/Container/Container.php(864): Illuminate/Foundation/Application->resolve('encrypter', Array)
#8 C:/xampp/htdocs/PROYECT-MAIN-main/vendor/laravel/framework/src/Illuminate/Foundation/Application.php(1058): Illuminate/Container/Container->make('encrypter', Array)
#9 C:/xampp/htdocs/PROYECT-MAIN-main/vendor/laravel/framework/src/Illuminate/Container/Container.php(1336): Illuminate/Foundation/Application->make('encrypter')
#10 C:/xampp/htdocs/PROYECT-MAIN-main/vendor/laravel/framework/src/Illuminate/Container/Container.php(1237): Illuminate/Container/Container->resolveClass(Object(ReflectionParameter), 'Illuminate//Cont...')
#11 C:/xampp/htdocs/PROYECT-MAIN-main/vendor/laravel/framework/src/Illuminate/Container/Container.php(1162): Illuminate/Container/Container->resolveDependencies(Array)
#12 C:/xampp/htdocs/PROYECT-MAIN-main/vendor/laravel/framework/src/Illuminate/Container/Container.php(933): Illuminate/Container/Container->build('Illuminate//Cook...')
#13 C:/xampp/htdocs/PROYECT-MAIN-main/vendor/laravel/framework/src/Illuminate/Foundation/Application.php(1078): Illuminate/Container/Container->resolve('Illuminate//Cook...', Array, true)
#14 C:/xampp/htdocs/PROYECT-MAIN-main/vendor/laravel/framework/src/Illuminate/Container/Container.php(864): Illuminate/Foundation/Application->resolve('Illuminate//Cook...', Array)
#15 C:/xampp/htdocs/PROYECT-MAIN-main/vendor/laravel/framework/src/Illuminate/Foundation/Application.php(1058): Illuminate/Container/Container->make('Illuminate//Cook...', Array)
#16 C:/xampp/htdocs/PROYECT-MAIN-main/vendor/laravel/framework/src/Illuminate/Pipeline/Pipeline.php(208): Illuminate/Foundation/Application->make('Illuminate//Cook...')
#17 C:/xampp/htdocs/PROYECT-MAIN-main/vendor/laravel/framework/src/Illuminate/Pipeline/Pipeline.php(137): Illuminate/Pipeline/Pipeline->Illuminate/Pipeline/{closure}(Object(Illuminate/Http/Request))
#18 C:/xampp/htdocs/PROYECT-MAIN-main/vendor/laravel/framework/src/Illuminate/Routing/Router.php(821): Illuminate/Pipeline/Pipeline->then(Object(Closure))
#19 C:/xampp/htdocs/PROYECT-MAIN-main/vendor/laravel/framework/src/Illuminate/Routing/Router.php(800): Illuminate/Routing/Router->runRouteWithinStack(Object(Illuminate/Routing/Route), Object(Illuminate/Http/Request))
#20 C:/xampp/htdocs/PROYECT-MAIN-main/vendor/laravel/framework/src/Illuminate/Routing/Router.php(764): Illuminate/Routing/Router->runRoute(Object(Illuminate/Http/Request), Object(Illuminate/Routing/Route))
#21 C:/xampp/htdocs/PROYECT-MAIN-main/vendor/laravel/framework/src/Illuminate/Routing/Router.php(753): Illuminate/Routing/Router->dispatchToRoute(Object(Illuminate/Http/Request))
#22 C:/xampp/htdocs/PROYECT-MAIN-main/vendor/laravel/framework/src/Illuminate/Foundation/Http/Kernel.php(200): Illuminate/Routing/Router->dispatch(Object(Illuminate/Http/Request))
#23 C:/xampp/htdocs/PROYECT-MAIN-main/vendor/laravel/framework/src/Illuminate/Pipeline/Pipeline.php(180): Illuminate/Foundation/Http/Kernel->Illuminate/Foundation/Http/{closure}(Object(Illuminate/Http/Request))
#24 C:/xampp/htdocs/PROYECT-MAIN-main/vendor/laravel/framework/src/Illuminate/Foundation/Http/Middleware/TransformsRequest.php(21): Illuminate/Pipeline/Pipeline->Illuminate/Pipeline/{closure}(Object(Illuminate/Http/Request))
#25 C:/xampp/htdocs/PROYECT-MAIN-main/vendor/laravel/framework/src/Illuminate/Foundation/Http/Middleware/ConvertEmptyStringsToNull.php(31): Illuminate/Foundation/Http/Middleware/TransformsRequest->handle(Object(Illuminate/Http/Request), Object(Closure))
#26 C:/xampp/htdocs/PROYECT-MAIN-main/vendor/laravel/framework/src/Illuminate/Pipeline/Pipeline.php(219): Illuminate/Foundation/Http/Middleware/ConvertEmptyStringsToNull->handle(Object(Illuminate/Http/Request), Object(Closure))
#27 C:/xampp/htdocs/PROYECT-MAIN-main/vendor/laravel/framework/src/Illuminate/Foundation/Http/Middleware/TransformsRequest.php(21): Illuminate/Pipeline/Pipeline->Illuminate/Pipeline/{closure}(Object(Illuminate/Http/Request))
#28 C:/xampp/htdocs/PROYECT-MAIN-main/vendor/laravel/framework/src/Illuminate/Foundation/Http/Middleware/TrimStrings.php(51): Illuminate/Foundation/Http/Middleware/TransformsRequest->handle(Object(Illuminate/Http/Request), Object(Closure))
#29 C:/xampp/htdocs/PROYECT-MAIN-main/vendor/laravel/framework/src/Illuminate/Pipeline/Pipeline.php(219): Illuminate/Foundation/Http/Middleware/TrimStrings->handle(Object(Illuminate/Http/Request), Object(Closure))
#30 C:/xampp/htdocs/PROYECT-MAIN-main/vendor/laravel/framework/src/Illuminate/Http/Middleware/ValidatePostSize.php(27): Illuminate/Pipeline/Pipeline->Illuminate/Pipeline/{closure}(Object(Illuminate/Http/Request))
#31 C:/xampp/htdocs/PROYECT-MAIN-main/vendor/laravel/framework/src/Illuminate/Pipeline/Pipeline.php(219): Illuminate/Http/Middleware/ValidatePostSize->handle(Object(Illuminate/Http/Request), Object(Closure))
#32 C:/xampp/htdocs/PROYECT-MAIN-main/vendor/laravel/framework/src/Illuminate/Foundation/Http/Middleware/PreventRequestsDuringMaintenance.php(109): Illuminate/Pipeline/Pipeline->Illuminate/Pipeline/{closure}(Object(Illuminate/Http/Request))
#33 C:/xampp/htdocs/PROYECT-MAIN-main/vendor/laravel/framework/src/Illuminate/Pipeline/Pipeline.php(219): Illuminate/Foundation/Http/Middleware/PreventRequestsDuringMaintenance->handle(Object(Illuminate/Http/Request), Object(Closure))
#34 C:/xampp/htdocs/PROYECT-MAIN-main/vendor/laravel/framework/src/Illuminate/Http/Middleware/HandleCors.php(61): Illuminate/Pipeline/Pipeline->Illuminate/Pipeline/{closure}(Object(Illuminate/Http/Request))
#35 C:/xampp/htdocs/PROYECT-MAIN-main/vendor/laravel/framework/src/Illuminate/Pipeline/Pipeline.php(219): Illuminate/Http/Middleware/HandleCors->handle(Object(Illuminate/Http/Request), Object(Closure))
#36 C:/xampp/htdocs/PROYECT-MAIN-main/vendor/laravel/framework/src/Illuminate/Http/Middleware/TrustProxies.php(58): Illuminate/Pipeline/Pipeline->Illuminate/Pipeline/{closure}(Object(Illuminate/Http/Request))
#37 C:/xampp/htdocs/PROYECT-MAIN-main/vendor/laravel/framework/src/Illuminate/Pipeline/Pipeline.php(219): Illuminate/Http/Middleware/TrustProxies->handle(Object(Illuminate/Http/Request), Object(Closure))
#38 C:/xampp/htdocs/PROYECT-MAIN-main/vendor/laravel/framework/src/Illuminate/Foundation/Http/Middleware/InvokeDeferredCallbacks.php(22): Illuminate/Pipeline/Pipeline->Illuminate/Pipeline/{closure}(Object(Illuminate/Http/Request))
#39 C:/xampp/htdocs/PROYECT-MAIN-main/vendor/laravel/framework/src/Illuminate/Pipeline/Pipeline.php(219): Illuminate/Foundation/Http/Middleware/InvokeDeferredCallbacks->handle(Object(Illuminate/Http/Request), Object(Closure))
#40 C:/xampp/htdocs/PROYECT-MAIN-main/vendor/laravel/framework/src/Illuminate/Http/Middleware/ValidatePathEncoding.php(26): Illuminate/Pipeline/Pipeline->Illuminate/Pipeline/{closure}(Object(Illuminate/Http/Request))
#41 C:/xampp/htdocs/PROYECT-MAIN-main/vendor/laravel/framework/src/Illuminate/Pipeline/Pipeline.php(219): Illuminate/Http/Middleware/ValidatePathEncoding->handle(Object(Illuminate/Http/Request), Object(Closure))
#42 C:/xampp/htdocs/PROYECT-MAIN-main/vendor/laravel/framework/src/Illuminate/Pipeline/Pipeline.php(137): Illuminate/Pipeline/Pipeline->Illuminate/Pipeline/{closure}(Object(Illuminate/Http/Request))
#43 C:/xampp/htdocs/PROYECT-MAIN-main/vendor/laravel/framework/src/Illuminate/Foundation/Http/Kernel.php(175): Illuminate/Pipeline/Pipeline->then(Object(Closure))
#44 C:/xampp/htdocs/PROYECT-MAIN-main/vendor/laravel/framework/src/Illuminate/Foundation/Http/Kernel.php(144): Illuminate/Foundation/Http/Kernel->sendRequestThroughRouter(Object(Illuminate/Http/Request))
#45 C:/xampp/htdocs/PROYECT-MAIN-main/vendor/laravel/framework/src/Illuminate/Foundation/Application.php(1220): Illuminate/Foundation/Http/Kernel->handle(Object(Illuminate/Http/Request))
#46 C:/xampp/htdocs/PROYECT-MAIN-main/public/index.php(20): Illuminate/Foundation/Application->handleRequest(Object(Illuminate/Http/Request))
#47 C:/xampp/htdocs/PROYECT-MAIN-main/vendor/laravel/framework/src/Illuminate/Foundation/resources/server.php(23): require_once('C://xampp//htdocs...')
#48 {main}
"} 
[2026-06-04 17:53:01] production.ERROR: No application encryption key has been specified. {"exception":"[object] (Illuminate\\Encryption\\MissingAppKeyException(code: 0): No application encryption key has been specified. at C:/xampp/htdocs/PROYECT-MAIN-main/vendor/laravel/framework/src/Illuminate/Encryption/EncryptionServiceProvider.php:83)
[stacktrace]
#0 C:/xampp/htdocs/PROYECT-MAIN-main/vendor/laravel/framework/src/Illuminate/Support/helpers.php(393): Illuminate/Encryption/EncryptionServiceProvider->Illuminate/Encryption/{closure}(NULL)
#1 C:/xampp/htdocs/PROYECT-MAIN-main/vendor/laravel/framework/src/Illuminate/Encryption/EncryptionServiceProvider.php(81): tap(NULL, Object(Closure))
#2 C:/xampp/htdocs/PROYECT-MAIN-main/vendor/laravel/framework/src/Illuminate/Encryption/EncryptionServiceProvider.php(64): Illuminate/Encryption/EncryptionServiceProvider->key(Array)
#3 C:/xampp/htdocs/PROYECT-MAIN-main/vendor/laravel/framework/src/Illuminate/Encryption/EncryptionServiceProvider.php(32): Illuminate/Encryption/EncryptionServiceProvider->parseKey(Array)
#4 C:/xampp/htdocs/PROYECT-MAIN-main/vendor/laravel/framework/src/Illuminate/Container/Container.php(1115): Illuminate/Encryption/EncryptionServiceProvider->Illuminate/Encryption/{closure}(Object(Illuminate/Foundation/Application), Array)
#5 C:/xampp/htdocs/PROYECT-MAIN-main/vendor/laravel/framework/src/Illuminate/Container/Container.php(933): Illuminate/Container/Container->build(Object(Closure))
#6 C:/xampp/htdocs/PROYECT-MAIN-main/vendor/laravel/framework/src/Illuminate/Foundation/Application.php(1078): Illuminate/Container/Container->resolve('encrypter', Array, true)
#7 C:/xampp/htdocs/PROYECT-MAIN-main/vendor/laravel/framework/src/Illuminate/Container/Container.php(864): Illuminate/Foundation/Application->resolve('encrypter', Array)
#8 C:/xampp/htdocs/PROYECT-MAIN-main/vendor/laravel/framework/src/Illuminate/Foundation/Application.php(1058): Illuminate/Container/Container->make('encrypter', Array)
#9 C:/xampp/htdocs/PROYECT-MAIN-main/vendor/laravel/framework/src/Illuminate/Container/Container.php(1336): Illuminate/Foundation/Application->make('encrypter')
#10 C:/xampp/htdocs/PROYECT-MAIN-main/vendor/laravel/framework/src/Illuminate/Container/Container.php(1237): Illuminate/Container/Container->resolveClass(Object(ReflectionParameter), 'Illuminate//Cont...')
#11 C:/xampp/htdocs/PROYECT-MAIN-main/vendor/laravel/framework/src/Illuminate/Container/Container.php(1162): Illuminate/Container/Container->resolveDependencies(Array)
#12 C:/xampp/htdocs/PROYECT-MAIN-main/vendor/laravel/framework/src/Illuminate/Container/Container.php(933): Illuminate/Container/Container->build('Illuminate//Cook...')
#13 C:/xampp/htdocs/PROYECT-MAIN-main/vendor/laravel/framework/src/Illuminate/Foundation/Application.php(1078): Illuminate/Container/Container->resolve('Illuminate//Cook...', Array, true)
#14 C:/xampp/htdocs/PROYECT-MAIN-main/vendor/laravel/framework/src/Illuminate/Container/Container.php(864): Illuminate/Foundation/Application->resolve('Illuminate//Cook...', Array)
#15 C:/xampp/htdocs/PROYECT-MAIN-main/vendor/laravel/framework/src/Illuminate/Foundation/Application.php(1058): Illuminate/Container/Container->make('Illuminate//Cook...', Array)
#16 C:/xampp/htdocs/PROYECT-MAIN-main/vendor/laravel/framework/src/Illuminate/Foundation/Http/Kernel.php(257): Illuminate/Foundation/Application->make('Illuminate//Cook...')
#17 C:/xampp/htdocs/PROYECT-MAIN-main/vendor/laravel/framework/src/Illuminate/Foundation/Http/Kernel.php(215): Illuminate/Foundation/Http/Kernel->terminateMiddleware(Object(Illuminate/Http/Request), Object(Illuminate/Http/Response))
#18 C:/xampp/htdocs/PROYECT-MAIN-main/vendor/laravel/framework/src/Illuminate/Foundation/Application.php(1222): Illuminate/Foundation/Http/Kernel->terminate(Object(Illuminate/Http/Request), Object(Illuminate/Http/Response))
#19 C:/xampp/htdocs/PROYECT-MAIN-main/public/index.php(20): Illuminate/Foundation/Application->handleRequest(Object(Illuminate/Http/Request))
#20 C:/xampp/htdocs/PROYECT-MAIN-main/vendor/laravel/framework/src/Illuminate/Foundation/resources/server.php(23): require_once('C://xampp//htdocs...')
#21 {main}
"} 
[2026-06-04 17:53:02] production.ERROR: No application encryption key has been specified. {"exception":"[object] (Illuminate\\Encryption\\MissingAppKeyException(code: 0): No application encryption key has been specified. at C:/xampp/htdocs/PROYECT-MAIN-main/vendor/laravel/framework/src/Illuminate/Encryption/EncryptionServiceProvider.php:83)
[stacktrace]
#0 C:/xampp/htdocs/PROYECT-MAIN-main/vendor/laravel/framework/src/Illuminate/Support/helpers.php(393): Illuminate/Encryption/EncryptionServiceProvider->Illuminate/Encryption/{closure}(NULL)
#1 C:/xampp/htdocs/PROYECT-MAIN-main/vendor/laravel/framework/src/Illuminate/Encryption/EncryptionServiceProvider.php(81): tap(NULL, Object(Closure))
#2 C:/xampp/htdocs/PROYECT-MAIN-main/vendor/laravel/framework/src/Illuminate/Encryption/EncryptionServiceProvider.php(64): Illuminate/Encryption/EncryptionServiceProvider->key(Array)
#3 C:/xampp/htdocs/PROYECT-MAIN-main/vendor/laravel/framework/src/Illuminate/Encryption/EncryptionServiceProvider.php(32): Illuminate/Encryption/EncryptionServiceProvider->parseKey(Array)
#4 C:/xampp/htdocs/PROYECT-MAIN-main/vendor/laravel/framework/src/Illuminate/Container/Container.php(1115): Illuminate/Encryption/EncryptionServiceProvider->Illuminate/Encryption/{closure}(Object(Illuminate/Foundation/Application), Array)
#5 C:/xampp/htdocs/PROYECT-MAIN-main/vendor/laravel/framework/src/Illuminate/Container/Container.php(933): Illuminate/Container/Container->build(Object(Closure))
#6 C:/xampp/htdocs/PROYECT-MAIN-main/vendor/laravel/framework/src/Illuminate/Foundation/Application.php(1078): Illuminate/Container/Container->resolve('encrypter', Array, true)
#7 C:/xampp/htdocs/PROYECT-MAIN-main/vendor/laravel/framework/src/Illuminate/Container/Container.php(864): Illuminate/Foundation/Application->resolve('encrypter', Array)
#8 C:/xampp/htdocs/PROYECT-MAIN-main/vendor/laravel/framework/src/Illuminate/Foundation/Application.php(1058): Illuminate/Container/Container->make('encrypter', Array)
#9 C:/xampp/htdocs/PROYECT-MAIN-main/vendor/laravel/framework/src/Illuminate/Container/Container.php(1336): Illuminate/Foundation/Application->make('encrypter')
#10 C:/xampp/htdocs/PROYECT-MAIN-main/vendor/laravel/framework/src/Illuminate/Container/Container.php(1237): Illuminate/Container/Container->resolveClass(Object(ReflectionParameter), 'Illuminate//Cont...')
#11 C:/xampp/htdocs/PROYECT-MAIN-main/vendor/laravel/framework/src/Illuminate/Container/Container.php(1162): Illuminate/Container/Container->resolveDependencies(Array)
#12 C:/xampp/htdocs/PROYECT-MAIN-main/vendor/laravel/framework/src/Illuminate/Container/Container.php(933): Illuminate/Container/Container->build('Illuminate//Cook...')
#13 C:/xampp/htdocs/PROYECT-MAIN-main/vendor/laravel/framework/src/Illuminate/Foundation/Application.php(1078): Illuminate/Container/Container->resolve('Illuminate//Cook...', Array, true)
#14 C:/xampp/htdocs/PROYECT-MAIN-main/vendor/laravel/framework/src/Illuminate/Container/Container.php(864): Illuminate/Foundation/Application->resolve('Illuminate//Cook...', Array)
#15 C:/xampp/htdocs/PROYECT-MAIN-main/vendor/laravel/framework/src/Illuminate/Foundation/Application.php(1058): Illuminate/Container/Container->make('Illuminate//Cook...', Array)
#16 C:/xampp/htdocs/PROYECT-MAIN-main/vendor/laravel/framework/src/Illuminate/Pipeline/Pipeline.php(208): Illuminate/Foundation/Application->make('Illuminate//Cook...')
#17 C:/xampp/htdocs/PROYECT-MAIN-main/vendor/laravel/framework/src/Illuminate/Pipeline/Pipeline.php(137): Illuminate/Pipeline/Pipeline->Illuminate/Pipeline/{closure}(Object(Illuminate/Http/Request))
#18 C:/xampp/htdocs/PROYECT-MAIN-main/vendor/laravel/framework/src/Illuminate/Routing/Router.php(821): Illuminate/Pipeline/Pipeline->then(Object(Closure))
#19 C:/xampp/htdocs/PROYECT-MAIN-main/vendor/laravel/framework/src/Illuminate/Routing/Router.php(800): Illuminate/Routing/Router->runRouteWithinStack(Object(Illuminate/Routing/Route), Object(Illuminate/Http/Request))
#20 C:/xampp/htdocs/PROYECT-MAIN-main/vendor/laravel/framework/src/Illuminate/Routing/Router.php(764): Illuminate/Routing/Router->runRoute(Object(Illuminate/Http/Request), Object(Illuminate/Routing/Route))
#21 C:/xampp/htdocs/PROYECT-MAIN-main/vendor/laravel/framework/src/Illuminate/Routing/Router.php(753): Illuminate/Routing/Router->dispatchToRoute(Object(Illuminate/Http/Request))
#22 C:/xampp/htdocs/PROYECT-MAIN-main/vendor/laravel/framework/src/Illuminate/Foundation/Http/Kernel.php(200): Illuminate/Routing/Router->dispatch(Object(Illuminate/Http/Request))
#23 C:/xampp/htdocs/PROYECT-MAIN-main/vendor/laravel/framework/src/Illuminate/Pipeline/Pipeline.php(180): Illuminate/Foundation/Http/Kernel->Illuminate/Foundation/Http/{closure}(Object(Illuminate/Http/Request))
#24 C:/xampp/htdocs/PROYECT-MAIN-main/vendor/laravel/framework/src/Illuminate/Foundation/Http/Middleware/TransformsRequest.php(21): Illuminate/Pipeline/Pipeline->Illuminate/Pipeline/{closure}(Object(Illuminate/Http/Request))
#25 C:/xampp/htdocs/PROYECT-MAIN-main/vendor/laravel/framework/src/Illuminate/Foundation/Http/Middleware/ConvertEmptyStringsToNull.php(31): Illuminate/Foundation/Http/Middleware/TransformsRequest->handle(Object(Illuminate/Http/Request), Object(Closure))
#26 C:/xampp/htdocs/PROYECT-MAIN-main/vendor/laravel/framework/src/Illuminate/Pipeline/Pipeline.php(219): Illuminate/Foundation/Http/Middleware/ConvertEmptyStringsToNull->handle(Object(Illuminate/Http/Request), Object(Closure))
#27 C:/xampp/htdocs/PROYECT-MAIN-main/vendor/laravel/framework/src/Illuminate/Foundation/Http/Middleware/TransformsRequest.php(21): Illuminate/Pipeline/Pipeline->Illuminate/Pipeline/{closure}(Object(Illuminate/Http/Request))
#28 C:/xampp/htdocs/PROYECT-MAIN-main/vendor/laravel/framework/src/Illuminate/Foundation/Http/Middleware/TrimStrings.php(51): Illuminate/Foundation/Http/Middleware/TransformsRequest->handle(Object(Illuminate/Http/Request), Object(Closure))
#29 C:/xampp/htdocs/PROYECT-MAIN-main/vendor/laravel/framework/src/Illuminate/Pipeline/Pipeline.php(219): Illuminate/Foundation/Http/Middleware/TrimStrings->handle(Object(Illuminate/Http/Request), Object(Closure))
#30 C:/xampp/htdocs/PROYECT-MAIN-main/vendor/laravel/framework/src/Illuminate/Http/Middleware/ValidatePostSize.php(27): Illuminate/Pipeline/Pipeline->Illuminate/Pipeline/{closure}(Object(Illuminate/Http/Request))
#31 C:/xampp/htdocs/PROYECT-MAIN-main/vendor/laravel/framework/src/Illuminate/Pipeline/Pipeline.php(219): Illuminate/Http/Middleware/ValidatePostSize->handle(Object(Illuminate/Http/Request), Object(Closure))
#32 C:/xampp/htdocs/PROYECT-MAIN-main/vendor/laravel/framework/src/Illuminate/Foundation/Http/Middleware/PreventRequestsDuringMaintenance.php(109): Illuminate/Pipeline/Pipeline->Illuminate/Pipeline/{closure}(Object(Illuminate/Http/Request))
#33 C:/xampp/htdocs/PROYECT-MAIN-main/vendor/laravel/framework/src/Illuminate/Pipeline/Pipeline.php(219): Illuminate/Foundation/Http/Middleware/PreventRequestsDuringMaintenance->handle(Object(Illuminate/Http/Request), Object(Closure))
#34 C:/xampp/htdocs/PROYECT-MAIN-main/vendor/laravel/framework/src/Illuminate/Http/Middleware/HandleCors.php(61): Illuminate/Pipeline/Pipeline->Illuminate/Pipeline/{closure}(Object(Illuminate/Http/Request))
#35 C:/xampp/htdocs/PROYECT-MAIN-main/vendor/laravel/framework/src/Illuminate/Pipeline/Pipeline.php(219): Illuminate/Http/Middleware/HandleCors->handle(Object(Illuminate/Http/Request), Object(Closure))
#36 C:/xampp/htdocs/PROYECT-MAIN-main/vendor/laravel/framework/src/Illuminate/Http/Middleware/TrustProxies.php(58): Illuminate/Pipeline/Pipeline->Illuminate/Pipeline/{closure}(Object(Illuminate/Http/Request))
#37 C:/xampp/htdocs/PROYECT-MAIN-main/vendor/laravel/framework/src/Illuminate/Pipeline/Pipeline.php(219): Illuminate/Http/Middleware/TrustProxies->handle(Object(Illuminate/Http/Request), Object(Closure))
#38 C:/xampp/htdocs/PROYECT-MAIN-main/vendor/laravel/framework/src/Illuminate/Foundation/Http/Middleware/InvokeDeferredCallbacks.php(22): Illuminate/Pipeline/Pipeline->Illuminate/Pipeline/{closure}(Object(Illuminate/Http/Request))
#39 C:/xampp/htdocs/PROYECT-MAIN-main/vendor/laravel/framework/src/Illuminate/Pipeline/Pipeline.php(219): Illuminate/Foundation/Http/Middleware/InvokeDeferredCallbacks->handle(Object(Illuminate/Http/Request), Object(Closure))
#40 C:/xampp/htdocs/PROYECT-MAIN-main/vendor/laravel/framework/src/Illuminate/Http/Middleware/ValidatePathEncoding.php(26): Illuminate/Pipeline/Pipeline->Illuminate/Pipeline/{closure}(Object(Illuminate/Http/Request))
#41 C:/xampp/htdocs/PROYECT-MAIN-main/vendor/laravel/framework/src/Illuminate/Pipeline/Pipeline.php(219): Illuminate/Http/Middleware/ValidatePathEncoding->handle(Object(Illuminate/Http/Request), Object(Closure))
#42 C:/xampp/htdocs/PROYECT-MAIN-main/vendor/laravel/framework/src/Illuminate/Pipeline/Pipeline.php(137): Illuminate/Pipeline/Pipeline->Illuminate/Pipeline/{closure}(Object(Illuminate/Http/Request))
#43 C:/xampp/htdocs/PROYECT-MAIN-main/vendor/laravel/framework/src/Illuminate/Foundation/Http/Kernel.php(175): Illuminate/Pipeline/Pipeline->then(Object(Closure))
#44 C:/xampp/htdocs/PROYECT-MAIN-main/vendor/laravel/framework/src/Illuminate/Foundation/Http/Kernel.php(144): Illuminate/Foundation/Http/Kernel->sendRequestThroughRouter(Object(Illuminate/Http/Request))
#45 C:/xampp/htdocs/PROYECT-MAIN-main/vendor/laravel/framework/src/Illuminate/Foundation/Application.php(1220): Illuminate/Foundation/Http/Kernel->handle(Object(Illuminate/Http/Request))
#46 C:/xampp/htdocs/PROYECT-MAIN-main/public/index.php(20): Illuminate/Foundation/Application->handleRequest(Object(Illuminate/Http/Request))
#47 C:/xampp/htdocs/PROYECT-MAIN-main/vendor/laravel/framework/src/Illuminate/Foundation/resources/server.php(23): require_once('C://xampp//htdocs...')
#48 {main}
"} 
[2026-06-04 17:53:02] production.ERROR: No application encryption key has been specified. {"exception":"[object] (Illuminate\\Encryption\\MissingAppKeyException(code: 0): No application encryption key has been specified. at C:/xampp/htdocs/PROYECT-MAIN-main/vendor/laravel/framework/src/Illuminate/Encryption/EncryptionServiceProvider.php:83)
[stacktrace]
#0 C:/xampp/htdocs/PROYECT-MAIN-main/vendor/laravel/framework/src/Illuminate/Support/helpers.php(393): Illuminate/Encryption/EncryptionServiceProvider->Illuminate/Encryption/{closure}(NULL)
#1 C:/xampp/htdocs/PROYECT-MAIN-main/vendor/laravel/framework/src/Illuminate/Encryption/EncryptionServiceProvider.php(81): tap(NULL, Object(Closure))
#2 C:/xampp/htdocs/PROYECT-MAIN-main/vendor/laravel/framework/src/Illuminate/Encryption/EncryptionServiceProvider.php(64): Illuminate/Encryption/EncryptionServiceProvider->key(Array)
#3 C:/xampp/htdocs/PROYECT-MAIN-main/vendor/laravel/framework/src/Illuminate/Encryption/EncryptionServiceProvider.php(32): Illuminate/Encryption/EncryptionServiceProvider->parseKey(Array)
#4 C:/xampp/htdocs/PROYECT-MAIN-main/vendor/laravel/framework/src/Illuminate/Container/Container.php(1115): Illuminate/Encryption/EncryptionServiceProvider->Illuminate/Encryption/{closure}(Object(Illuminate/Foundation/Application), Array)
#5 C:/xampp/htdocs/PROYECT-MAIN-main/vendor/laravel/framework/src/Illuminate/Container/Container.php(933): Illuminate/Container/Container->build(Object(Closure))
#6 C:/xampp/htdocs/PROYECT-MAIN-main/vendor/laravel/framework/src/Illuminate/Foundation/Application.php(1078): Illuminate/Container/Container->resolve('encrypter', Array, true)
#7 C:/xampp/htdocs/PROYECT-MAIN-main/vendor/laravel/framework/src/Illuminate/Container/Container.php(864): Illuminate/Foundation/Application->resolve('encrypter', Array)
#8 C:/xampp/htdocs/PROYECT-MAIN-main/vendor/laravel/framework/src/Illuminate/Foundation/Application.php(1058): Illuminate/Container/Container->make('encrypter', Array)
#9 C:/xampp/htdocs/PROYECT-MAIN-main/vendor/laravel/framework/src/Illuminate/Container/Container.php(1336): Illuminate/Foundation/Application->make('encrypter')
#10 C:/xampp/htdocs/PROYECT-MAIN-main/vendor/laravel/framework/src/Illuminate/Container/Container.php(1237): Illuminate/Container/Container->resolveClass(Object(ReflectionParameter), 'Illuminate//Cont...')
#11 C:/xampp/htdocs/PROYECT-MAIN-main/vendor/laravel/framework/src/Illuminate/Container/Container.php(1162): Illuminate/Container/Container->resolveDependencies(Array)
#12 C:/xampp/htdocs/PROYECT-MAIN-main/vendor/laravel/framework/src/Illuminate/Container/Container.php(933): Illuminate/Container/Container->build('Illuminate//Cook...')
#13 C:/xampp/htdocs/PROYECT-MAIN-main/vendor/laravel/framework/src/Illuminate/Foundation/Application.php(1078): Illuminate/Container/Container->resolve('Illuminate//Cook...', Array, true)
#14 C:/xampp/htdocs/PROYECT-MAIN-main/vendor/laravel/framework/src/Illuminate/Container/Container.php(864): Illuminate/Foundation/Application->resolve('Illuminate//Cook...', Array)
#15 C:/xampp/htdocs/PROYECT-MAIN-main/vendor/laravel/framework/src/Illuminate/Foundation/Application.php(1058): Illuminate/Container/Container->make('Illuminate//Cook...', Array)
#16 C:/xampp/htdocs/PROYECT-MAIN-main/vendor/laravel/framework/src/Illuminate/Pipeline/Pipeline.php(208): Illuminate/Foundation/Application->make('Illuminate//Cook...')
#17 C:/xampp/htdocs/PROYECT-MAIN-main/vendor/laravel/framework/src/Illuminate/Pipeline/Pipeline.php(137): Illuminate/Pipeline/Pipeline->Illuminate/Pipeline/{closure}(Object(Illuminate/Http/Request))
#18 C:/xampp/htdocs/PROYECT-MAIN-main/vendor/laravel/framework/src/Illuminate/Routing/Router.php(821): Illuminate/Pipeline/Pipeline->then(Object(Closure))
#19 C:/xampp/htdocs/PROYECT-MAIN-main/vendor/laravel/framework/src/Illuminate/Routing/Router.php(800): Illuminate/Routing/Router->runRouteWithinStack(Object(Illuminate/Routing/Route), Object(Illuminate/Http/Request))
#20 C:/xampp/htdocs/PROYECT-MAIN-main/vendor/laravel/framework/src/Illuminate/Routing/Router.php(764): Illuminate/Routing/Router->runRoute(Object(Illuminate/Http/Request), Object(Illuminate/Routing/Route))
#21 C:/xampp/htdocs/PROYECT-MAIN-main/vendor/laravel/framework/src/Illuminate/Routing/Router.php(753): Illuminate/Routing/Router->dispatchToRoute(Object(Illuminate/Http/Request))
#22 C:/xampp/htdocs/PROYECT-MAIN-main/vendor/laravel/framework/src/Illuminate/Foundation/Http/Kernel.php(200): Illuminate/Routing/Router->dispatch(Object(Illuminate/Http/Request))
#23 C:/xampp/htdocs/PROYECT-MAIN-main/vendor/laravel/framework/src/Illuminate/Pipeline/Pipeline.php(180): Illuminate/Foundation/Http/Kernel->Illuminate/Foundation/Http/{closure}(Object(Illuminate/Http/Request))
#24 C:/xampp/htdocs/PROYECT-MAIN-main/vendor/laravel/framework/src/Illuminate/Foundation/Http/Middleware/TransformsRequest.php(21): Illuminate/Pipeline/Pipeline->Illuminate/Pipeline/{closure}(Object(Illuminate/Http/Request))
#25 C:/xampp/htdocs/PROYECT-MAIN-main/vendor/laravel/framework/src/Illuminate/Foundation/Http/Middleware/ConvertEmptyStringsToNull.php(31): Illuminate/Foundation/Http/Middleware/TransformsRequest->handle(Object(Illuminate/Http/Request), Object(Closure))
#26 C:/xampp/htdocs/PROYECT-MAIN-main/vendor/laravel/framework/src/Illuminate/Pipeline/Pipeline.php(219): Illuminate/Foundation/Http/Middleware/ConvertEmptyStringsToNull->handle(Object(Illuminate/Http/Request), Object(Closure))
#27 C:/xampp/htdocs/PROYECT-MAIN-main/vendor/laravel/framework/src/Illuminate/Foundation/Http/Middleware/TransformsRequest.php(21): Illuminate/Pipeline/Pipeline->Illuminate/Pipeline/{closure}(Object(Illuminate/Http/Request))
#28 C:/xampp/htdocs/PROYECT-MAIN-main/vendor/laravel/framework/src/Illuminate/Foundation/Http/Middleware/TrimStrings.php(51): Illuminate/Foundation/Http/Middleware/TransformsRequest->handle(Object(Illuminate/Http/Request), Object(Closure))
#29 C:/xampp/htdocs/PROYECT-MAIN-main/vendor/laravel/framework/src/Illuminate/Pipeline/Pipeline.php(219): Illuminate/Foundation/Http/Middleware/TrimStrings->handle(Object(Illuminate/Http/Request), Object(Closure))
#30 C:/xampp/htdocs/PROYECT-MAIN-main/vendor/laravel/framework/src/Illuminate/Http/Middleware/ValidatePostSize.php(27): Illuminate/Pipeline/Pipeline->Illuminate/Pipeline/{closure}(Object(Illuminate/Http/Request))
#31 C:/xampp/htdocs/PROYECT-MAIN-main/vendor/laravel/framework/src/Illuminate/Pipeline/Pipeline.php(219): Illuminate/Http/Middleware/ValidatePostSize->handle(Object(Illuminate/Http/Request), Object(Closure))
#32 C:/xampp/htdocs/PROYECT-MAIN-main/vendor/laravel/framework/src/Illuminate/Foundation/Http/Middleware/PreventRequestsDuringMaintenance.php(109): Illuminate/Pipeline/Pipeline->Illuminate/Pipeline/{closure}(Object(Illuminate/Http/Request))
#33 C:/xampp/htdocs/PROYECT-MAIN-main/vendor/laravel/framework/src/Illuminate/Pipeline/Pipeline.php(219): Illuminate/Foundation/Http/Middleware/PreventRequestsDuringMaintenance->handle(Object(Illuminate/Http/Request), Object(Closure))
#34 C:/xampp/htdocs/PROYECT-MAIN-main/vendor/laravel/framework/src/Illuminate/Http/Middleware/HandleCors.php(61): Illuminate/Pipeline/Pipeline->Illuminate/Pipeline/{closure}(Object(Illuminate/Http/Request))
#35 C:/xampp/htdocs/PROYECT-MAIN-main/vendor/laravel/framework/src/Illuminate/Pipeline/Pipeline.php(219): Illuminate/Http/Middleware/HandleCors->handle(Object(Illuminate/Http/Request), Object(Closure))
#36 C:/xampp/htdocs/PROYECT-MAIN-main/vendor/laravel/framework/src/Illuminate/Http/Middleware/TrustProxies.php(58): Illuminate/Pipeline/Pipeline->Illuminate/Pipeline/{closure}(Object(Illuminate/Http/Request))
#37 C:/xampp/htdocs/PROYECT-MAIN-main/vendor/laravel/framework/src/Illuminate/Pipeline/Pipeline.php(219): Illuminate/Http/Middleware/TrustProxies->handle(Object(Illuminate/Http/Request), Object(Closure))
#38 C:/xampp/htdocs/PROYECT-MAIN-main/vendor/laravel/framework/src/Illuminate/Foundation/Http/Middleware/InvokeDeferredCallbacks.php(22): Illuminate/Pipeline/Pipeline->Illuminate/Pipeline/{closure}(Object(Illuminate/Http/Request))
#39 C:/xampp/htdocs/PROYECT-MAIN-main/vendor/laravel/framework/src/Illuminate/Pipeline/Pipeline.php(219): Illuminate/Foundation/Http/Middleware/InvokeDeferredCallbacks->handle(Object(Illuminate/Http/Request), Object(Closure))
#40 C:/xampp/htdocs/PROYECT-MAIN-main/vendor/laravel/framework/src/Illuminate/Http/Middleware/ValidatePathEncoding.php(26): Illuminate/Pipeline/Pipeline->Illuminate/Pipeline/{closure}(Object(Illuminate/Http/Request))
#41 C:/xampp/htdocs/PROYECT-MAIN-main/vendor/laravel/framework/src/Illuminate/Pipeline/Pipeline.php(219): Illuminate/Http/Middleware/ValidatePathEncoding->handle(Object(Illuminate/Http/Request), Object(Closure))
#42 C:/xampp/htdocs/PROYECT-MAIN-main/vendor/laravel/framework/src/Illuminate/Pipeline/Pipeline.php(137): Illuminate/Pipeline/Pipeline->Illuminate/Pipeline/{closure}(Object(Illuminate/Http/Request))
#43 C:/xampp/htdocs/PROYECT-MAIN-main/vendor/laravel/framework/src/Illuminate/Foundation/Http/Kernel.php(175): Illuminate/Pipeline/Pipeline->then(Object(Closure))
#44 C:/xampp/htdocs/PROYECT-MAIN-main/vendor/laravel/framework/src/Illuminate/Foundation/Http/Kernel.php(144): Illuminate/Foundation/Http/Kernel->sendRequestThroughRouter(Object(Illuminate/Http/Request))
#45 C:/xampp/htdocs/PROYECT-MAIN-main/vendor/laravel/framework/src/Illuminate/Foundation/Application.php(1220): Illuminate/Foundation/Http/Kernel->handle(Object(Illuminate/Http/Request))
#46 C:/xampp/htdocs/PROYECT-MAIN-main/public/index.php(20): Illuminate/Foundation/Application->handleRequest(Object(Illuminate/Http/Request))
#47 C:/xampp/htdocs/PROYECT-MAIN-main/vendor/laravel/framework/src/Illuminate/Foundation/resources/server.php(23): require_once('C://xampp//htdocs...')
#48 {main}
"} 
[2026-06-04 17:53:02] production.ERROR: No application encryption key has been specified. {"exception":"[object] (Illuminate\\Encryption\\MissingAppKeyException(code: 0): No application encryption key has been specified. at C:/xampp/htdocs/PROYECT-MAIN-main/vendor/laravel/framework/src/Illuminate/Encryption/EncryptionServiceProvider.php:83)
[stacktrace]
#0 C:/xampp/htdocs/PROYECT-MAIN-main/vendor/laravel/framework/src/Illuminate/Support/helpers.php(393): Illuminate/Encryption/EncryptionServiceProvider->Illuminate/Encryption/{closure}(NULL)
#1 C:/xampp/htdocs/PROYECT-MAIN-main/vendor/laravel/framework/src/Illuminate/Encryption/EncryptionServiceProvider.php(81): tap(NULL, Object(Closure))
#2 C:/xampp/htdocs/PROYECT-MAIN-main/vendor/laravel/framework/src/Illuminate/Encryption/EncryptionServiceProvider.php(64): Illuminate/Encryption/EncryptionServiceProvider->key(Array)
#3 C:/xampp/htdocs/PROYECT-MAIN-main/vendor/laravel/framework/src/Illuminate/Encryption/EncryptionServiceProvider.php(32): Illuminate/Encryption/EncryptionServiceProvider->parseKey(Array)
#4 C:/xampp/htdocs/PROYECT-MAIN-main/vendor/laravel/framework/src/Illuminate/Container/Container.php(1115): Illuminate/Encryption/EncryptionServiceProvider->Illuminate/Encryption/{closure}(Object(Illuminate/Foundation/Application), Array)
#5 C:/xampp/htdocs/PROYECT-MAIN-main/vendor/laravel/framework/src/Illuminate/Container/Container.php(933): Illuminate/Container/Container->build(Object(Closure))
#6 C:/xampp/htdocs/PROYECT-MAIN-main/vendor/laravel/framework/src/Illuminate/Foundation/Application.php(1078): Illuminate/Container/Container->resolve('encrypter', Array, true)
#7 C:/xampp/htdocs/PROYECT-MAIN-main/vendor/laravel/framework/src/Illuminate/Container/Container.php(864): Illuminate/Foundation/Application->resolve('encrypter', Array)
#8 C:/xampp/htdocs/PROYECT-MAIN-main/vendor/laravel/framework/src/Illuminate/Foundation/Application.php(1058): Illuminate/Container/Container->make('encrypter', Array)
#9 C:/xampp/htdocs/PROYECT-MAIN-main/vendor/laravel/framework/src/Illuminate/Container/Container.php(1336): Illuminate/Foundation/Application->make('encrypter')
#10 C:/xampp/htdocs/PROYECT-MAIN-main/vendor/laravel/framework/src/Illuminate/Container/Container.php(1237): Illuminate/Container/Container->resolveClass(Object(ReflectionParameter), 'Illuminate//Cont...')
#11 C:/xampp/htdocs/PROYECT-MAIN-main/vendor/laravel/framework/src/Illuminate/Container/Container.php(1162): Illuminate/Container/Container->resolveDependencies(Array)
#12 C:/xampp/htdocs/PROYECT-MAIN-main/vendor/laravel/framework/src/Illuminate/Container/Container.php(933): Illuminate/Container/Container->build('Illuminate//Cook...')
#13 C:/xampp/htdocs/PROYECT-MAIN-main/vendor/laravel/framework/src/Illuminate/Foundation/Application.php(1078): Illuminate/Container/Container->resolve('Illuminate//Cook...', Array, true)
#14 C:/xampp/htdocs/PROYECT-MAIN-main/vendor/laravel/framework/src/Illuminate/Container/Container.php(864): Illuminate/Foundation/Application->resolve('Illuminate//Cook...', Array)
#15 C:/xampp/htdocs/PROYECT-MAIN-main/vendor/laravel/framework/src/Illuminate/Foundation/Application.php(1058): Illuminate/Container/Container->make('Illuminate//Cook...', Array)
#16 C:/xampp/htdocs/PROYECT-MAIN-main/vendor/laravel/framework/src/Illuminate/Pipeline/Pipeline.php(208): Illuminate/Foundation/Application->make('Illuminate//Cook...')
#17 C:/xampp/htdocs/PROYECT-MAIN-main/vendor/laravel/framework/src/Illuminate/Pipeline/Pipeline.php(137): Illuminate/Pipeline/Pipeline->Illuminate/Pipeline/{closure}(Object(Illuminate/Http/Request))
#18 C:/xampp/htdocs/PROYECT-MAIN-main/vendor/laravel/framework/src/Illuminate/Routing/Router.php(821): Illuminate/Pipeline/Pipeline->then(Object(Closure))
#19 C:/xampp/htdocs/PROYECT-MAIN-main/vendor/laravel/framework/src/Illuminate/Routing/Router.php(800): Illuminate/Routing/Router->runRouteWithinStack(Object(Illuminate/Routing/Route), Object(Illuminate/Http/Request))
#20 C:/xampp/htdocs/PROYECT-MAIN-main/vendor/laravel/framework/src/Illuminate/Routing/Router.php(764): Illuminate/Routing/Router->runRoute(Object(Illuminate/Http/Request), Object(Illuminate/Routing/Route))
#21 C:/xampp/htdocs/PROYECT-MAIN-main/vendor/laravel/framework/src/Illuminate/Routing/Router.php(753): Illuminate/Routing/Router->dispatchToRoute(Object(Illuminate/Http/Request))
#22 C:/xampp/htdocs/PROYECT-MAIN-main/vendor/laravel/framework/src/Illuminate/Foundation/Http/Kernel.php(200): Illuminate/Routing/Router->dispatch(Object(Illuminate/Http/Request))
#23 C:/xampp/htdocs/PROYECT-MAIN-main/vendor/laravel/framework/src/Illuminate/Pipeline/Pipeline.php(180): Illuminate/Foundation/Http/Kernel->Illuminate/Foundation/Http/{closure}(Object(Illuminate/Http/Request))
#24 C:/xampp/htdocs/PROYECT-MAIN-main/vendor/laravel/framework/src/Illuminate/Foundation/Http/Middleware/TransformsRequest.php(21): Illuminate/Pipeline/Pipeline->Illuminate/Pipeline/{closure}(Object(Illuminate/Http/Request))
#25 C:/xampp/htdocs/PROYECT-MAIN-main/vendor/laravel/framework/src/Illuminate/Foundation/Http/Middleware/ConvertEmptyStringsToNull.php(31): Illuminate/Foundation/Http/Middleware/TransformsRequest->handle(Object(Illuminate/Http/Request), Object(Closure))
#26 C:/xampp/htdocs/PROYECT-MAIN-main/vendor/laravel/framework/src/Illuminate/Pipeline/Pipeline.php(219): Illuminate/Foundation/Http/Middleware/ConvertEmptyStringsToNull->handle(Object(Illuminate/Http/Request), Object(Closure))
#27 C:/xampp/htdocs/PROYECT-MAIN-main/vendor/laravel/framework/src/Illuminate/Foundation/Http/Middleware/TransformsRequest.php(21): Illuminate/Pipeline/Pipeline->Illuminate/Pipeline/{closure}(Object(Illuminate/Http/Request))
#28 C:/xampp/htdocs/PROYECT-MAIN-main/vendor/laravel/framework/src/Illuminate/Foundation/Http/Middleware/TrimStrings.php(51): Illuminate/Foundation/Http/Middleware/TransformsRequest->handle(Object(Illuminate/Http/Request), Object(Closure))
#29 C:/xampp/htdocs/PROYECT-MAIN-main/vendor/laravel/framework/src/Illuminate/Pipeline/Pipeline.php(219): Illuminate/Foundation/Http/Middleware/TrimStrings->handle(Object(Illuminate/Http/Request), Object(Closure))
#30 C:/xampp/htdocs/PROYECT-MAIN-main/vendor/laravel/framework/src/Illuminate/Http/Middleware/ValidatePostSize.php(27): Illuminate/Pipeline/Pipeline->Illuminate/Pipeline/{closure}(Object(Illuminate/Http/Request))
#31 C:/xampp/htdocs/PROYECT-MAIN-main/vendor/laravel/framework/src/Illuminate/Pipeline/Pipeline.php(219): Illuminate/Http/Middleware/ValidatePostSize->handle(Object(Illuminate/Http/Request), Object(Closure))
#32 C:/xampp/htdocs/PROYECT-MAIN-main/vendor/laravel/framework/src/Illuminate/Foundation/Http/Middleware/PreventRequestsDuringMaintenance.php(109): Illuminate/Pipeline/Pipeline->Illuminate/Pipeline/{closure}(Object(Illuminate/Http/Request))
#33 C:/xampp/htdocs/PROYECT-MAIN-main/vendor/laravel/framework/src/Illuminate/Pipeline/Pipeline.php(219): Illuminate/Foundation/Http/Middleware/PreventRequestsDuringMaintenance->handle(Object(Illuminate/Http/Request), Object(Closure))
#34 C:/xampp/htdocs/PROYECT-MAIN-main/vendor/laravel/framework/src/Illuminate/Http/Middleware/HandleCors.php(61): Illuminate/Pipeline/Pipeline->Illuminate/Pipeline/{closure}(Object(Illuminate/Http/Request))
#35 C:/xampp/htdocs/PROYECT-MAIN-main/vendor/laravel/framework/src/Illuminate/Pipeline/Pipeline.php(219): Illuminate/Http/Middleware/HandleCors->handle(Object(Illuminate/Http/Request), Object(Closure))
#36 C:/xampp/htdocs/PROYECT-MAIN-main/vendor/laravel/framework/src/Illuminate/Http/Middleware/TrustProxies.php(58): Illuminate/Pipeline/Pipeline->Illuminate/Pipeline/{closure}(Object(Illuminate/Http/Request))
#37 C:/xampp/htdocs/PROYECT-MAIN-main/vendor/laravel/framework/src/Illuminate/Pipeline/Pipeline.php(219): Illuminate/Http/Middleware/TrustProxies->handle(Object(Illuminate/Http/Request), Object(Closure))
#38 C:/xampp/htdocs/PROYECT-MAIN-main/vendor/laravel/framework/src/Illuminate/Foundation/Http/Middleware/InvokeDeferredCallbacks.php(22): Illuminate/Pipeline/Pipeline->Illuminate/Pipeline/{closure}(Object(Illuminate/Http/Request))
#39 C:/xampp/htdocs/PROYECT-MAIN-main/vendor/laravel/framework/src/Illuminate/Pipeline/Pipeline.php(219): Illuminate/Foundation/Http/Middleware/InvokeDeferredCallbacks->handle(Object(Illuminate/Http/Request), Object(Closure))
#40 C:/xampp/htdocs/PROYECT-MAIN-main/vendor/laravel/framework/src/Illuminate/Http/Middleware/ValidatePathEncoding.php(26): Illuminate/Pipeline/Pipeline->Illuminate/Pipeline/{closure}(Object(Illuminate/Http/Request))
#41 C:/xampp/htdocs/PROYECT-MAIN-main/vendor/laravel/framework/src/Illuminate/Pipeline/Pipeline.php(219): Illuminate/Http/Middleware/ValidatePathEncoding->handle(Object(Illuminate/Http/Request), Object(Closure))
#42 C:/xampp/htdocs/PROYECT-MAIN-main/vendor/laravel/framework/src/Illuminate/Pipeline/Pipeline.php(137): Illuminate/Pipeline/Pipeline->Illuminate/Pipeline/{closure}(Object(Illuminate/Http/Request))
#43 C:/xampp/htdocs/PROYECT-MAIN-main/vendor/laravel/framework/src/Illuminate/Foundation/Http/Kernel.php(175): Illuminate/Pipeline/Pipeline->then(Object(Closure))
#44 C:/xampp/htdocs/PROYECT-MAIN-main/vendor/laravel/framework/src/Illuminate/Foundation/Http/Kernel.php(144): Illuminate/Foundation/Http/Kernel->sendRequestThroughRouter(Object(Illuminate/Http/Request))
#45 C:/xampp/htdocs/PROYECT-MAIN-main/vendor/laravel/framework/src/Illuminate/Foundation/Application.php(1220): Illuminate/Foundation/Http/Kernel->handle(Object(Illuminate/Http/Request))
#46 C:/xampp/htdocs/PROYECT-MAIN-main/public/index.php(20): Illuminate/Foundation/Application->handleRequest(Object(Illuminate/Http/Request))
#47 C:/xampp/htdocs/PROYECT-MAIN-main/vendor/laravel/framework/src/Illuminate/Foundation/resources/server.php(23): require_once('C://xampp//htdocs...')
#48 {main}
"} 
[2026-06-04 17:53:02] production.ERROR: No application encryption key has been specified. {"exception":"[object] (Illuminate\\Encryption\\MissingAppKeyException(code: 0): No application encryption key has been specified. at C:/xampp/htdocs/PROYECT-MAIN-main/vendor/laravel/framework/src/Illuminate/Encryption/EncryptionServiceProvider.php:83)
[stacktrace]
#0 C:/xampp/htdocs/PROYECT-MAIN-main/vendor/laravel/framework/src/Illuminate/Support/helpers.php(393): Illuminate/Encryption/EncryptionServiceProvider->Illuminate/Encryption/{closure}(NULL)
#1 C:/xampp/htdocs/PROYECT-MAIN-main/vendor/laravel/framework/src/Illuminate/Encryption/EncryptionServiceProvider.php(81): tap(NULL, Object(Closure))
#2 C:/xampp/htdocs/PROYECT-MAIN-main/vendor/laravel/framework/src/Illuminate/Encryption/EncryptionServiceProvider.php(64): Illuminate/Encryption/EncryptionServiceProvider->key(Array)
#3 C:/xampp/htdocs/PROYECT-MAIN-main/vendor/laravel/framework/src/Illuminate/Encryption/EncryptionServiceProvider.php(32): Illuminate/Encryption/EncryptionServiceProvider->parseKey(Array)
#4 C:/xampp/htdocs/PROYECT-MAIN-main/vendor/laravel/framework/src/Illuminate/Container/Container.php(1115): Illuminate/Encryption/EncryptionServiceProvider->Illuminate/Encryption/{closure}(Object(Illuminate/Foundation/Application), Array)
#5 C:/xampp/htdocs/PROYECT-MAIN-main/vendor/laravel/framework/src/Illuminate/Container/Container.php(933): Illuminate/Container/Container->build(Object(Closure))
#6 C:/xampp/htdocs/PROYECT-MAIN-main/vendor/laravel/framework/src/Illuminate/Foundation/Application.php(1078): Illuminate/Container/Container->resolve('encrypter', Array, true)
#7 C:/xampp/htdocs/PROYECT-MAIN-main/vendor/laravel/framework/src/Illuminate/Container/Container.php(864): Illuminate/Foundation/Application->resolve('encrypter', Array)
#8 C:/xampp/htdocs/PROYECT-MAIN-main/vendor/laravel/framework/src/Illuminate/Foundation/Application.php(1058): Illuminate/Container/Container->make('encrypter', Array)
#9 C:/xampp/htdocs/PROYECT-MAIN-main/vendor/laravel/framework/src/Illuminate/Container/Container.php(1336): Illuminate/Foundation/Application->make('encrypter')
#10 C:/xampp/htdocs/PROYECT-MAIN-main/vendor/laravel/framework/src/Illuminate/Container/Container.php(1237): Illuminate/Container/Container->resolveClass(Object(ReflectionParameter), 'Illuminate//Cont...')
#11 C:/xampp/htdocs/PROYECT-MAIN-main/vendor/laravel/framework/src/Illuminate/Container/Container.php(1162): Illuminate/Container/Container->resolveDependencies(Array)
#12 C:/xampp/htdocs/PROYECT-MAIN-main/vendor/laravel/framework/src/Illuminate/Container/Container.php(933): Illuminate/Container/Container->build('Illuminate//Cook...')
#13 C:/xampp/htdocs/PROYECT-MAIN-main/vendor/laravel/framework/src/Illuminate/Foundation/Application.php(1078): Illuminate/Container/Container->resolve('Illuminate//Cook...', Array, true)
#14 C:/xampp/htdocs/PROYECT-MAIN-main/vendor/laravel/framework/src/Illuminate/Container/Container.php(864): Illuminate/Foundation/Application->resolve('Illuminate//Cook...', Array)
#15 C:/xampp/htdocs/PROYECT-MAIN-main/vendor/laravel/framework/src/Illuminate/Foundation/Application.php(1058): Illuminate/Container/Container->make('Illuminate//Cook...', Array)
#16 C:/xampp/htdocs/PROYECT-MAIN-main/vendor/laravel/framework/src/Illuminate/Pipeline/Pipeline.php(208): Illuminate/Foundation/Application->make('Illuminate//Cook...')
#17 C:/xampp/htdocs/PROYECT-MAIN-main/vendor/laravel/framework/src/Illuminate/Pipeline/Pipeline.php(137): Illuminate/Pipeline/Pipeline->Illuminate/Pipeline/{closure}(Object(Illuminate/Http/Request))
#18 C:/xampp/htdocs/PROYECT-MAIN-main/vendor/laravel/framework/src/Illuminate/Routing/Router.php(821): Illuminate/Pipeline/Pipeline->then(Object(Closure))
#19 C:/xampp/htdocs/PROYECT-MAIN-main/vendor/laravel/framework/src/Illuminate/Routing/Router.php(800): Illuminate/Routing/Router->runRouteWithinStack(Object(Illuminate/Routing/Route), Object(Illuminate/Http/Request))
#20 C:/xampp/htdocs/PROYECT-MAIN-main/vendor/laravel/framework/src/Illuminate/Routing/Router.php(764): Illuminate/Routing/Router->runRoute(Object(Illuminate/Http/Request), Object(Illuminate/Routing/Route))
#21 C:/xampp/htdocs/PROYECT-MAIN-main/vendor/laravel/framework/src/Illuminate/Routing/Router.php(753): Illuminate/Routing/Router->dispatchToRoute(Object(Illuminate/Http/Request))
#22 C:/xampp/htdocs/PROYECT-MAIN-main/vendor/laravel/framework/src/Illuminate/Foundation/Http/Kernel.php(200): Illuminate/Routing/Router->dispatch(Object(Illuminate/Http/Request))
#23 C:/xampp/htdocs/PROYECT-MAIN-main/vendor/laravel/framework/src/Illuminate/Pipeline/Pipeline.php(180): Illuminate/Foundation/Http/Kernel->Illuminate/Foundation/Http/{closure}(Object(Illuminate/Http/Request))
#24 C:/xampp/htdocs/PROYECT-MAIN-main/vendor/laravel/framework/src/Illuminate/Foundation/Http/Middleware/TransformsRequest.php(21): Illuminate/Pipeline/Pipeline->Illuminate/Pipeline/{closure}(Object(Illuminate/Http/Request))
#25 C:/xampp/htdocs/PROYECT-MAIN-main/vendor/laravel/framework/src/Illuminate/Foundation/Http/Middleware/ConvertEmptyStringsToNull.php(31): Illuminate/Foundation/Http/Middleware/TransformsRequest->handle(Object(Illuminate/Http/Request), Object(Closure))
#26 C:/xampp/htdocs/PROYECT-MAIN-main/vendor/laravel/framework/src/Illuminate/Pipeline/Pipeline.php(219): Illuminate/Foundation/Http/Middleware/ConvertEmptyStringsToNull->handle(Object(Illuminate/Http/Request), Object(Closure))
#27 C:/xampp/htdocs/PROYECT-MAIN-main/vendor/laravel/framework/src/Illuminate/Foundation/Http/Middleware/TransformsRequest.php(21): Illuminate/Pipeline/Pipeline->Illuminate/Pipeline/{closure}(Object(Illuminate/Http/Request))
#28 C:/xampp/htdocs/PROYECT-MAIN-main/vendor/laravel/framework/src/Illuminate/Foundation/Http/Middleware/TrimStrings.php(51): Illuminate/Foundation/Http/Middleware/TransformsRequest->handle(Object(Illuminate/Http/Request), Object(Closure))
#29 C:/xampp/htdocs/PROYECT-MAIN-main/vendor/laravel/framework/src/Illuminate/Pipeline/Pipeline.php(219): Illuminate/Foundation/Http/Middleware/TrimStrings->handle(Object(Illuminate/Http/Request), Object(Closure))
#30 C:/xampp/htdocs/PROYECT-MAIN-main/vendor/laravel/framework/src/Illuminate/Http/Middleware/ValidatePostSize.php(27): Illuminate/Pipeline/Pipeline->Illuminate/Pipeline/{closure}(Object(Illuminate/Http/Request))
#31 C:/xampp/htdocs/PROYECT-MAIN-main/vendor/laravel/framework/src/Illuminate/Pipeline/Pipeline.php(219): Illuminate/Http/Middleware/ValidatePostSize->handle(Object(Illuminate/Http/Request), Object(Closure))
#32 C:/xampp/htdocs/PROYECT-MAIN-main/vendor/laravel/framework/src/Illuminate/Foundation/Http/Middleware/PreventRequestsDuringMaintenance.php(109): Illuminate/Pipeline/Pipeline->Illuminate/Pipeline/{closure}(Object(Illuminate/Http/Request))
#33 C:/xampp/htdocs/PROYECT-MAIN-main/vendor/laravel/framework/src/Illuminate/Pipeline/Pipeline.php(219): Illuminate/Foundation/Http/Middleware/PreventRequestsDuringMaintenance->handle(Object(Illuminate/Http/Request), Object(Closure))
#34 C:/xampp/htdocs/PROYECT-MAIN-main/vendor/laravel/framework/src/Illuminate/Http/Middleware/HandleCors.php(61): Illuminate/Pipeline/Pipeline->Illuminate/Pipeline/{closure}(Object(Illuminate/Http/Request))
#35 C:/xampp/htdocs/PROYECT-MAIN-main/vendor/laravel/framework/src/Illuminate/Pipeline/Pipeline.php(219): Illuminate/Http/Middleware/HandleCors->handle(Object(Illuminate/Http/Request), Object(Closure))
#36 C:/xampp/htdocs/PROYECT-MAIN-main/vendor/laravel/framework/src/Illuminate/Http/Middleware/TrustProxies.php(58): Illuminate/Pipeline/Pipeline->Illuminate/Pipeline/{closure}(Object(Illuminate/Http/Request))
#37 C:/xampp/htdocs/PROYECT-MAIN-main/vendor/laravel/framework/src/Illuminate/Pipeline/Pipeline.php(219): Illuminate/Http/Middleware/TrustProxies->handle(Object(Illuminate/Http/Request), Object(Closure))
#38 C:/xampp/htdocs/PROYECT-MAIN-main/vendor/laravel/framework/src/Illuminate/Foundation/Http/Middleware/InvokeDeferredCallbacks.php(22): Illuminate/Pipeline/Pipeline->Illuminate/Pipeline/{closure}(Object(Illuminate/Http/Request))
#39 C:/xampp/htdocs/PROYECT-MAIN-main/vendor/laravel/framework/src/Illuminate/Pipeline/Pipeline.php(219): Illuminate/Foundation/Http/Middleware/InvokeDeferredCallbacks->handle(Object(Illuminate/Http/Request), Object(Closure))
#40 C:/xampp/htdocs/PROYECT-MAIN-main/vendor/laravel/framework/src/Illuminate/Http/Middleware/ValidatePathEncoding.php(26): Illuminate/Pipeline/Pipeline->Illuminate/Pipeline/{closure}(Object(Illuminate/Http/Request))
#41 C:/xampp/htdocs/PROYECT-MAIN-main/vendor/laravel/framework/src/Illuminate/Pipeline/Pipeline.php(219): Illuminate/Http/Middleware/ValidatePathEncoding->handle(Object(Illuminate/Http/Request), Object(Closure))
#42 C:/xampp/htdocs/PROYECT-MAIN-main/vendor/laravel/framework/src/Illuminate/Pipeline/Pipeline.php(137): Illuminate/Pipeline/Pipeline->Illuminate/Pipeline/{closure}(Object(Illuminate/Http/Request))
#43 C:/xampp/htdocs/PROYECT-MAIN-main/vendor/laravel/framework/src/Illuminate/Foundation/Http/Kernel.php(175): Illuminate/Pipeline/Pipeline->then(Object(Closure))
#44 C:/xampp/htdocs/PROYECT-MAIN-main/vendor/laravel/framework/src/Illuminate/Foundation/Http/Kernel.php(144): Illuminate/Foundation/Http/Kernel->sendRequestThroughRouter(Object(Illuminate/Http/Request))
#45 C:/xampp/htdocs/PROYECT-MAIN-main/vendor/laravel/framework/src/Illuminate/Foundation/Application.php(1220): Illuminate/Foundation/Http/Kernel->handle(Object(Illuminate/Http/Request))
#46 C:/xampp/htdocs/PROYECT-MAIN-main/public/index.php(20): Illuminate/Foundation/Application->handleRequest(Object(Illuminate/Http/Request))
#47 C:/xampp/htdocs/PROYECT-MAIN-main/vendor/laravel/framework/src/Illuminate/Foundation/resources/server.php(23): require_once('C://xampp//htdocs...')
#48 {main}
"} 
[2026-06-04 17:53:02] production.ERROR: No application encryption key has been specified. {"exception":"[object] (Illuminate\\Encryption\\MissingAppKeyException(code: 0): No application encryption key has been specified. at C:/xampp/htdocs/PROYECT-MAIN-main/vendor/laravel/framework/src/Illuminate/Encryption/EncryptionServiceProvider.php:83)
[stacktrace]
#0 C:/xampp/htdocs/PROYECT-MAIN-main/vendor/laravel/framework/src/Illuminate/Support/helpers.php(393): Illuminate/Encryption/EncryptionServiceProvider->Illuminate/Encryption/{closure}(NULL)
#1 C:/xampp/htdocs/PROYECT-MAIN-main/vendor/laravel/framework/src/Illuminate/Encryption/EncryptionServiceProvider.php(81): tap(NULL, Object(Closure))
#2 C:/xampp/htdocs/PROYECT-MAIN-main/vendor/laravel/framework/src/Illuminate/Encryption/EncryptionServiceProvider.php(64): Illuminate/Encryption/EncryptionServiceProvider->key(Array)
#3 C:/xampp/htdocs/PROYECT-MAIN-main/vendor/laravel/framework/src/Illuminate/Encryption/EncryptionServiceProvider.php(32): Illuminate/Encryption/EncryptionServiceProvider->parseKey(Array)
#4 C:/xampp/htdocs/PROYECT-MAIN-main/vendor/laravel/framework/src/Illuminate/Container/Container.php(1115): Illuminate/Encryption/EncryptionServiceProvider->Illuminate/Encryption/{closure}(Object(Illuminate/Foundation/Application), Array)
#5 C:/xampp/htdocs/PROYECT-MAIN-main/vendor/laravel/framework/src/Illuminate/Container/Container.php(933): Illuminate/Container/Container->build(Object(Closure))
#6 C:/xampp/htdocs/PROYECT-MAIN-main/vendor/laravel/framework/src/Illuminate/Foundation/Application.php(1078): Illuminate/Container/Container->resolve('encrypter', Array, true)
#7 C:/xampp/htdocs/PROYECT-MAIN-main/vendor/laravel/framework/src/Illuminate/Container/Container.php(864): Illuminate/Foundation/Application->resolve('encrypter', Array)
#8 C:/xampp/htdocs/PROYECT-MAIN-main/vendor/laravel/framework/src/Illuminate/Foundation/Application.php(1058): Illuminate/Container/Container->make('encrypter', Array)
#9 C:/xampp/htdocs/PROYECT-MAIN-main/vendor/laravel/framework/src/Illuminate/Container/Container.php(1336): Illuminate/Foundation/Application->make('encrypter')
#10 C:/xampp/htdocs/PROYECT-MAIN-main/vendor/laravel/framework/src/Illuminate/Container/Container.php(1237): Illuminate/Container/Container->resolveClass(Object(ReflectionParameter), 'Illuminate//Cont...')
#11 C:/xampp/htdocs/PROYECT-MAIN-main/vendor/laravel/framework/src/Illuminate/Container/Container.php(1162): Illuminate/Container/Container->resolveDependencies(Array)
#12 C:/xampp/htdocs/PROYECT-MAIN-main/vendor/laravel/framework/src/Illuminate/Container/Container.php(933): Illuminate/Container/Container->build('Illuminate//Cook...')
#13 C:/xampp/htdocs/PROYECT-MAIN-main/vendor/laravel/framework/src/Illuminate/Foundation/Application.php(1078): Illuminate/Container/Container->resolve('Illuminate//Cook...', Array, true)
#14 C:/xampp/htdocs/PROYECT-MAIN-main/vendor/laravel/framework/src/Illuminate/Container/Container.php(864): Illuminate/Foundation/Application->resolve('Illuminate//Cook...', Array)
#15 C:/xampp/htdocs/PROYECT-MAIN-main/vendor/laravel/framework/src/Illuminate/Foundation/Application.php(1058): Illuminate/Container/Container->make('Illuminate//Cook...', Array)
#16 C:/xampp/htdocs/PROYECT-MAIN-main/vendor/laravel/framework/src/Illuminate/Pipeline/Pipeline.php(208): Illuminate/Foundation/Application->make('Illuminate//Cook...')
#17 C:/xampp/htdocs/PROYECT-MAIN-main/vendor/laravel/framework/src/Illuminate/Pipeline/Pipeline.php(137): Illuminate/Pipeline/Pipeline->Illuminate/Pipeline/{closure}(Object(Illuminate/Http/Request))
#18 C:/xampp/htdocs/PROYECT-MAIN-main/vendor/laravel/framework/src/Illuminate/Routing/Router.php(821): Illuminate/Pipeline/Pipeline->then(Object(Closure))
#19 C:/xampp/htdocs/PROYECT-MAIN-main/vendor/laravel/framework/src/Illuminate/Routing/Router.php(800): Illuminate/Routing/Router->runRouteWithinStack(Object(Illuminate/Routing/Route), Object(Illuminate/Http/Request))
#20 C:/xampp/htdocs/PROYECT-MAIN-main/vendor/laravel/framework/src/Illuminate/Routing/Router.php(764): Illuminate/Routing/Router->runRoute(Object(Illuminate/Http/Request), Object(Illuminate/Routing/Route))
#21 C:/xampp/htdocs/PROYECT-MAIN-main/vendor/laravel/framework/src/Illuminate/Routing/Router.php(753): Illuminate/Routing/Router->dispatchToRoute(Object(Illuminate/Http/Request))
#22 C:/xampp/htdocs/PROYECT-MAIN-main/vendor/laravel/framework/src/Illuminate/Foundation/Http/Kernel.php(200): Illuminate/Routing/Router->dispatch(Object(Illuminate/Http/Request))
#23 C:/xampp/htdocs/PROYECT-MAIN-main/vendor/laravel/framework/src/Illuminate/Pipeline/Pipeline.php(180): Illuminate/Foundation/Http/Kernel->Illuminate/Foundation/Http/{closure}(Object(Illuminate/Http/Request))
#24 C:/xampp/htdocs/PROYECT-MAIN-main/vendor/laravel/framework/src/Illuminate/Foundation/Http/Middleware/TransformsRequest.php(21): Illuminate/Pipeline/Pipeline->Illuminate/Pipeline/{closure}(Object(Illuminate/Http/Request))
#25 C:/xampp/htdocs/PROYECT-MAIN-main/vendor/laravel/framework/src/Illuminate/Foundation/Http/Middleware/ConvertEmptyStringsToNull.php(31): Illuminate/Foundation/Http/Middleware/TransformsRequest->handle(Object(Illuminate/Http/Request), Object(Closure))
#26 C:/xampp/htdocs/PROYECT-MAIN-main/vendor/laravel/framework/src/Illuminate/Pipeline/Pipeline.php(219): Illuminate/Foundation/Http/Middleware/ConvertEmptyStringsToNull->handle(Object(Illuminate/Http/Request), Object(Closure))
#27 C:/xampp/htdocs/PROYECT-MAIN-main/vendor/laravel/framework/src/Illuminate/Foundation/Http/Middleware/TransformsRequest.php(21): Illuminate/Pipeline/Pipeline->Illuminate/Pipeline/{closure}(Object(Illuminate/Http/Request))
#28 C:/xampp/htdocs/PROYECT-MAIN-main/vendor/laravel/framework/src/Illuminate/Foundation/Http/Middleware/TrimStrings.php(51): Illuminate/Foundation/Http/Middleware/TransformsRequest->handle(Object(Illuminate/Http/Request), Object(Closure))
#29 C:/xampp/htdocs/PROYECT-MAIN-main/vendor/laravel/framework/src/Illuminate/Pipeline/Pipeline.php(219): Illuminate/Foundation/Http/Middleware/TrimStrings->handle(Object(Illuminate/Http/Request), Object(Closure))
#30 C:/xampp/htdocs/PROYECT-MAIN-main/vendor/laravel/framework/src/Illuminate/Http/Middleware/ValidatePostSize.php(27): Illuminate/Pipeline/Pipeline->Illuminate/Pipeline/{closure}(Object(Illuminate/Http/Request))
#31 C:/xampp/htdocs/PROYECT-MAIN-main/vendor/laravel/framework/src/Illuminate/Pipeline/Pipeline.php(219): Illuminate/Http/Middleware/ValidatePostSize->handle(Object(Illuminate/Http/Request), Object(Closure))
#32 C:/xampp/htdocs/PROYECT-MAIN-main/vendor/laravel/framework/src/Illuminate/Foundation/Http/Middleware/PreventRequestsDuringMaintenance.php(109): Illuminate/Pipeline/Pipeline->Illuminate/Pipeline/{closure}(Object(Illuminate/Http/Request))
#33 C:/xampp/htdocs/PROYECT-MAIN-main/vendor/laravel/framework/src/Illuminate/Pipeline/Pipeline.php(219): Illuminate/Foundation/Http/Middleware/PreventRequestsDuringMaintenance->handle(Object(Illuminate/Http/Request), Object(Closure))
#34 C:/xampp/htdocs/PROYECT-MAIN-main/vendor/laravel/framework/src/Illuminate/Http/Middleware/HandleCors.php(61): Illuminate/Pipeline/Pipeline->Illuminate/Pipeline/{closure}(Object(Illuminate/Http/Request))
#35 C:/xampp/htdocs/PROYECT-MAIN-main/vendor/laravel/framework/src/Illuminate/Pipeline/Pipeline.php(219): Illuminate/Http/Middleware/HandleCors->handle(Object(Illuminate/Http/Request), Object(Closure))
#36 C:/xampp/htdocs/PROYECT-MAIN-main/vendor/laravel/framework/src/Illuminate/Http/Middleware/TrustProxies.php(58): Illuminate/Pipeline/Pipeline->Illuminate/Pipeline/{closure}(Object(Illuminate/Http/Request))
#37 C:/xampp/htdocs/PROYECT-MAIN-main/vendor/laravel/framework/src/Illuminate/Pipeline/Pipeline.php(219): Illuminate/Http/Middleware/TrustProxies->handle(Object(Illuminate/Http/Request), Object(Closure))
#38 C:/xampp/htdocs/PROYECT-MAIN-main/vendor/laravel/framework/src/Illuminate/Foundation/Http/Middleware/InvokeDeferredCallbacks.php(22): Illuminate/Pipeline/Pipeline->Illuminate/Pipeline/{closure}(Object(Illuminate/Http/Request))
#39 C:/xampp/htdocs/PROYECT-MAIN-main/vendor/laravel/framework/src/Illuminate/Pipeline/Pipeline.php(219): Illuminate/Foundation/Http/Middleware/InvokeDeferredCallbacks->handle(Object(Illuminate/Http/Request), Object(Closure))
#40 C:/xampp/htdocs/PROYECT-MAIN-main/vendor/laravel/framework/src/Illuminate/Http/Middleware/ValidatePathEncoding.php(26): Illuminate/Pipeline/Pipeline->Illuminate/Pipeline/{closure}(Object(Illuminate/Http/Request))
#41 C:/xampp/htdocs/PROYECT-MAIN-main/vendor/laravel/framework/src/Illuminate/Pipeline/Pipeline.php(219): Illuminate/Http/Middleware/ValidatePathEncoding->handle(Object(Illuminate/Http/Request), Object(Closure))
#42 C:/xampp/htdocs/PROYECT-MAIN-main/vendor/laravel/framework/src/Illuminate/Pipeline/Pipeline.php(137): Illuminate/Pipeline/Pipeline->Illuminate/Pipeline/{closure}(Object(Illuminate/Http/Request))
#43 C:/xampp/htdocs/PROYECT-MAIN-main/vendor/laravel/framework/src/Illuminate/Foundation/Http/Kernel.php(175): Illuminate/Pipeline/Pipeline->then(Object(Closure))
#44 C:/xampp/htdocs/PROYECT-MAIN-main/vendor/laravel/framework/src/Illuminate/Foundation/Http/Kernel.php(144): Illuminate/Foundation/Http/Kernel->sendRequestThroughRouter(Object(Illuminate/Http/Request))
#45 C:/xampp/htdocs/PROYECT-MAIN-main/vendor/laravel/framework/src/Illuminate/Foundation/Application.php(1220): Illuminate/Foundation/Http/Kernel->handle(Object(Illuminate/Http/Request))
#46 C:/xampp/htdocs/PROYECT-MAIN-main/public/index.php(20): Illuminate/Foundation/Application->handleRequest(Object(Illuminate/Http/Request))
#47 C:/xampp/htdocs/PROYECT-MAIN-main/vendor/laravel/framework/src/Illuminate/Foundation/resources/server.php(23): require_once('C://xampp//htdocs...')
#48 {main}
"} 
[2026-06-04 17:53:02] production.ERROR: No application encryption key has been specified. {"exception":"[object] (Illuminate\\Encryption\\MissingAppKeyException(code: 0): No application encryption key has been specified. at C:/xampp/htdocs/PROYECT-MAIN-main/vendor/laravel/framework/src/Illuminate/Encryption/EncryptionServiceProvider.php:83)
[stacktrace]
#0 C:/xampp/htdocs/PROYECT-MAIN-main/vendor/laravel/framework/src/Illuminate/Support/helpers.php(393): Illuminate/Encryption/EncryptionServiceProvider->Illuminate/Encryption/{closure}(NULL)
#1 C:/xampp/htdocs/PROYECT-MAIN-main/vendor/laravel/framework/src/Illuminate/Encryption/EncryptionServiceProvider.php(81): tap(NULL, Object(Closure))
#2 C:/xampp/htdocs/PROYECT-MAIN-main/vendor/laravel/framework/src/Illuminate/Encryption/EncryptionServiceProvider.php(64): Illuminate/Encryption/EncryptionServiceProvider->key(Array)
#3 C:/xampp/htdocs/PROYECT-MAIN-main/vendor/laravel/framework/src/Illuminate/Encryption/EncryptionServiceProvider.php(32): Illuminate/Encryption/EncryptionServiceProvider->parseKey(Array)
#4 C:/xampp/htdocs/PROYECT-MAIN-main/vendor/laravel/framework/src/Illuminate/Container/Container.php(1115): Illuminate/Encryption/EncryptionServiceProvider->Illuminate/Encryption/{closure}(Object(Illuminate/Foundation/Application), Array)
#5 C:/xampp/htdocs/PROYECT-MAIN-main/vendor/laravel/framework/src/Illuminate/Container/Container.php(933): Illuminate/Container/Container->build(Object(Closure))
#6 C:/xampp/htdocs/PROYECT-MAIN-main/vendor/laravel/framework/src/Illuminate/Foundation/Application.php(1078): Illuminate/Container/Container->resolve('encrypter', Array, true)
#7 C:/xampp/htdocs/PROYECT-MAIN-main/vendor/laravel/framework/src/Illuminate/Container/Container.php(864): Illuminate/Foundation/Application->resolve('encrypter', Array)
#8 C:/xampp/htdocs/PROYECT-MAIN-main/vendor/laravel/framework/src/Illuminate/Foundation/Application.php(1058): Illuminate/Container/Container->make('encrypter', Array)
#9 C:/xampp/htdocs/PROYECT-MAIN-main/vendor/laravel/framework/src/Illuminate/Container/Container.php(1336): Illuminate/Foundation/Application->make('encrypter')
#10 C:/xampp/htdocs/PROYECT-MAIN-main/vendor/laravel/framework/src/Illuminate/Container/Container.php(1237): Illuminate/Container/Container->resolveClass(Object(ReflectionParameter), 'Illuminate//Cont...')
#11 C:/xampp/htdocs/PROYECT-MAIN-main/vendor/laravel/framework/src/Illuminate/Container/Container.php(1162): Illuminate/Container/Container->resolveDependencies(Array)
#12 C:/xampp/htdocs/PROYECT-MAIN-main/vendor/laravel/framework/src/Illuminate/Container/Container.php(933): Illuminate/Container/Container->build('Illuminate//Cook...')
#13 C:/xampp/htdocs/PROYECT-MAIN-main/vendor/laravel/framework/src/Illuminate/Foundation/Application.php(1078): Illuminate/Container/Container->resolve('Illuminate//Cook...', Array, true)
#14 C:/xampp/htdocs/PROYECT-MAIN-main/vendor/laravel/framework/src/Illuminate/Container/Container.php(864): Illuminate/Foundation/Application->resolve('Illuminate//Cook...', Array)
#15 C:/xampp/htdocs/PROYECT-MAIN-main/vendor/laravel/framework/src/Illuminate/Foundation/Application.php(1058): Illuminate/Container/Container->make('Illuminate//Cook...', Array)
#16 C:/xampp/htdocs/PROYECT-MAIN-main/vendor/laravel/framework/src/Illuminate/Foundation/Http/Kernel.php(257): Illuminate/Foundation/Application->make('Illuminate//Cook...')
#17 C:/xampp/htdocs/PROYECT-MAIN-main/vendor/laravel/framework/src/Illuminate/Foundation/Http/Kernel.php(215): Illuminate/Foundation/Http/Kernel->terminateMiddleware(Object(Illuminate/Http/Request), Object(Illuminate/Http/Response))
#18 C:/xampp/htdocs/PROYECT-MAIN-main/vendor/laravel/framework/src/Illuminate/Foundation/Application.php(1222): Illuminate/Foundation/Http/Kernel->terminate(Object(Illuminate/Http/Request), Object(Illuminate/Http/Response))
#19 C:/xampp/htdocs/PROYECT-MAIN-main/public/index.php(20): Illuminate/Foundation/Application->handleRequest(Object(Illuminate/Http/Request))
#20 C:/xampp/htdocs/PROYECT-MAIN-main/vendor/laravel/framework/src/Illuminate/Foundation/resources/server.php(23): require_once('C://xampp//htdocs...')
#21 {main}
"} 
[2026-06-04 18:35:10] local.ERROR: SQLSTATE[HY000]: General error: 1 table users has no column named role_id (Connection: sqlite, Database: C:\xampp\htdocs\PROYECT-MAIN-main\database\database.sqlite, SQL: insert into "users" ("name", "email", "password", "role_id", "updated_at", "created_at") values (LAURA, lauaranda567@gmail.com, $2y$12$GJM3ipLdKMMX5e18hslerewPnevYatEoEpVlglYp7j0v0D.wJgQlC, 2, 2026-06-04 18:35:09, 2026-06-04 18:35:09)) {"exception":"[object] (Illuminate\\Database\\QueryException(code: HY000): SQLSTATE[HY000]: General error: 1 table users has no column named role_id (Connection: sqlite, Database: C:\\xampp\\htdocs\\PROYECT-MAIN-main\\database\\database.sqlite, SQL: insert into \"users\" (\"name\", \"email\", \"password\", \"role_id\", \"updated_at\", \"created_at\") values (LAURA, lauaranda567@gmail.com, $2y$12$GJM3ipLdKMMX5e18hslerewPnevYatEoEpVlglYp7j0v0D.wJgQlC, 2, 2026-06-04 18:35:09, 2026-06-04 18:35:09)) at C:/xampp/htdocs/PROYECT-MAIN-main/vendor/laravel/framework/src/Illuminate/Database/Connection.php:838)
[stacktrace]
#0 C:/xampp/htdocs/PROYECT-MAIN-main/vendor/laravel/framework/src/Illuminate/Database/Connection.php(794): Illuminate/Database/Connection->runQueryCallback('insert into \"us...', Array, Object(Closure))
#1 C:/xampp/htdocs/PROYECT-MAIN-main/vendor/laravel/framework/src/Illuminate/Database/Connection.php(573): Illuminate/Database/Connection->run('insert into \"us...', Array, Object(Closure))
#2 C:/xampp/htdocs/PROYECT-MAIN-main/vendor/laravel/framework/src/Illuminate/Database/Connection.php(537): Illuminate/Database/Connection->statement('insert into \"us...', Array)
#3 C:/xampp/htdocs/PROYECT-MAIN-main/vendor/laravel/framework/src/Illuminate/Database/Query/Processors/Processor.php(32): Illuminate/Database/Connection->insert('insert into \"us...', Array)
#4 C:/xampp/htdocs/PROYECT-MAIN-main/vendor/laravel/framework/src/Illuminate/Database/Query/Builder.php(4170): Illuminate/Database/Query/Processors/Processor->processInsertGetId(Object(Illuminate/Database/Query/Builder), 'insert into \"us...', Array, 'id')
#5 C:/xampp/htdocs/PROYECT-MAIN-main/vendor/laravel/framework/src/Illuminate/Database/Eloquent/Builder.php(2237): Illuminate/Database/Query/Builder->insertGetId(Array, 'id')
#6 C:/xampp/htdocs/PROYECT-MAIN-main/vendor/laravel/framework/src/Illuminate/Database/Eloquent/Model.php(1436): Illuminate/Database/Eloquent/Builder->__call('insertGetId', Array)
#7 C:/xampp/htdocs/PROYECT-MAIN-main/vendor/laravel/framework/src/Illuminate/Database/Eloquent/Model.php(1401): Illuminate/Database/Eloquent/Model->insertAndSetId(Object(Illuminate/Database/Eloquent/Builder), Array)
#8 C:/xampp/htdocs/PROYECT-MAIN-main/vendor/laravel/framework/src/Illuminate/Database/Eloquent/Model.php(1240): Illuminate/Database/Eloquent/Model->performInsert(Object(Illuminate/Database/Eloquent/Builder))
#9 C:/xampp/htdocs/PROYECT-MAIN-main/vendor/laravel/framework/src/Illuminate/Database/Eloquent/Builder.php(1219): Illuminate/Database/Eloquent/Model->save()
#10 C:/xampp/htdocs/PROYECT-MAIN-main/vendor/laravel/framework/src/Illuminate/Support/helpers.php(393): Illuminate/Database/Eloquent/Builder->Illuminate/Database/Eloquent/{closure}(Object(App/Models/User))
#11 C:/xampp/htdocs/PROYECT-MAIN-main/vendor/laravel/framework/src/Illuminate/Database/Eloquent/Builder.php(1218): tap(Object(App/Models/User), Object(Closure))
#12 C:/xampp/htdocs/PROYECT-MAIN-main/vendor/laravel/framework/src/Illuminate/Support/Traits/ForwardsCalls.php(23): Illuminate/Database/Eloquent/Builder->create(Array)
#13 C:/xampp/htdocs/PROYECT-MAIN-main/vendor/laravel/framework/src/Illuminate/Database/Eloquent/Model.php(2544): Illuminate/Database/Eloquent/Model->forwardCallTo(Object(Illuminate/Database/Eloquent/Builder), 'create', Array)
#14 C:/xampp/htdocs/PROYECT-MAIN-main/vendor/laravel/framework/src/Illuminate/Database/Eloquent/Model.php(2560): Illuminate/Database/Eloquent/Model->__call('create', Array)
#15 C:/xampp/htdocs/PROYECT-MAIN-main/app/Http/Controllers/Auth/RegisteredUserController.php(39): Illuminate/Database/Eloquent/Model::__callStatic('create', Array)
#16 C:/xampp/htdocs/PROYECT-MAIN-main/vendor/laravel/framework/src/Illuminate/Routing/ControllerDispatcher.php(46): App/Http/Controllers/Auth/RegisteredUserController->store(Object(Illuminate/Http/Request))
#17 C:/xampp/htdocs/PROYECT-MAIN-main/vendor/laravel/framework/src/Illuminate/Routing/Route.php(265): Illuminate/Routing/ControllerDispatcher->dispatch(Object(Illuminate/Routing/Route), Object(App/Http/Controllers/Auth/RegisteredUserController), 'store')
#18 C:/xampp/htdocs/PROYECT-MAIN-main/vendor/laravel/framework/src/Illuminate/Routing/Route.php(211): Illuminate/Routing/Route->runController()
#19 C:/xampp/htdocs/PROYECT-MAIN-main/vendor/laravel/framework/src/Illuminate/Routing/Router.php(822): Illuminate/Routing/Route->run()
#20 C:/xampp/htdocs/PROYECT-MAIN-main/vendor/laravel/framework/src/Illuminate/Pipeline/Pipeline.php(180): Illuminate/Routing/Router->Illuminate/Routing/{closure}(Object(Illuminate/Http/Request))
#21 C:/xampp/htdocs/PROYECT-MAIN-main/vendor/laravel/framework/src/Illuminate/Auth/Middleware/RedirectIfAuthenticated.php(47): Illuminate/Pipeline/Pipeline->Illuminate/Pipeline/{closure}(Object(Illuminate/Http/Request))
#22 C:/xampp/htdocs/PROYECT-MAIN-main/vendor/laravel/framework/src/Illuminate/Pipeline/Pipeline.php(219): Illuminate/Auth/Middleware/RedirectIfAuthenticated->handle(Object(Illuminate/Http/Request), Object(Closure))
#23 C:/xampp/htdocs/PROYECT-MAIN-main/vendor/laravel/framework/src/Illuminate/Routing/Middleware/SubstituteBindings.php(50): Illuminate/Pipeline/Pipeline->Illuminate/Pipeline/{closure}(Object(Illuminate/Http/Request))
#24 C:/xampp/htdocs/PROYECT-MAIN-main/vendor/laravel/framework/src/Illuminate/Pipeline/Pipeline.php(219): Illuminate/Routing/Middleware/SubstituteBindings->handle(Object(Illuminate/Http/Request), Object(Closure))
#25 C:/xampp/htdocs/PROYECT-MAIN-main/vendor/laravel/framework/src/Illuminate/Foundation/Http/Middleware/VerifyCsrfToken.php(87): Illuminate/Pipeline/Pipeline->Illuminate/Pipeline/{closure}(Object(Illuminate/Http/Request))
#26 C:/xampp/htdocs/PROYECT-MAIN-main/vendor/laravel/framework/src/Illuminate/Pipeline/Pipeline.php(219): Illuminate/Foundation/Http/Middleware/VerifyCsrfToken->handle(Object(Illuminate/Http/Request), Object(Closure))
#27 C:/xampp/htdocs/PROYECT-MAIN-main/vendor/laravel/framework/src/Illuminate/View/Middleware/ShareErrorsFromSession.php(48): Illuminate/Pipeline/Pipeline->Illuminate/Pipeline/{closure}(Object(Illuminate/Http/Request))
#28 C:/xampp/htdocs/PROYECT-MAIN-main/vendor/laravel/framework/src/Illuminate/Pipeline/Pipeline.php(219): Illuminate/View/Middleware/ShareErrorsFromSession->handle(Object(Illuminate/Http/Request), Object(Closure))
#29 C:/xampp/htdocs/PROYECT-MAIN-main/vendor/laravel/framework/src/Illuminate/Session/Middleware/StartSession.php(120): Illuminate/Pipeline/Pipeline->Illuminate/Pipeline/{closure}(Object(Illuminate/Http/Request))
#30 C:/xampp/htdocs/PROYECT-MAIN-main/vendor/laravel/framework/src/Illuminate/Session/Middleware/StartSession.php(63): Illuminate/Session/Middleware/StartSession->handleStatefulRequest(Object(Illuminate/Http/Request), Object(Illuminate/Session/Store), Object(Closure))
#31 C:/xampp/htdocs/PROYECT-MAIN-main/vendor/laravel/framework/src/Illuminate/Pipeline/Pipeline.php(219): Illuminate/Session/Middleware/StartSession->handle(Object(Illuminate/Http/Request), Object(Closure))
#32 C:/xampp/htdocs/PROYECT-MAIN-main/vendor/laravel/framework/src/Illuminate/Cookie/Middleware/AddQueuedCookiesToResponse.php(36): Illuminate/Pipeline/Pipeline->Illuminate/Pipeline/{closure}(Object(Illuminate/Http/Request))
#33 C:/xampp/htdocs/PROYECT-MAIN-main/vendor/laravel/framework/src/Illuminate/Pipeline/Pipeline.php(219): Illuminate/Cookie/Middleware/AddQueuedCookiesToResponse->handle(Object(Illuminate/Http/Request), Object(Closure))
#34 C:/xampp/htdocs/PROYECT-MAIN-main/vendor/laravel/framework/src/Illuminate/Cookie/Middleware/EncryptCookies.php(74): Illuminate/Pipeline/Pipeline->Illuminate/Pipeline/{closure}(Object(Illuminate/Http/Request))
#35 C:/xampp/htdocs/PROYECT-MAIN-main/vendor/laravel/framework/src/Illuminate/Pipeline/Pipeline.php(219): Illuminate/Cookie/Middleware/EncryptCookies->handle(Object(Illuminate/Http/Request), Object(Closure))
#36 C:/xampp/htdocs/PROYECT-MAIN-main/vendor/laravel/framework/src/Illuminate/Pipeline/Pipeline.php(137): Illuminate/Pipeline/Pipeline->Illuminate/Pipeline/{closure}(Object(Illuminate/Http/Request))
#37 C:/xampp/htdocs/PROYECT-MAIN-main/vendor/laravel/framework/src/Illuminate/Routing/Router.php(821): Illuminate/Pipeline/Pipeline->then(Object(Closure))
#38 C:/xampp/htdocs/PROYECT-MAIN-main/vendor/laravel/framework/src/Illuminate/Routing/Router.php(800): Illuminate/Routing/Router->runRouteWithinStack(Object(Illuminate/Routing/Route), Object(Illuminate/Http/Request))
#39 C:/xampp/htdocs/PROYECT-MAIN-main/vendor/laravel/framework/src/Illuminate/Routing/Router.php(764): Illuminate/Routing/Router->runRoute(Object(Illuminate/Http/Request), Object(Illuminate/Routing/Route))
#40 C:/xampp/htdocs/PROYECT-MAIN-main/vendor/laravel/framework/src/Illuminate/Routing/Router.php(753): Illuminate/Routing/Router->dispatchToRoute(Object(Illuminate/Http/Request))
#41 C:/xampp/htdocs/PROYECT-MAIN-main/vendor/laravel/framework/src/Illuminate/Foundation/Http/Kernel.php(200): Illuminate/Routing/Router->dispatch(Object(Illuminate/Http/Request))
#42 C:/xampp/htdocs/PROYECT-MAIN-main/vendor/laravel/framework/src/Illuminate/Pipeline/Pipeline.php(180): Illuminate/Foundation/Http/Kernel->Illuminate/Foundation/Http/{closure}(Object(Illuminate/Http/Request))
#43 C:/xampp/htdocs/PROYECT-MAIN-main/vendor/laravel/framework/src/Illuminate/Foundation/Http/Middleware/TransformsRequest.php(21): Illuminate/Pipeline/Pipeline->Illuminate/Pipeline/{closure}(Object(Illuminate/Http/Request))
#44 C:/xampp/htdocs/PROYECT-MAIN-main/vendor/laravel/framework/src/Illuminate/Foundation/Http/Middleware/ConvertEmptyStringsToNull.php(31): Illuminate/Foundation/Http/Middleware/TransformsRequest->handle(Object(Illuminate/Http/Request), Object(Closure))
#45 C:/xampp/htdocs/PROYECT-MAIN-main/vendor/laravel/framework/src/Illuminate/Pipeline/Pipeline.php(219): Illuminate/Foundation/Http/Middleware/ConvertEmptyStringsToNull->handle(Object(Illuminate/Http/Request), Object(Closure))
#46 C:/xampp/htdocs/PROYECT-MAIN-main/vendor/laravel/framework/src/Illuminate/Foundation/Http/Middleware/TransformsRequest.php(21): Illuminate/Pipeline/Pipeline->Illuminate/Pipeline/{closure}(Object(Illuminate/Http/Request))
#47 C:/xampp/htdocs/PROYECT-MAIN-main/vendor/laravel/framework/src/Illuminate/Foundation/Http/Middleware/TrimStrings.php(51): Illuminate/Foundation/Http/Middleware/TransformsRequest->handle(Object(Illuminate/Http/Request), Object(Closure))
#48 C:/xampp/htdocs/PROYECT-MAIN-main/vendor/laravel/framework/src/Illuminate/Pipeline/Pipeline.php(219): Illuminate/Foundation/Http/Middleware/TrimStrings->handle(Object(Illuminate/Http/Request), Object(Closure))
#49 C:/xampp/htdocs/PROYECT-MAIN-main/vendor/laravel/framework/src/Illuminate/Http/Middleware/ValidatePostSize.php(27): Illuminate/Pipeline/Pipeline->Illuminate/Pipeline/{closure}(Object(Illuminate/Http/Request))
#50 C:/xampp/htdocs/PROYECT-MAIN-main/vendor/laravel/framework/src/Illuminate/Pipeline/Pipeline.php(219): Illuminate/Http/Middleware/ValidatePostSize->handle(Object(Illuminate/Http/Request), Object(Closure))
#51 C:/xampp/htdocs/PROYECT-MAIN-main/vendor/laravel/framework/src/Illuminate/Foundation/Http/Middleware/PreventRequestsDuringMaintenance.php(109): Illuminate/Pipeline/Pipeline->Illuminate/Pipeline/{closure}(Object(Illuminate/Http/Request))
#52 C:/xampp/htdocs/PROYECT-MAIN-main/vendor/laravel/framework/src/Illuminate/Pipeline/Pipeline.php(219): Illuminate/Foundation/Http/Middleware/PreventRequestsDuringMaintenance->handle(Object(Illuminate/Http/Request), Object(Closure))
#53 C:/xampp/htdocs/PROYECT-MAIN-main/vendor/laravel/framework/src/Illuminate/Http/Middleware/HandleCors.php(61): Illuminate/Pipeline/Pipeline->Illuminate/Pipeline/{closure}(Object(Illuminate/Http/Request))
#54 C:/xampp/htdocs/PROYECT-MAIN-main/vendor/laravel/framework/src/Illuminate/Pipeline/Pipeline.php(219): Illuminate/Http/Middleware/HandleCors->handle(Object(Illuminate/Http/Request), Object(Closure))
#55 C:/xampp/htdocs/PROYECT-MAIN-main/vendor/laravel/framework/src/Illuminate/Http/Middleware/TrustProxies.php(58): Illuminate/Pipeline/Pipeline->Illuminate/Pipeline/{closure}(Object(Illuminate/Http/Request))
#56 C:/xampp/htdocs/PROYECT-MAIN-main/vendor/laravel/framework/src/Illuminate/Pipeline/Pipeline.php(219): Illuminate/Http/Middleware/TrustProxies->handle(Object(Illuminate/Http/Request), Object(Closure))
#57 C:/xampp/htdocs/PROYECT-MAIN-main/vendor/laravel/framework/src/Illuminate/Foundation/Http/Middleware/InvokeDeferredCallbacks.php(22): Illuminate/Pipeline/Pipeline->Illuminate/Pipeline/{closure}(Object(Illuminate/Http/Request))
#58 C:/xampp/htdocs/PROYECT-MAIN-main/vendor/laravel/framework/src/Illuminate/Pipeline/Pipeline.php(219): Illuminate/Foundation/Http/Middleware/InvokeDeferredCallbacks->handle(Object(Illuminate/Http/Request), Object(Closure))
#59 C:/xampp/htdocs/PROYECT-MAIN-main/vendor/laravel/framework/src/Illuminate/Http/Middleware/ValidatePathEncoding.php(26): Illuminate/Pipeline/Pipeline->Illuminate/Pipeline/{closure}(Object(Illuminate/Http/Request))
#60 C:/xampp/htdocs/PROYECT-MAIN-main/vendor/laravel/framework/src/Illuminate/Pipeline/Pipeline.php(219): Illuminate/Http/Middleware/ValidatePathEncoding->handle(Object(Illuminate/Http/Request), Object(Closure))
#61 C:/xampp/htdocs/PROYECT-MAIN-main/vendor/laravel/framework/src/Illuminate/Pipeline/Pipeline.php(137): Illuminate/Pipeline/Pipeline->Illuminate/Pipeline/{closure}(Object(Illuminate/Http/Request))
#62 C:/xampp/htdocs/PROYECT-MAIN-main/vendor/laravel/framework/src/Illuminate/Foundation/Http/Kernel.php(175): Illuminate/Pipeline/Pipeline->then(Object(Closure))
#63 C:/xampp/htdocs/PROYECT-MAIN-main/vendor/laravel/framework/src/Illuminate/Foundation/Http/Kernel.php(144): Illuminate/Foundation/Http/Kernel->sendRequestThroughRouter(Object(Illuminate/Http/Request))
#64 C:/xampp/htdocs/PROYECT-MAIN-main/vendor/laravel/framework/src/Illuminate/Foundation/Application.php(1220): Illuminate/Foundation/Http/Kernel->handle(Object(Illuminate/Http/Request))
#65 C:/xampp/htdocs/PROYECT-MAIN-main/public/index.php(20): Illuminate/Foundation/Application->handleRequest(Object(Illuminate/Http/Request))
#66 C:/xampp/htdocs/PROYECT-MAIN-main/vendor/laravel/framework/src/Illuminate/Foundation/resources/server.php(23): require_once('C://xampp//htdocs...')
#67 {main}

[previous exception] [object] (PDOException(code: HY000): SQLSTATE[HY000]: General error: 1 table users has no column named role_id at C:/xampp/htdocs/PROYECT-MAIN-main/vendor/laravel/framework/src/Illuminate/Database/Connection.php:578)
[stacktrace]
#0 C:/xampp/htdocs/PROYECT-MAIN-main/vendor/laravel/framework/src/Illuminate/Database/Connection.php(578): PDO->prepare('insert into \"us...')
#1 C:/xampp/htdocs/PROYECT-MAIN-main/vendor/laravel/framework/src/Illuminate/Database/Connection.php(827): Illuminate/Database/Connection->Illuminate/Database/{closure}('insert into \"us...', Array)
#2 C:/xampp/htdocs/PROYECT-MAIN-main/vendor/laravel/framework/src/Illuminate/Database/Connection.php(794): Illuminate/Database/Connection->runQueryCallback('insert into \"us...', Array, Object(Closure))
#3 C:/xampp/htdocs/PROYECT-MAIN-main/vendor/laravel/framework/src/Illuminate/Database/Connection.php(573): Illuminate/Database/Connection->run('insert into \"us...', Array, Object(Closure))
#4 C:/xampp/htdocs/PROYECT-MAIN-main/vendor/laravel/framework/src/Illuminate/Database/Connection.php(537): Illuminate/Database/Connection->statement('insert into \"us...', Array)
#5 C:/xampp/htdocs/PROYECT-MAIN-main/vendor/laravel/framework/src/Illuminate/Database/Query/Processors/Processor.php(32): Illuminate/Database/Connection->insert('insert into \"us...', Array)
#6 C:/xampp/htdocs/PROYECT-MAIN-main/vendor/laravel/framework/src/Illuminate/Database/Query/Builder.php(4170): Illuminate/Database/Query/Processors/Processor->processInsertGetId(Object(Illuminate/Database/Query/Builder), 'insert into \"us...', Array, 'id')
#7 C:/xampp/htdocs/PROYECT-MAIN-main/vendor/laravel/framework/src/Illuminate/Database/Eloquent/Builder.php(2237): Illuminate/Database/Query/Builder->insertGetId(Array, 'id')
#8 C:/xampp/htdocs/PROYECT-MAIN-main/vendor/laravel/framework/src/Illuminate/Database/Eloquent/Model.php(1436): Illuminate/Database/Eloquent/Builder->__call('insertGetId', Array)
#9 C:/xampp/htdocs/PROYECT-MAIN-main/vendor/laravel/framework/src/Illuminate/Database/Eloquent/Model.php(1401): Illuminate/Database/Eloquent/Model->insertAndSetId(Object(Illuminate/Database/Eloquent/Builder), Array)
#10 C:/xampp/htdocs/PROYECT-MAIN-main/vendor/laravel/framework/src/Illuminate/Database/Eloquent/Model.php(1240): Illuminate/Database/Eloquent/Model->performInsert(Object(Illuminate/Database/Eloquent/Builder))
#11 C:/xampp/htdocs/PROYECT-MAIN-main/vendor/laravel/framework/src/Illuminate/Database/Eloquent/Builder.php(1219): Illuminate/Database/Eloquent/Model->save()
#12 C:/xampp/htdocs/PROYECT-MAIN-main/vendor/laravel/framework/src/Illuminate/Support/helpers.php(393): Illuminate/Database/Eloquent/Builder->Illuminate/Database/Eloquent/{closure}(Object(App/Models/User))
#13 C:/xampp/htdocs/PROYECT-MAIN-main/vendor/laravel/framework/src/Illuminate/Database/Eloquent/Builder.php(1218): tap(Object(App/Models/User), Object(Closure))
#14 C:/xampp/htdocs/PROYECT-MAIN-main/vendor/laravel/framework/src/Illuminate/Support/Traits/ForwardsCalls.php(23): Illuminate/Database/Eloquent/Builder->create(Array)
#15 C:/xampp/htdocs/PROYECT-MAIN-main/vendor/laravel/framework/src/Illuminate/Database/Eloquent/Model.php(2544): Illuminate/Database/Eloquent/Model->forwardCallTo(Object(Illuminate/Database/Eloquent/Builder), 'create', Array)
#16 C:/xampp/htdocs/PROYECT-MAIN-main/vendor/laravel/framework/src/Illuminate/Database/Eloquent/Model.php(2560): Illuminate/Database/Eloquent/Model->__call('create', Array)
#17 C:/xampp/htdocs/PROYECT-MAIN-main/app/Http/Controllers/Auth/RegisteredUserController.php(39): Illuminate/Database/Eloquent/Model::__callStatic('create', Array)
#18 C:/xampp/htdocs/PROYECT-MAIN-main/vendor/laravel/framework/src/Illuminate/Routing/ControllerDispatcher.php(46): App/Http/Controllers/Auth/RegisteredUserController->store(Object(Illuminate/Http/Request))
#19 C:/xampp/htdocs/PROYECT-MAIN-main/vendor/laravel/framework/src/Illuminate/Routing/Route.php(265): Illuminate/Routing/ControllerDispatcher->dispatch(Object(Illuminate/Routing/Route), Object(App/Http/Controllers/Auth/RegisteredUserController), 'store')
#20 C:/xampp/htdocs/PROYECT-MAIN-main/vendor/laravel/framework/src/Illuminate/Routing/Route.php(211): Illuminate/Routing/Route->runController()
#21 C:/xampp/htdocs/PROYECT-MAIN-main/vendor/laravel/framework/src/Illuminate/Routing/Router.php(822): Illuminate/Routing/Route->run()
#22 C:/xampp/htdocs/PROYECT-MAIN-main/vendor/laravel/framework/src/Illuminate/Pipeline/Pipeline.php(180): Illuminate/Routing/Router->Illuminate/Routing/{closure}(Object(Illuminate/Http/Request))
#23 C:/xampp/htdocs/PROYECT-MAIN-main/vendor/laravel/framework/src/Illuminate/Auth/Middleware/RedirectIfAuthenticated.php(47): Illuminate/Pipeline/Pipeline->Illuminate/Pipeline/{closure}(Object(Illuminate/Http/Request))
#24 C:/xampp/htdocs/PROYECT-MAIN-main/vendor/laravel/framework/src/Illuminate/Pipeline/Pipeline.php(219): Illuminate/Auth/Middleware/RedirectIfAuthenticated->handle(Object(Illuminate/Http/Request), Object(Closure))
#25 C:/xampp/htdocs/PROYECT-MAIN-main/vendor/laravel/framework/src/Illuminate/Routing/Middleware/SubstituteBindings.php(50): Illuminate/Pipeline/Pipeline->Illuminate/Pipeline/{closure}(Object(Illuminate/Http/Request))
#26 C:/xampp/htdocs/PROYECT-MAIN-main/vendor/laravel/framework/src/Illuminate/Pipeline/Pipeline.php(219): Illuminate/Routing/Middleware/SubstituteBindings->handle(Object(Illuminate/Http/Request), Object(Closure))
#27 C:/xampp/htdocs/PROYECT-MAIN-main/vendor/laravel/framework/src/Illuminate/Foundation/Http/Middleware/VerifyCsrfToken.php(87): Illuminate/Pipeline/Pipeline->Illuminate/Pipeline/{closure}(Object(Illuminate/Http/Request))
#28 C:/xampp/htdocs/PROYECT-MAIN-main/vendor/laravel/framework/src/Illuminate/Pipeline/Pipeline.php(219): Illuminate/Foundation/Http/Middleware/VerifyCsrfToken->handle(Object(Illuminate/Http/Request), Object(Closure))
#29 C:/xampp/htdocs/PROYECT-MAIN-main/vendor/laravel/framework/src/Illuminate/View/Middleware/ShareErrorsFromSession.php(48): Illuminate/Pipeline/Pipeline->Illuminate/Pipeline/{closure}(Object(Illuminate/Http/Request))
#30 C:/xampp/htdocs/PROYECT-MAIN-main/vendor/laravel/framework/src/Illuminate/Pipeline/Pipeline.php(219): Illuminate/View/Middleware/ShareErrorsFromSession->handle(Object(Illuminate/Http/Request), Object(Closure))
#31 C:/xampp/htdocs/PROYECT-MAIN-main/vendor/laravel/framework/src/Illuminate/Session/Middleware/StartSession.php(120): Illuminate/Pipeline/Pipeline->Illuminate/Pipeline/{closure}(Object(Illuminate/Http/Request))
#32 C:/xampp/htdocs/PROYECT-MAIN-main/vendor/laravel/framework/src/Illuminate/Session/Middleware/StartSession.php(63): Illuminate/Session/Middleware/StartSession->handleStatefulRequest(Object(Illuminate/Http/Request), Object(Illuminate/Session/Store), Object(Closure))
#33 C:/xampp/htdocs/PROYECT-MAIN-main/vendor/laravel/framework/src/Illuminate/Pipeline/Pipeline.php(219): Illuminate/Session/Middleware/StartSession->handle(Object(Illuminate/Http/Request), Object(Closure))
#34 C:/xampp/htdocs/PROYECT-MAIN-main/vendor/laravel/framework/src/Illuminate/Cookie/Middleware/AddQueuedCookiesToResponse.php(36): Illuminate/Pipeline/Pipeline->Illuminate/Pipeline/{closure}(Object(Illuminate/Http/Request))
#35 C:/xampp/htdocs/PROYECT-MAIN-main/vendor/laravel/framework/src/Illuminate/Pipeline/Pipeline.php(219): Illuminate/Cookie/Middleware/AddQueuedCookiesToResponse->handle(Object(Illuminate/Http/Request), Object(Closure))
#36 C:/xampp/htdocs/PROYECT-MAIN-main/vendor/laravel/framework/src/Illuminate/Cookie/Middleware/EncryptCookies.php(74): Illuminate/Pipeline/Pipeline->Illuminate/Pipeline/{closure}(Object(Illuminate/Http/Request))
#37 C:/xampp/htdocs/PROYECT-MAIN-main/vendor/laravel/framework/src/Illuminate/Pipeline/Pipeline.php(219): Illuminate/Cookie/Middleware/EncryptCookies->handle(Object(Illuminate/Http/Request), Object(Closure))
#38 C:/xampp/htdocs/PROYECT-MAIN-main/vendor/laravel/framework/src/Illuminate/Pipeline/Pipeline.php(137): Illuminate/Pipeline/Pipeline->Illuminate/Pipeline/{closure}(Object(Illuminate/Http/Request))
#39 C:/xampp/htdocs/PROYECT-MAIN-main/vendor/laravel/framework/src/Illuminate/Routing/Router.php(821): Illuminate/Pipeline/Pipeline->then(Object(Closure))
#40 C:/xampp/htdocs/PROYECT-MAIN-main/vendor/laravel/framework/src/Illuminate/Routing/Router.php(800): Illuminate/Routing/Router->runRouteWithinStack(Object(Illuminate/Routing/Route), Object(Illuminate/Http/Request))
#41 C:/xampp/htdocs/PROYECT-MAIN-main/vendor/laravel/framework/src/Illuminate/Routing/Router.php(764): Illuminate/Routing/Router->runRoute(Object(Illuminate/Http/Request), Object(Illuminate/Routing/Route))
#42 C:/xampp/htdocs/PROYECT-MAIN-main/vendor/laravel/framework/src/Illuminate/Routing/Router.php(753): Illuminate/Routing/Router->dispatchToRoute(Object(Illuminate/Http/Request))
#43 C:/xampp/htdocs/PROYECT-MAIN-main/vendor/laravel/framework/src/Illuminate/Foundation/Http/Kernel.php(200): Illuminate/Routing/Router->dispatch(Object(Illuminate/Http/Request))
#44 C:/xampp/htdocs/PROYECT-MAIN-main/vendor/laravel/framework/src/Illuminate/Pipeline/Pipeline.php(180): Illuminate/Foundation/Http/Kernel->Illuminate/Foundation/Http/{closure}(Object(Illuminate/Http/Request))
#45 C:/xampp/htdocs/PROYECT-MAIN-main/vendor/laravel/framework/src/Illuminate/Foundation/Http/Middleware/TransformsRequest.php(21): Illuminate/Pipeline/Pipeline->Illuminate/Pipeline/{closure}(Object(Illuminate/Http/Request))
#46 C:/xampp/htdocs/PROYECT-MAIN-main/vendor/laravel/framework/src/Illuminate/Foundation/Http/Middleware/ConvertEmptyStringsToNull.php(31): Illuminate/Foundation/Http/Middleware/TransformsRequest->handle(Object(Illuminate/Http/Request), Object(Closure))
#47 C:/xampp/htdocs/PROYECT-MAIN-main/vendor/laravel/framework/src/Illuminate/Pipeline/Pipeline.php(219): Illuminate/Foundation/Http/Middleware/ConvertEmptyStringsToNull->handle(Object(Illuminate/Http/Request), Object(Closure))
#48 C:/xampp/htdocs/PROYECT-MAIN-main/vendor/laravel/framework/src/Illuminate/Foundation/Http/Middleware/TransformsRequest.php(21): Illuminate/Pipeline/Pipeline->Illuminate/Pipeline/{closure}(Object(Illuminate/Http/Request))
#49 C:/xampp/htdocs/PROYECT-MAIN-main/vendor/laravel/framework/src/Illuminate/Foundation/Http/Middleware/TrimStrings.php(51): Illuminate/Foundation/Http/Middleware/TransformsRequest->handle(Object(Illuminate/Http/Request), Object(Closure))
#50 C:/xampp/htdocs/PROYECT-MAIN-main/vendor/laravel/framework/src/Illuminate/Pipeline/Pipeline.php(219): Illuminate/Foundation/Http/Middleware/TrimStrings->handle(Object(Illuminate/Http/Request), Object(Closure))
#51 C:/xampp/htdocs/PROYECT-MAIN-main/vendor/laravel/framework/src/Illuminate/Http/Middleware/ValidatePostSize.php(27): Illuminate/Pipeline/Pipeline->Illuminate/Pipeline/{closure}(Object(Illuminate/Http/Request))
#52 C:/xampp/htdocs/PROYECT-MAIN-main/vendor/laravel/framework/src/Illuminate/Pipeline/Pipeline.php(219): Illuminate/Http/Middleware/ValidatePostSize->handle(Object(Illuminate/Http/Request), Object(Closure))
#53 C:/xampp/htdocs/PROYECT-MAIN-main/vendor/laravel/framework/src/Illuminate/Foundation/Http/Middleware/PreventRequestsDuringMaintenance.php(109): Illuminate/Pipeline/Pipeline->Illuminate/Pipeline/{closure}(Object(Illuminate/Http/Request))
#54 C:/xampp/htdocs/PROYECT-MAIN-main/vendor/laravel/framework/src/Illuminate/Pipeline/Pipeline.php(219): Illuminate/Foundation/Http/Middleware/PreventRequestsDuringMaintenance->handle(Object(Illuminate/Http/Request), Object(Closure))
#55 C:/xampp/htdocs/PROYECT-MAIN-main/vendor/laravel/framework/src/Illuminate/Http/Middleware/HandleCors.php(61): Illuminate/Pipeline/Pipeline->Illuminate/Pipeline/{closure}(Object(Illuminate/Http/Request))
#56 C:/xampp/htdocs/PROYECT-MAIN-main/vendor/laravel/framework/src/Illuminate/Pipeline/Pipeline.php(219): Illuminate/Http/Middleware/HandleCors->handle(Object(Illuminate/Http/Request), Object(Closure))
#57 C:/xampp/htdocs/PROYECT-MAIN-main/vendor/laravel/framework/src/Illuminate/Http/Middleware/TrustProxies.php(58): Illuminate/Pipeline/Pipeline->Illuminate/Pipeline/{closure}(Object(Illuminate/Http/Request))
#58 C:/xampp/htdocs/PROYECT-MAIN-main/vendor/laravel/framework/src/Illuminate/Pipeline/Pipeline.php(219): Illuminate/Http/Middleware/TrustProxies->handle(Object(Illuminate/Http/Request), Object(Closure))
#59 C:/xampp/htdocs/PROYECT-MAIN-main/vendor/laravel/framework/src/Illuminate/Foundation/Http/Middleware/InvokeDeferredCallbacks.php(22): Illuminate/Pipeline/Pipeline->Illuminate/Pipeline/{closure}(Object(Illuminate/Http/Request))
#60 C:/xampp/htdocs/PROYECT-MAIN-main/vendor/laravel/framework/src/Illuminate/Pipeline/Pipeline.php(219): Illuminate/Foundation/Http/Middleware/InvokeDeferredCallbacks->handle(Object(Illuminate/Http/Request), Object(Closure))
#61 C:/xampp/htdocs/PROYECT-MAIN-main/vendor/laravel/framework/src/Illuminate/Http/Middleware/ValidatePathEncoding.php(26): Illuminate/Pipeline/Pipeline->Illuminate/Pipeline/{closure}(Object(Illuminate/Http/Request))
#62 C:/xampp/htdocs/PROYECT-MAIN-main/vendor/laravel/framework/src/Illuminate/Pipeline/Pipeline.php(219): Illuminate/Http/Middleware/ValidatePathEncoding->handle(Object(Illuminate/Http/Request), Object(Closure))
#63 C:/xampp/htdocs/PROYECT-MAIN-main/vendor/laravel/framework/src/Illuminate/Pipeline/Pipeline.php(137): Illuminate/Pipeline/Pipeline->Illuminate/Pipeline/{closure}(Object(Illuminate/Http/Request))
#64 C:/xampp/htdocs/PROYECT-MAIN-main/vendor/laravel/framework/src/Illuminate/Foundation/Http/Kernel.php(175): Illuminate/Pipeline/Pipeline->then(Object(Closure))
#65 C:/xampp/htdocs/PROYECT-MAIN-main/vendor/laravel/framework/src/Illuminate/Foundation/Http/Kernel.php(144): Illuminate/Foundation/Http/Kernel->sendRequestThroughRouter(Object(Illuminate/Http/Request))
#66 C:/xampp/htdocs/PROYECT-MAIN-main/vendor/laravel/framework/src/Illuminate/Foundation/Application.php(1220): Illuminate/Foundation/Http/Kernel->handle(Object(Illuminate/Http/Request))
#67 C:/xampp/htdocs/PROYECT-MAIN-main/public/index.php(20): Illuminate/Foundation/Application->handleRequest(Object(Illuminate/Http/Request))
#68 C:/xampp/htdocs/PROYECT-MAIN-main/vendor/laravel/framework/src/Illuminate/Foundation/resources/server.php(23): require_once('C://xampp//htdocs...')
#69 {main}
"} 
[2026-06-04 18:52:55] local.ERROR: SQLSTATE[HY000]: General error: 1 table users has no column named role_id (Connection: sqlite, Database: C:\xampp\htdocs\PROYECT-MAIN-main\database\database.sqlite, SQL: insert into "users" ("name", "email", "password", "role_id", "updated_at", "created_at") values (laura, lauararanda123@gmail.com, $2y$12$O63C/44ilpPM1KK5aL0YHuXxCfw5V89aRThqpvWKJA5bTLRVDcHa6, 2, 2026-06-04 18:52:55, 2026-06-04 18:52:55)) {"exception":"[object] (Illuminate\\Database\\QueryException(code: HY000): SQLSTATE[HY000]: General error: 1 table users has no column named role_id (Connection: sqlite, Database: C:\\xampp\\htdocs\\PROYECT-MAIN-main\\database\\database.sqlite, SQL: insert into \"users\" (\"name\", \"email\", \"password\", \"role_id\", \"updated_at\", \"created_at\") values (laura, lauararanda123@gmail.com, $2y$12$O63C/44ilpPM1KK5aL0YHuXxCfw5V89aRThqpvWKJA5bTLRVDcHa6, 2, 2026-06-04 18:52:55, 2026-06-04 18:52:55)) at C:/xampp/htdocs/PROYECT-MAIN-main/vendor/laravel/framework/src/Illuminate/Database/Connection.php:838)
[stacktrace]
#0 C:/xampp/htdocs/PROYECT-MAIN-main/vendor/laravel/framework/src/Illuminate/Database/Connection.php(794): Illuminate/Database/Connection->runQueryCallback('insert into \"us...', Array, Object(Closure))
#1 C:/xampp/htdocs/PROYECT-MAIN-main/vendor/laravel/framework/src/Illuminate/Database/Connection.php(573): Illuminate/Database/Connection->run('insert into \"us...', Array, Object(Closure))
#2 C:/xampp/htdocs/PROYECT-MAIN-main/vendor/laravel/framework/src/Illuminate/Database/Connection.php(537): Illuminate/Database/Connection->statement('insert into \"us...', Array)
#3 C:/xampp/htdocs/PROYECT-MAIN-main/vendor/laravel/framework/src/Illuminate/Database/Query/Processors/Processor.php(32): Illuminate/Database/Connection->insert('insert into \"us...', Array)
#4 C:/xampp/htdocs/PROYECT-MAIN-main/vendor/laravel/framework/src/Illuminate/Database/Query/Builder.php(4170): Illuminate/Database/Query/Processors/Processor->processInsertGetId(Object(Illuminate/Database/Query/Builder), 'insert into \"us...', Array, 'id')
#5 C:/xampp/htdocs/PROYECT-MAIN-main/vendor/laravel/framework/src/Illuminate/Database/Eloquent/Builder.php(2237): Illuminate/Database/Query/Builder->insertGetId(Array, 'id')
#6 C:/xampp/htdocs/PROYECT-MAIN-main/vendor/laravel/framework/src/Illuminate/Database/Eloquent/Model.php(1436): Illuminate/Database/Eloquent/Builder->__call('insertGetId', Array)
#7 C:/xampp/htdocs/PROYECT-MAIN-main/vendor/laravel/framework/src/Illuminate/Database/Eloquent/Model.php(1401): Illuminate/Database/Eloquent/Model->insertAndSetId(Object(Illuminate/Database/Eloquent/Builder), Array)
#8 C:/xampp/htdocs/PROYECT-MAIN-main/vendor/laravel/framework/src/Illuminate/Database/Eloquent/Model.php(1240): Illuminate/Database/Eloquent/Model->performInsert(Object(Illuminate/Database/Eloquent/Builder))
#9 C:/xampp/htdocs/PROYECT-MAIN-main/vendor/laravel/framework/src/Illuminate/Database/Eloquent/Builder.php(1219): Illuminate/Database/Eloquent/Model->save()
#10 C:/xampp/htdocs/PROYECT-MAIN-main/vendor/laravel/framework/src/Illuminate/Support/helpers.php(393): Illuminate/Database/Eloquent/Builder->Illuminate/Database/Eloquent/{closure}(Object(App/Models/User))
#11 C:/xampp/htdocs/PROYECT-MAIN-main/vendor/laravel/framework/src/Illuminate/Database/Eloquent/Builder.php(1218): tap(Object(App/Models/User), Object(Closure))
#12 C:/xampp/htdocs/PROYECT-MAIN-main/vendor/laravel/framework/src/Illuminate/Support/Traits/ForwardsCalls.php(23): Illuminate/Database/Eloquent/Builder->create(Array)
#13 C:/xampp/htdocs/PROYECT-MAIN-main/vendor/laravel/framework/src/Illuminate/Database/Eloquent/Model.php(2544): Illuminate/Database/Eloquent/Model->forwardCallTo(Object(Illuminate/Database/Eloquent/Builder), 'create', Array)
#14 C:/xampp/htdocs/PROYECT-MAIN-main/vendor/laravel/framework/src/Illuminate/Database/Eloquent/Model.php(2560): Illuminate/Database/Eloquent/Model->__call('create', Array)
#15 C:/xampp/htdocs/PROYECT-MAIN-main/app/Http/Controllers/Auth/RegisteredUserController.php(39): Illuminate/Database/Eloquent/Model::__callStatic('create', Array)
#16 C:/xampp/htdocs/PROYECT-MAIN-main/vendor/laravel/framework/src/Illuminate/Routing/ControllerDispatcher.php(46): App/Http/Controllers/Auth/RegisteredUserController->store(Object(Illuminate/Http/Request))
#17 C:/xampp/htdocs/PROYECT-MAIN-main/vendor/laravel/framework/src/Illuminate/Routing/Route.php(265): Illuminate/Routing/ControllerDispatcher->dispatch(Object(Illuminate/Routing/Route), Object(App/Http/Controllers/Auth/RegisteredUserController), 'store')
#18 C:/xampp/htdocs/PROYECT-MAIN-main/vendor/laravel/framework/src/Illuminate/Routing/Route.php(211): Illuminate/Routing/Route->runController()
#19 C:/xampp/htdocs/PROYECT-MAIN-main/vendor/laravel/framework/src/Illuminate/Routing/Router.php(822): Illuminate/Routing/Route->run()
#20 C:/xampp/htdocs/PROYECT-MAIN-main/vendor/laravel/framework/src/Illuminate/Pipeline/Pipeline.php(180): Illuminate/Routing/Router->Illuminate/Routing/{closure}(Object(Illuminate/Http/Request))
#21 C:/xampp/htdocs/PROYECT-MAIN-main/vendor/laravel/framework/src/Illuminate/Auth/Middleware/RedirectIfAuthenticated.php(47): Illuminate/Pipeline/Pipeline->Illuminate/Pipeline/{closure}(Object(Illuminate/Http/Request))
#22 C:/xampp/htdocs/PROYECT-MAIN-main/vendor/laravel/framework/src/Illuminate/Pipeline/Pipeline.php(219): Illuminate/Auth/Middleware/RedirectIfAuthenticated->handle(Object(Illuminate/Http/Request), Object(Closure))
#23 C:/xampp/htdocs/PROYECT-MAIN-main/vendor/laravel/framework/src/Illuminate/Routing/Middleware/SubstituteBindings.php(50): Illuminate/Pipeline/Pipeline->Illuminate/Pipeline/{closure}(Object(Illuminate/Http/Request))
#24 C:/xampp/htdocs/PROYECT-MAIN-main/vendor/laravel/framework/src/Illuminate/Pipeline/Pipeline.php(219): Illuminate/Routing/Middleware/SubstituteBindings->handle(Object(Illuminate/Http/Request), Object(Closure))
#25 C:/xampp/htdocs/PROYECT-MAIN-main/vendor/laravel/framework/src/Illuminate/Foundation/Http/Middleware/VerifyCsrfToken.php(87): Illuminate/Pipeline/Pipeline->Illuminate/Pipeline/{closure}(Object(Illuminate/Http/Request))
#26 C:/xampp/htdocs/PROYECT-MAIN-main/vendor/laravel/framework/src/Illuminate/Pipeline/Pipeline.php(219): Illuminate/Foundation/Http/Middleware/VerifyCsrfToken->handle(Object(Illuminate/Http/Request), Object(Closure))
#27 C:/xampp/htdocs/PROYECT-MAIN-main/vendor/laravel/framework/src/Illuminate/View/Middleware/ShareErrorsFromSession.php(48): Illuminate/Pipeline/Pipeline->Illuminate/Pipeline/{closure}(Object(Illuminate/Http/Request))
#28 C:/xampp/htdocs/PROYECT-MAIN-main/vendor/laravel/framework/src/Illuminate/Pipeline/Pipeline.php(219): Illuminate/View/Middleware/ShareErrorsFromSession->handle(Object(Illuminate/Http/Request), Object(Closure))
#29 C:/xampp/htdocs/PROYECT-MAIN-main/vendor/laravel/framework/src/Illuminate/Session/Middleware/StartSession.php(120): Illuminate/Pipeline/Pipeline->Illuminate/Pipeline/{closure}(Object(Illuminate/Http/Request))
#30 C:/xampp/htdocs/PROYECT-MAIN-main/vendor/laravel/framework/src/Illuminate/Session/Middleware/StartSession.php(63): Illuminate/Session/Middleware/StartSession->handleStatefulRequest(Object(Illuminate/Http/Request), Object(Illuminate/Session/Store), Object(Closure))
#31 C:/xampp/htdocs/PROYECT-MAIN-main/vendor/laravel/framework/src/Illuminate/Pipeline/Pipeline.php(219): Illuminate/Session/Middleware/StartSession->handle(Object(Illuminate/Http/Request), Object(Closure))
#32 C:/xampp/htdocs/PROYECT-MAIN-main/vendor/laravel/framework/src/Illuminate/Cookie/Middleware/AddQueuedCookiesToResponse.php(36): Illuminate/Pipeline/Pipeline->Illuminate/Pipeline/{closure}(Object(Illuminate/Http/Request))
#33 C:/xampp/htdocs/PROYECT-MAIN-main/vendor/laravel/framework/src/Illuminate/Pipeline/Pipeline.php(219): Illuminate/Cookie/Middleware/AddQueuedCookiesToResponse->handle(Object(Illuminate/Http/Request), Object(Closure))
#34 C:/xampp/htdocs/PROYECT-MAIN-main/vendor/laravel/framework/src/Illuminate/Cookie/Middleware/EncryptCookies.php(74): Illuminate/Pipeline/Pipeline->Illuminate/Pipeline/{closure}(Object(Illuminate/Http/Request))
#35 C:/xampp/htdocs/PROYECT-MAIN-main/vendor/laravel/framework/src/Illuminate/Pipeline/Pipeline.php(219): Illuminate/Cookie/Middleware/EncryptCookies->handle(Object(Illuminate/Http/Request), Object(Closure))
#36 C:/xampp/htdocs/PROYECT-MAIN-main/vendor/laravel/framework/src/Illuminate/Pipeline/Pipeline.php(137): Illuminate/Pipeline/Pipeline->Illuminate/Pipeline/{closure}(Object(Illuminate/Http/Request))
#37 C:/xampp/htdocs/PROYECT-MAIN-main/vendor/laravel/framework/src/Illuminate/Routing/Router.php(821): Illuminate/Pipeline/Pipeline->then(Object(Closure))
#38 C:/xampp/htdocs/PROYECT-MAIN-main/vendor/laravel/framework/src/Illuminate/Routing/Router.php(800): Illuminate/Routing/Router->runRouteWithinStack(Object(Illuminate/Routing/Route), Object(Illuminate/Http/Request))
#39 C:/xampp/htdocs/PROYECT-MAIN-main/vendor/laravel/framework/src/Illuminate/Routing/Router.php(764): Illuminate/Routing/Router->runRoute(Object(Illuminate/Http/Request), Object(Illuminate/Routing/Route))
#40 C:/xampp/htdocs/PROYECT-MAIN-main/vendor/laravel/framework/src/Illuminate/Routing/Router.php(753): Illuminate/Routing/Router->dispatchToRoute(Object(Illuminate/Http/Request))
#41 C:/xampp/htdocs/PROYECT-MAIN-main/vendor/laravel/framework/src/Illuminate/Foundation/Http/Kernel.php(200): Illuminate/Routing/Router->dispatch(Object(Illuminate/Http/Request))
#42 C:/xampp/htdocs/PROYECT-MAIN-main/vendor/laravel/framework/src/Illuminate/Pipeline/Pipeline.php(180): Illuminate/Foundation/Http/Kernel->Illuminate/Foundation/Http/{closure}(Object(Illuminate/Http/Request))
#43 C:/xampp/htdocs/PROYECT-MAIN-main/vendor/laravel/framework/src/Illuminate/Foundation/Http/Middleware/TransformsRequest.php(21): Illuminate/Pipeline/Pipeline->Illuminate/Pipeline/{closure}(Object(Illuminate/Http/Request))
#44 C:/xampp/htdocs/PROYECT-MAIN-main/vendor/laravel/framework/src/Illuminate/Foundation/Http/Middleware/ConvertEmptyStringsToNull.php(31): Illuminate/Foundation/Http/Middleware/TransformsRequest->handle(Object(Illuminate/Http/Request), Object(Closure))
#45 C:/xampp/htdocs/PROYECT-MAIN-main/vendor/laravel/framework/src/Illuminate/Pipeline/Pipeline.php(219): Illuminate/Foundation/Http/Middleware/ConvertEmptyStringsToNull->handle(Object(Illuminate/Http/Request), Object(Closure))
#46 C:/xampp/htdocs/PROYECT-MAIN-main/vendor/laravel/framework/src/Illuminate/Foundation/Http/Middleware/TransformsRequest.php(21): Illuminate/Pipeline/Pipeline->Illuminate/Pipeline/{closure}(Object(Illuminate/Http/Request))
#47 C:/xampp/htdocs/PROYECT-MAIN-main/vendor/laravel/framework/src/Illuminate/Foundation/Http/Middleware/TrimStrings.php(51): Illuminate/Foundation/Http/Middleware/TransformsRequest->handle(Object(Illuminate/Http/Request), Object(Closure))
#48 C:/xampp/htdocs/PROYECT-MAIN-main/vendor/laravel/framework/src/Illuminate/Pipeline/Pipeline.php(219): Illuminate/Foundation/Http/Middleware/TrimStrings->handle(Object(Illuminate/Http/Request), Object(Closure))
#49 C:/xampp/htdocs/PROYECT-MAIN-main/vendor/laravel/framework/src/Illuminate/Http/Middleware/ValidatePostSize.php(27): Illuminate/Pipeline/Pipeline->Illuminate/Pipeline/{closure}(Object(Illuminate/Http/Request))
#50 C:/xampp/htdocs/PROYECT-MAIN-main/vendor/laravel/framework/src/Illuminate/Pipeline/Pipeline.php(219): Illuminate/Http/Middleware/ValidatePostSize->handle(Object(Illuminate/Http/Request), Object(Closure))
#51 C:/xampp/htdocs/PROYECT-MAIN-main/vendor/laravel/framework/src/Illuminate/Foundation/Http/Middleware/PreventRequestsDuringMaintenance.php(109): Illuminate/Pipeline/Pipeline->Illuminate/Pipeline/{closure}(Object(Illuminate/Http/Request))
#52 C:/xampp/htdocs/PROYECT-MAIN-main/vendor/laravel/framework/src/Illuminate/Pipeline/Pipeline.php(219): Illuminate/Foundation/Http/Middleware/PreventRequestsDuringMaintenance->handle(Object(Illuminate/Http/Request), Object(Closure))
#53 C:/xampp/htdocs/PROYECT-MAIN-main/vendor/laravel/framework/src/Illuminate/Http/Middleware/HandleCors.php(61): Illuminate/Pipeline/Pipeline->Illuminate/Pipeline/{closure}(Object(Illuminate/Http/Request))
#54 C:/xampp/htdocs/PROYECT-MAIN-main/vendor/laravel/framework/src/Illuminate/Pipeline/Pipeline.php(219): Illuminate/Http/Middleware/HandleCors->handle(Object(Illuminate/Http/Request), Object(Closure))
#55 C:/xampp/htdocs/PROYECT-MAIN-main/vendor/laravel/framework/src/Illuminate/Http/Middleware/TrustProxies.php(58): Illuminate/Pipeline/Pipeline->Illuminate/Pipeline/{closure}(Object(Illuminate/Http/Request))
#56 C:/xampp/htdocs/PROYECT-MAIN-main/vendor/laravel/framework/src/Illuminate/Pipeline/Pipeline.php(219): Illuminate/Http/Middleware/TrustProxies->handle(Object(Illuminate/Http/Request), Object(Closure))
#57 C:/xampp/htdocs/PROYECT-MAIN-main/vendor/laravel/framework/src/Illuminate/Foundation/Http/Middleware/InvokeDeferredCallbacks.php(22): Illuminate/Pipeline/Pipeline->Illuminate/Pipeline/{closure}(Object(Illuminate/Http/Request))
#58 C:/xampp/htdocs/PROYECT-MAIN-main/vendor/laravel/framework/src/Illuminate/Pipeline/Pipeline.php(219): Illuminate/Foundation/Http/Middleware/InvokeDeferredCallbacks->handle(Object(Illuminate/Http/Request), Object(Closure))
#59 C:/xampp/htdocs/PROYECT-MAIN-main/vendor/laravel/framework/src/Illuminate/Http/Middleware/ValidatePathEncoding.php(26): Illuminate/Pipeline/Pipeline->Illuminate/Pipeline/{closure}(Object(Illuminate/Http/Request))
#60 C:/xampp/htdocs/PROYECT-MAIN-main/vendor/laravel/framework/src/Illuminate/Pipeline/Pipeline.php(219): Illuminate/Http/Middleware/ValidatePathEncoding->handle(Object(Illuminate/Http/Request), Object(Closure))
#61 C:/xampp/htdocs/PROYECT-MAIN-main/vendor/laravel/framework/src/Illuminate/Pipeline/Pipeline.php(137): Illuminate/Pipeline/Pipeline->Illuminate/Pipeline/{closure}(Object(Illuminate/Http/Request))
#62 C:/xampp/htdocs/PROYECT-MAIN-main/vendor/laravel/framework/src/Illuminate/Foundation/Http/Kernel.php(175): Illuminate/Pipeline/Pipeline->then(Object(Closure))
#63 C:/xampp/htdocs/PROYECT-MAIN-main/vendor/laravel/framework/src/Illuminate/Foundation/Http/Kernel.php(144): Illuminate/Foundation/Http/Kernel->sendRequestThroughRouter(Object(Illuminate/Http/Request))
#64 C:/xampp/htdocs/PROYECT-MAIN-main/vendor/laravel/framework/src/Illuminate/Foundation/Application.php(1220): Illuminate/Foundation/Http/Kernel->handle(Object(Illuminate/Http/Request))
#65 C:/xampp/htdocs/PROYECT-MAIN-main/public/index.php(20): Illuminate/Foundation/Application->handleRequest(Object(Illuminate/Http/Request))
#66 C:/xampp/htdocs/PROYECT-MAIN-main/vendor/laravel/framework/src/Illuminate/Foundation/resources/server.php(23): require_once('C://xampp//htdocs...')
#67 {main}

[previous exception] [object] (PDOException(code: HY000): SQLSTATE[HY000]: General error: 1 table users has no column named role_id at C:/xampp/htdocs/PROYECT-MAIN-main/vendor/laravel/framework/src/Illuminate/Database/Connection.php:578)
[stacktrace]
#0 C:/xampp/htdocs/PROYECT-MAIN-main/vendor/laravel/framework/src/Illuminate/Database/Connection.php(578): PDO->prepare('insert into \"us...')
#1 C:/xampp/htdocs/PROYECT-MAIN-main/vendor/laravel/framework/src/Illuminate/Database/Connection.php(827): Illuminate/Database/Connection->Illuminate/Database/{closure}('insert into \"us...', Array)
#2 C:/xampp/htdocs/PROYECT-MAIN-main/vendor/laravel/framework/src/Illuminate/Database/Connection.php(794): Illuminate/Database/Connection->runQueryCallback('insert into \"us...', Array, Object(Closure))
#3 C:/xampp/htdocs/PROYECT-MAIN-main/vendor/laravel/framework/src/Illuminate/Database/Connection.php(573): Illuminate/Database/Connection->run('insert into \"us...', Array, Object(Closure))
#4 C:/xampp/htdocs/PROYECT-MAIN-main/vendor/laravel/framework/src/Illuminate/Database/Connection.php(537): Illuminate/Database/Connection->statement('insert into \"us...', Array)
#5 C:/xampp/htdocs/PROYECT-MAIN-main/vendor/laravel/framework/src/Illuminate/Database/Query/Processors/Processor.php(32): Illuminate/Database/Connection->insert('insert into \"us...', Array)
#6 C:/xampp/htdocs/PROYECT-MAIN-main/vendor/laravel/framework/src/Illuminate/Database/Query/Builder.php(4170): Illuminate/Database/Query/Processors/Processor->processInsertGetId(Object(Illuminate/Database/Query/Builder), 'insert into \"us...', Array, 'id')
#7 C:/xampp/htdocs/PROYECT-MAIN-main/vendor/laravel/framework/src/Illuminate/Database/Eloquent/Builder.php(2237): Illuminate/Database/Query/Builder->insertGetId(Array, 'id')
#8 C:/xampp/htdocs/PROYECT-MAIN-main/vendor/laravel/framework/src/Illuminate/Database/Eloquent/Model.php(1436): Illuminate/Database/Eloquent/Builder->__call('insertGetId', Array)
#9 C:/xampp/htdocs/PROYECT-MAIN-main/vendor/laravel/framework/src/Illuminate/Database/Eloquent/Model.php(1401): Illuminate/Database/Eloquent/Model->insertAndSetId(Object(Illuminate/Database/Eloquent/Builder), Array)
#10 C:/xampp/htdocs/PROYECT-MAIN-main/vendor/laravel/framework/src/Illuminate/Database/Eloquent/Model.php(1240): Illuminate/Database/Eloquent/Model->performInsert(Object(Illuminate/Database/Eloquent/Builder))
#11 C:/xampp/htdocs/PROYECT-MAIN-main/vendor/laravel/framework/src/Illuminate/Database/Eloquent/Builder.php(1219): Illuminate/Database/Eloquent/Model->save()
#12 C:/xampp/htdocs/PROYECT-MAIN-main/vendor/laravel/framework/src/Illuminate/Support/helpers.php(393): Illuminate/Database/Eloquent/Builder->Illuminate/Database/Eloquent/{closure}(Object(App/Models/User))
#13 C:/xampp/htdocs/PROYECT-MAIN-main/vendor/laravel/framework/src/Illuminate/Database/Eloquent/Builder.php(1218): tap(Object(App/Models/User), Object(Closure))
#14 C:/xampp/htdocs/PROYECT-MAIN-main/vendor/laravel/framework/src/Illuminate/Support/Traits/ForwardsCalls.php(23): Illuminate/Database/Eloquent/Builder->create(Array)
#15 C:/xampp/htdocs/PROYECT-MAIN-main/vendor/laravel/framework/src/Illuminate/Database/Eloquent/Model.php(2544): Illuminate/Database/Eloquent/Model->forwardCallTo(Object(Illuminate/Database/Eloquent/Builder), 'create', Array)
#16 C:/xampp/htdocs/PROYECT-MAIN-main/vendor/laravel/framework/src/Illuminate/Database/Eloquent/Model.php(2560): Illuminate/Database/Eloquent/Model->__call('create', Array)
#17 C:/xampp/htdocs/PROYECT-MAIN-main/app/Http/Controllers/Auth/RegisteredUserController.php(39): Illuminate/Database/Eloquent/Model::__callStatic('create', Array)
#18 C:/xampp/htdocs/PROYECT-MAIN-main/vendor/laravel/framework/src/Illuminate/Routing/ControllerDispatcher.php(46): App/Http/Controllers/Auth/RegisteredUserController->store(Object(Illuminate/Http/Request))
#19 C:/xampp/htdocs/PROYECT-MAIN-main/vendor/laravel/framework/src/Illuminate/Routing/Route.php(265): Illuminate/Routing/ControllerDispatcher->dispatch(Object(Illuminate/Routing/Route), Object(App/Http/Controllers/Auth/RegisteredUserController), 'store')
#20 C:/xampp/htdocs/PROYECT-MAIN-main/vendor/laravel/framework/src/Illuminate/Routing/Route.php(211): Illuminate/Routing/Route->runController()
#21 C:/xampp/htdocs/PROYECT-MAIN-main/vendor/laravel/framework/src/Illuminate/Routing/Router.php(822): Illuminate/Routing/Route->run()
#22 C:/xampp/htdocs/PROYECT-MAIN-main/vendor/laravel/framework/src/Illuminate/Pipeline/Pipeline.php(180): Illuminate/Routing/Router->Illuminate/Routing/{closure}(Object(Illuminate/Http/Request))
#23 C:/xampp/htdocs/PROYECT-MAIN-main/vendor/laravel/framework/src/Illuminate/Auth/Middleware/RedirectIfAuthenticated.php(47): Illuminate/Pipeline/Pipeline->Illuminate/Pipeline/{closure}(Object(Illuminate/Http/Request))
#24 C:/xampp/htdocs/PROYECT-MAIN-main/vendor/laravel/framework/src/Illuminate/Pipeline/Pipeline.php(219): Illuminate/Auth/Middleware/RedirectIfAuthenticated->handle(Object(Illuminate/Http/Request), Object(Closure))
#25 C:/xampp/htdocs/PROYECT-MAIN-main/vendor/laravel/framework/src/Illuminate/Routing/Middleware/SubstituteBindings.php(50): Illuminate/Pipeline/Pipeline->Illuminate/Pipeline/{closure}(Object(Illuminate/Http/Request))
#26 C:/xampp/htdocs/PROYECT-MAIN-main/vendor/laravel/framework/src/Illuminate/Pipeline/Pipeline.php(219): Illuminate/Routing/Middleware/SubstituteBindings->handle(Object(Illuminate/Http/Request), Object(Closure))
#27 C:/xampp/htdocs/PROYECT-MAIN-main/vendor/laravel/framework/src/Illuminate/Foundation/Http/Middleware/VerifyCsrfToken.php(87): Illuminate/Pipeline/Pipeline->Illuminate/Pipeline/{closure}(Object(Illuminate/Http/Request))
#28 C:/xampp/htdocs/PROYECT-MAIN-main/vendor/laravel/framework/src/Illuminate/Pipeline/Pipeline.php(219): Illuminate/Foundation/Http/Middleware/VerifyCsrfToken->handle(Object(Illuminate/Http/Request), Object(Closure))
#29 C:/xampp/htdocs/PROYECT-MAIN-main/vendor/laravel/framework/src/Illuminate/View/Middleware/ShareErrorsFromSession.php(48): Illuminate/Pipeline/Pipeline->Illuminate/Pipeline/{closure}(Object(Illuminate/Http/Request))
#30 C:/xampp/htdocs/PROYECT-MAIN-main/vendor/laravel/framework/src/Illuminate/Pipeline/Pipeline.php(219): Illuminate/View/Middleware/ShareErrorsFromSession->handle(Object(Illuminate/Http/Request), Object(Closure))
#31 C:/xampp/htdocs/PROYECT-MAIN-main/vendor/laravel/framework/src/Illuminate/Session/Middleware/StartSession.php(120): Illuminate/Pipeline/Pipeline->Illuminate/Pipeline/{closure}(Object(Illuminate/Http/Request))
#32 C:/xampp/htdocs/PROYECT-MAIN-main/vendor/laravel/framework/src/Illuminate/Session/Middleware/StartSession.php(63): Illuminate/Session/Middleware/StartSession->handleStatefulRequest(Object(Illuminate/Http/Request), Object(Illuminate/Session/Store), Object(Closure))
#33 C:/xampp/htdocs/PROYECT-MAIN-main/vendor/laravel/framework/src/Illuminate/Pipeline/Pipeline.php(219): Illuminate/Session/Middleware/StartSession->handle(Object(Illuminate/Http/Request), Object(Closure))
#34 C:/xampp/htdocs/PROYECT-MAIN-main/vendor/laravel/framework/src/Illuminate/Cookie/Middleware/AddQueuedCookiesToResponse.php(36): Illuminate/Pipeline/Pipeline->Illuminate/Pipeline/{closure}(Object(Illuminate/Http/Request))
#35 C:/xampp/htdocs/PROYECT-MAIN-main/vendor/laravel/framework/src/Illuminate/Pipeline/Pipeline.php(219): Illuminate/Cookie/Middleware/AddQueuedCookiesToResponse->handle(Object(Illuminate/Http/Request), Object(Closure))
#36 C:/xampp/htdocs/PROYECT-MAIN-main/vendor/laravel/framework/src/Illuminate/Cookie/Middleware/EncryptCookies.php(74): Illuminate/Pipeline/Pipeline->Illuminate/Pipeline/{closure}(Object(Illuminate/Http/Request))
#37 C:/xampp/htdocs/PROYECT-MAIN-main/vendor/laravel/framework/src/Illuminate/Pipeline/Pipeline.php(219): Illuminate/Cookie/Middleware/EncryptCookies->handle(Object(Illuminate/Http/Request), Object(Closure))
#38 C:/xampp/htdocs/PROYECT-MAIN-main/vendor/laravel/framework/src/Illuminate/Pipeline/Pipeline.php(137): Illuminate/Pipeline/Pipeline->Illuminate/Pipeline/{closure}(Object(Illuminate/Http/Request))
#39 C:/xampp/htdocs/PROYECT-MAIN-main/vendor/laravel/framework/src/Illuminate/Routing/Router.php(821): Illuminate/Pipeline/Pipeline->then(Object(Closure))
#40 C:/xampp/htdocs/PROYECT-MAIN-main/vendor/laravel/framework/src/Illuminate/Routing/Router.php(800): Illuminate/Routing/Router->runRouteWithinStack(Object(Illuminate/Routing/Route), Object(Illuminate/Http/Request))
#41 C:/xampp/htdocs/PROYECT-MAIN-main/vendor/laravel/framework/src/Illuminate/Routing/Router.php(764): Illuminate/Routing/Router->runRoute(Object(Illuminate/Http/Request), Object(Illuminate/Routing/Route))
#42 C:/xampp/htdocs/PROYECT-MAIN-main/vendor/laravel/framework/src/Illuminate/Routing/Router.php(753): Illuminate/Routing/Router->dispatchToRoute(Object(Illuminate/Http/Request))
#43 C:/xampp/htdocs/PROYECT-MAIN-main/vendor/laravel/framework/src/Illuminate/Foundation/Http/Kernel.php(200): Illuminate/Routing/Router->dispatch(Object(Illuminate/Http/Request))
#44 C:/xampp/htdocs/PROYECT-MAIN-main/vendor/laravel/framework/src/Illuminate/Pipeline/Pipeline.php(180): Illuminate/Foundation/Http/Kernel->Illuminate/Foundation/Http/{closure}(Object(Illuminate/Http/Request))
#45 C:/xampp/htdocs/PROYECT-MAIN-main/vendor/laravel/framework/src/Illuminate/Foundation/Http/Middleware/TransformsRequest.php(21): Illuminate/Pipeline/Pipeline->Illuminate/Pipeline/{closure}(Object(Illuminate/Http/Request))
#46 C:/xampp/htdocs/PROYECT-MAIN-main/vendor/laravel/framework/src/Illuminate/Foundation/Http/Middleware/ConvertEmptyStringsToNull.php(31): Illuminate/Foundation/Http/Middleware/TransformsRequest->handle(Object(Illuminate/Http/Request), Object(Closure))
#47 C:/xampp/htdocs/PROYECT-MAIN-main/vendor/laravel/framework/src/Illuminate/Pipeline/Pipeline.php(219): Illuminate/Foundation/Http/Middleware/ConvertEmptyStringsToNull->handle(Object(Illuminate/Http/Request), Object(Closure))
#48 C:/xampp/htdocs/PROYECT-MAIN-main/vendor/laravel/framework/src/Illuminate/Foundation/Http/Middleware/TransformsRequest.php(21): Illuminate/Pipeline/Pipeline->Illuminate/Pipeline/{closure}(Object(Illuminate/Http/Request))
#49 C:/xampp/htdocs/PROYECT-MAIN-main/vendor/laravel/framework/src/Illuminate/Foundation/Http/Middleware/TrimStrings.php(51): Illuminate/Foundation/Http/Middleware/TransformsRequest->handle(Object(Illuminate/Http/Request), Object(Closure))
#50 C:/xampp/htdocs/PROYECT-MAIN-main/vendor/laravel/framework/src/Illuminate/Pipeline/Pipeline.php(219): Illuminate/Foundation/Http/Middleware/TrimStrings->handle(Object(Illuminate/Http/Request), Object(Closure))
#51 C:/xampp/htdocs/PROYECT-MAIN-main/vendor/laravel/framework/src/Illuminate/Http/Middleware/ValidatePostSize.php(27): Illuminate/Pipeline/Pipeline->Illuminate/Pipeline/{closure}(Object(Illuminate/Http/Request))
#52 C:/xampp/htdocs/PROYECT-MAIN-main/vendor/laravel/framework/src/Illuminate/Pipeline/Pipeline.php(219): Illuminate/Http/Middleware/ValidatePostSize->handle(Object(Illuminate/Http/Request), Object(Closure))
#53 C:/xampp/htdocs/PROYECT-MAIN-main/vendor/laravel/framework/src/Illuminate/Foundation/Http/Middleware/PreventRequestsDuringMaintenance.php(109): Illuminate/Pipeline/Pipeline->Illuminate/Pipeline/{closure}(Object(Illuminate/Http/Request))
#54 C:/xampp/htdocs/PROYECT-MAIN-main/vendor/laravel/framework/src/Illuminate/Pipeline/Pipeline.php(219): Illuminate/Foundation/Http/Middleware/PreventRequestsDuringMaintenance->handle(Object(Illuminate/Http/Request), Object(Closure))
#55 C:/xampp/htdocs/PROYECT-MAIN-main/vendor/laravel/framework/src/Illuminate/Http/Middleware/HandleCors.php(61): Illuminate/Pipeline/Pipeline->Illuminate/Pipeline/{closure}(Object(Illuminate/Http/Request))
#56 C:/xampp/htdocs/PROYECT-MAIN-main/vendor/laravel/framework/src/Illuminate/Pipeline/Pipeline.php(219): Illuminate/Http/Middleware/HandleCors->handle(Object(Illuminate/Http/Request), Object(Closure))
#57 C:/xampp/htdocs/PROYECT-MAIN-main/vendor/laravel/framework/src/Illuminate/Http/Middleware/TrustProxies.php(58): Illuminate/Pipeline/Pipeline->Illuminate/Pipeline/{closure}(Object(Illuminate/Http/Request))
#58 C:/xampp/htdocs/PROYECT-MAIN-main/vendor/laravel/framework/src/Illuminate/Pipeline/Pipeline.php(219): Illuminate/Http/Middleware/TrustProxies->handle(Object(Illuminate/Http/Request), Object(Closure))
#59 C:/xampp/htdocs/PROYECT-MAIN-main/vendor/laravel/framework/src/Illuminate/Foundation/Http/Middleware/InvokeDeferredCallbacks.php(22): Illuminate/Pipeline/Pipeline->Illuminate/Pipeline/{closure}(Object(Illuminate/Http/Request))
#60 C:/xampp/htdocs/PROYECT-MAIN-main/vendor/laravel/framework/src/Illuminate/Pipeline/Pipeline.php(219): Illuminate/Foundation/Http/Middleware/InvokeDeferredCallbacks->handle(Object(Illuminate/Http/Request), Object(Closure))
#61 C:/xampp/htdocs/PROYECT-MAIN-main/vendor/laravel/framework/src/Illuminate/Http/Middleware/ValidatePathEncoding.php(26): Illuminate/Pipeline/Pipeline->Illuminate/Pipeline/{closure}(Object(Illuminate/Http/Request))
#62 C:/xampp/htdocs/PROYECT-MAIN-main/vendor/laravel/framework/src/Illuminate/Pipeline/Pipeline.php(219): Illuminate/Http/Middleware/ValidatePathEncoding->handle(Object(Illuminate/Http/Request), Object(Closure))
#63 C:/xampp/htdocs/PROYECT-MAIN-main/vendor/laravel/framework/src/Illuminate/Pipeline/Pipeline.php(137): Illuminate/Pipeline/Pipeline->Illuminate/Pipeline/{closure}(Object(Illuminate/Http/Request))
#64 C:/xampp/htdocs/PROYECT-MAIN-main/vendor/laravel/framework/src/Illuminate/Foundation/Http/Kernel.php(175): Illuminate/Pipeline/Pipeline->then(Object(Closure))
#65 C:/xampp/htdocs/PROYECT-MAIN-main/vendor/laravel/framework/src/Illuminate/Foundation/Http/Kernel.php(144): Illuminate/Foundation/Http/Kernel->sendRequestThroughRouter(Object(Illuminate/Http/Request))
#66 C:/xampp/htdocs/PROYECT-MAIN-main/vendor/laravel/framework/src/Illuminate/Foundation/Application.php(1220): Illuminate/Foundation/Http/Kernel->handle(Object(Illuminate/Http/Request))
#67 C:/xampp/htdocs/PROYECT-MAIN-main/public/index.php(20): Illuminate/Foundation/Application->handleRequest(Object(Illuminate/Http/Request))
#68 C:/xampp/htdocs/PROYECT-MAIN-main/vendor/laravel/framework/src/Illuminate/Foundation/resources/server.php(23): require_once('C://xampp//htdocs...')
#69 {main}
"} 
[2026-06-04 18:55:20] local.ERROR: SQLSTATE[HY000]: General error: 1 no such table: appointments (Connection: sqlite, Database: C:\xampp\htdocs\PROYECT-MAIN-main\database\database.sqlite, SQL: alter table "appointments" add column "status" varchar check ("status" in ('pendiente', 'confirmada', 'cancelada')) not null default 'pendiente') {"exception":"[object] (Illuminate\\Database\\QueryException(code: HY000): SQLSTATE[HY000]: General error: 1 no such table: appointments (Connection: sqlite, Database: C:\\xampp\\htdocs\\PROYECT-MAIN-main\\database\\database.sqlite, SQL: alter table \"appointments\" add column \"status\" varchar check (\"status\" in ('pendiente', 'confirmada', 'cancelada')) not null default 'pendiente') at C:/xampp/htdocs/PROYECT-MAIN-main/vendor/laravel/framework/src/Illuminate/Database/Connection.php:838)
[stacktrace]
#0 C:/xampp/htdocs/PROYECT-MAIN-main/vendor/laravel/framework/src/Illuminate/Database/Connection.php(794): Illuminate/Database/Connection->runQueryCallback('alter table \"ap...', Array, Object(Closure))
#1 C:/xampp/htdocs/PROYECT-MAIN-main/vendor/laravel/framework/src/Illuminate/Database/Connection.php(573): Illuminate/Database/Connection->run('alter table \"ap...', Array, Object(Closure))
#2 C:/xampp/htdocs/PROYECT-MAIN-main/vendor/laravel/framework/src/Illuminate/Database/Schema/Blueprint.php(121): Illuminate/Database/Connection->statement('alter table \"ap...')
#3 C:/xampp/htdocs/PROYECT-MAIN-main/vendor/laravel/framework/src/Illuminate/Database/Schema/Builder.php(686): Illuminate/Database/Schema/Blueprint->build()
#4 C:/xampp/htdocs/PROYECT-MAIN-main/vendor/laravel/framework/src/Illuminate/Database/Schema/Builder.php(494): Illuminate/Database/Schema/Builder->build(Object(Illuminate/Database/Schema/Blueprint))
#5 C:/xampp/htdocs/PROYECT-MAIN-main/vendor/laravel/framework/src/Illuminate/Support/Facades/Facade.php(363): Illuminate/Database/Schema/Builder->table('appointments', Object(Closure))
#6 C:/xampp/htdocs/PROYECT-MAIN-main/database/migrations/2026_05_25_213751_create_appointments_table.php(31): Illuminate/Support/Facades/Facade::__callStatic('table', Array)
#7 C:/xampp/htdocs/PROYECT-MAIN-main/vendor/laravel/framework/src/Illuminate/Database/Schema/Builder.php(509): Illuminate/Database/Migrations/Migration@anonymous->{closure}(Object(Illuminate/Database/Schema/Blueprint))
#8 C:/xampp/htdocs/PROYECT-MAIN-main/vendor/laravel/framework/src/Illuminate/Support/helpers.php(393): Illuminate/Database/Schema/Builder->Illuminate/Database/Schema/{closure}(Object(Illuminate/Database/Schema/Blueprint))
#9 C:/xampp/htdocs/PROYECT-MAIN-main/vendor/laravel/framework/src/Illuminate/Database/Schema/Builder.php(506): tap(Object(Illuminate/Database/Schema/Blueprint), Object(Closure))
#10 C:/xampp/htdocs/PROYECT-MAIN-main/vendor/laravel/framework/src/Illuminate/Support/Facades/Facade.php(363): Illuminate/Database/Schema/Builder->create('appointments', Object(Closure))
#11 C:/xampp/htdocs/PROYECT-MAIN-main/database/migrations/2026_05_25_213751_create_appointments_table.php(14): Illuminate/Support/Facades/Facade::__callStatic('create', Array)
#12 C:/xampp/htdocs/PROYECT-MAIN-main/vendor/laravel/framework/src/Illuminate/Database/Migrations/Migrator.php(517): Illuminate/Database/Migrations/Migration@anonymous->up()
#13 C:/xampp/htdocs/PROYECT-MAIN-main/vendor/laravel/framework/src/Illuminate/Database/Migrations/Migrator.php(442): Illuminate/Database/Migrations/Migrator->runMethod(Object(Illuminate/Database/SQLiteConnection), Object(Illuminate/Database/Migrations/Migration@anonymous), 'up')
#14 C:/xampp/htdocs/PROYECT-MAIN-main/vendor/laravel/framework/src/Illuminate/Database/Migrations/Migrator.php(451): Illuminate/Database/Migrations/Migrator->Illuminate/Database/Migrations/{closure}()
#15 C:/xampp/htdocs/PROYECT-MAIN-main/vendor/laravel/framework/src/Illuminate/Database/Migrations/Migrator.php(253): Illuminate/Database/Migrations/Migrator->runMigration(Object(Illuminate/Database/Migrations/Migration@anonymous), 'up')
#16 C:/xampp/htdocs/PROYECT-MAIN-main/vendor/laravel/framework/src/Illuminate/Console/View/Components/Task.php(41): Illuminate/Database/Migrations/Migrator->Illuminate/Database/Migrations/{closure}()
#17 C:/xampp/htdocs/PROYECT-MAIN-main/vendor/laravel/framework/src/Illuminate/Database/Migrations/Migrator.php(814): Illuminate/Console/View/Components/Task->render('2026_05_25_2137...', Object(Closure))
#18 C:/xampp/htdocs/PROYECT-MAIN-main/vendor/laravel/framework/src/Illuminate/Database/Migrations/Migrator.php(253): Illuminate/Database/Migrations/Migrator->write('Illuminate//Cons...', '2026_05_25_2137...', Object(Closure))
#19 C:/xampp/htdocs/PROYECT-MAIN-main/vendor/laravel/framework/src/Illuminate/Database/Migrations/Migrator.php(211): Illuminate/Database/Migrations/Migrator->runUp('C://xampp//htdocs...', 1, false)
#20 C:/xampp/htdocs/PROYECT-MAIN-main/vendor/laravel/framework/src/Illuminate/Database/Migrations/Migrator.php(138): Illuminate/Database/Migrations/Migrator->runPending(Array, Array)
#21 C:/xampp/htdocs/PROYECT-MAIN-main/vendor/laravel/framework/src/Illuminate/Database/Console/Migrations/MigrateCommand.php(116): Illuminate/Database/Migrations/Migrator->run(Array, Array)
#22 C:/xampp/htdocs/PROYECT-MAIN-main/vendor/laravel/framework/src/Illuminate/Database/Migrations/Migrator.php(671): Illuminate/Database/Console/Migrations/MigrateCommand->Illuminate/Database/Console/Migrations/{closure}()
#23 C:/xampp/htdocs/PROYECT-MAIN-main/vendor/laravel/framework/src/Illuminate/Database/Console/Migrations/MigrateCommand.php(109): Illuminate/Database/Migrations/Migrator->usingConnection(NULL, Object(Closure))
#24 C:/xampp/htdocs/PROYECT-MAIN-main/vendor/laravel/framework/src/Illuminate/Database/Console/Migrations/MigrateCommand.php(88): Illuminate/Database/Console/Migrations/MigrateCommand->runMigrations()
#25 C:/xampp/htdocs/PROYECT-MAIN-main/vendor/laravel/framework/src/Illuminate/Container/BoundMethod.php(36): Illuminate/Database/Console/Migrations/MigrateCommand->handle()
#26 C:/xampp/htdocs/PROYECT-MAIN-main/vendor/laravel/framework/src/Illuminate/Container/Util.php(43): Illuminate/Container/BoundMethod::Illuminate/Container/{closure}()
#27 C:/xampp/htdocs/PROYECT-MAIN-main/vendor/laravel/framework/src/Illuminate/Container/BoundMethod.php(96): Illuminate/Container/Util::unwrapIfClosure(Object(Closure))
#28 C:/xampp/htdocs/PROYECT-MAIN-main/vendor/laravel/framework/src/Illuminate/Container/BoundMethod.php(35): Illuminate/Container/BoundMethod::callBoundMethod(Object(Illuminate/Foundation/Application), Array, Object(Closure))
#29 C:/xampp/htdocs/PROYECT-MAIN-main/vendor/laravel/framework/src/Illuminate/Container/Container.php(799): Illuminate/Container/BoundMethod::call(Object(Illuminate/Foundation/Application), Array, Array, NULL)
#30 C:/xampp/htdocs/PROYECT-MAIN-main/vendor/laravel/framework/src/Illuminate/Console/Command.php(211): Illuminate/Container/Container->call(Array)
#31 C:/xampp/htdocs/PROYECT-MAIN-main/vendor/symfony/console/Command/Command.php(341): Illuminate/Console/Command->execute(Object(Symfony/Component/Console/Input/ArrayInput), Object(Illuminate/Console/OutputStyle))
#32 C:/xampp/htdocs/PROYECT-MAIN-main/vendor/laravel/framework/src/Illuminate/Console/Command.php(180): Symfony/Component/Console/Command/Command->run(Object(Symfony/Component/Console/Input/ArrayInput), Object(Illuminate/Console/OutputStyle))
#33 C:/xampp/htdocs/PROYECT-MAIN-main/vendor/laravel/framework/src/Illuminate/Console/Concerns/CallsCommands.php(68): Illuminate/Console/Command->run(Object(Symfony/Component/Console/Input/ArrayInput), Object(Illuminate/Console/OutputStyle))
#34 C:/xampp/htdocs/PROYECT-MAIN-main/vendor/laravel/framework/src/Illuminate/Console/Concerns/CallsCommands.php(29): Illuminate/Console/Command->runCommand('migrate', Array, Object(Illuminate/Console/OutputStyle))
#35 C:/xampp/htdocs/PROYECT-MAIN-main/vendor/laravel/framework/src/Illuminate/Database/Console/Migrations/RefreshCommand.php(65): Illuminate/Console/Command->call('migrate', Array)
#36 C:/xampp/htdocs/PROYECT-MAIN-main/vendor/laravel/framework/src/Illuminate/Container/BoundMethod.php(36): Illuminate/Database/Console/Migrations/RefreshCommand->handle()
#37 C:/xampp/htdocs/PROYECT-MAIN-main/vendor/laravel/framework/src/Illuminate/Container/Util.php(43): Illuminate/Container/BoundMethod::Illuminate/Container/{closure}()
#38 C:/xampp/htdocs/PROYECT-MAIN-main/vendor/laravel/framework/src/Illuminate/Container/BoundMethod.php(96): Illuminate/Container/Util::unwrapIfClosure(Object(Closure))
#39 C:/xampp/htdocs/PROYECT-MAIN-main/vendor/laravel/framework/src/Illuminate/Container/BoundMethod.php(35): Illuminate/Container/BoundMethod::callBoundMethod(Object(Illuminate/Foundation/Application), Array, Object(Closure))
#40 C:/xampp/htdocs/PROYECT-MAIN-main/vendor/laravel/framework/src/Illuminate/Container/Container.php(799): Illuminate/Container/BoundMethod::call(Object(Illuminate/Foundation/Application), Array, Array, NULL)
#41 C:/xampp/htdocs/PROYECT-MAIN-main/vendor/laravel/framework/src/Illuminate/Console/Command.php(211): Illuminate/Container/Container->call(Array)
#42 C:/xampp/htdocs/PROYECT-MAIN-main/vendor/symfony/console/Command/Command.php(341): Illuminate/Console/Command->execute(Object(Symfony/Component/Console/Input/ArgvInput), Object(Illuminate/Console/OutputStyle))
#43 C:/xampp/htdocs/PROYECT-MAIN-main/vendor/laravel/framework/src/Illuminate/Console/Command.php(180): Symfony/Component/Console/Command/Command->run(Object(Symfony/Component/Console/Input/ArgvInput), Object(Illuminate/Console/OutputStyle))
#44 C:/xampp/htdocs/PROYECT-MAIN-main/vendor/symfony/console/Application.php(1117): Illuminate/Console/Command->run(Object(Symfony/Component/Console/Input/ArgvInput), Object(Symfony/Component/Console/Output/ConsoleOutput))
#45 C:/xampp/htdocs/PROYECT-MAIN-main/vendor/symfony/console/Application.php(356): Symfony/Component/Console/Application->doRunCommand(Object(Illuminate/Database/Console/Migrations/RefreshCommand), Object(Symfony/Component/Console/Input/ArgvInput), Object(Symfony/Component/Console/Output/ConsoleOutput))
#46 C:/xampp/htdocs/PROYECT-MAIN-main/vendor/symfony/console/Application.php(195): Symfony/Component/Console/Application->doRun(Object(Symfony/Component/Console/Input/ArgvInput), Object(Symfony/Component/Console/Output/ConsoleOutput))
#47 C:/xampp/htdocs/PROYECT-MAIN-main/vendor/laravel/framework/src/Illuminate/Foundation/Console/Kernel.php(198): Symfony/Component/Console/Application->run(Object(Symfony/Component/Console/Input/ArgvInput), Object(Symfony/Component/Console/Output/ConsoleOutput))
#48 C:/xampp/htdocs/PROYECT-MAIN-main/vendor/laravel/framework/src/Illuminate/Foundation/Application.php(1235): Illuminate/Foundation/Console/Kernel->handle(Object(Symfony/Component/Console/Input/ArgvInput), Object(Symfony/Component/Console/Output/ConsoleOutput))
#49 C:/xampp/htdocs/PROYECT-MAIN-main/artisan(16): Illuminate/Foundation/Application->handleCommand(Object(Symfony/Component/Console/Input/ArgvInput))
#50 {main}

[previous exception] [object] (PDOException(code: HY000): SQLSTATE[HY000]: General error: 1 no such table: appointments at C:/xampp/htdocs/PROYECT-MAIN-main/vendor/laravel/framework/src/Illuminate/Database/Connection.php:578)
[stacktrace]
#0 C:/xampp/htdocs/PROYECT-MAIN-main/vendor/laravel/framework/src/Illuminate/Database/Connection.php(578): PDO->prepare('alter table \"ap...')
#1 C:/xampp/htdocs/PROYECT-MAIN-main/vendor/laravel/framework/src/Illuminate/Database/Connection.php(827): Illuminate/Database/Connection->Illuminate/Database/{closure}('alter table \"ap...', Array)
#2 C:/xampp/htdocs/PROYECT-MAIN-main/vendor/laravel/framework/src/Illuminate/Database/Connection.php(794): Illuminate/Database/Connection->runQueryCallback('alter table \"ap...', Array, Object(Closure))
#3 C:/xampp/htdocs/PROYECT-MAIN-main/vendor/laravel/framework/src/Illuminate/Database/Connection.php(573): Illuminate/Database/Connection->run('alter table \"ap...', Array, Object(Closure))
#4 C:/xampp/htdocs/PROYECT-MAIN-main/vendor/laravel/framework/src/Illuminate/Database/Schema/Blueprint.php(121): Illuminate/Database/Connection->statement('alter table \"ap...')
#5 C:/xampp/htdocs/PROYECT-MAIN-main/vendor/laravel/framework/src/Illuminate/Database/Schema/Builder.php(686): Illuminate/Database/Schema/Blueprint->build()
#6 C:/xampp/htdocs/PROYECT-MAIN-main/vendor/laravel/framework/src/Illuminate/Database/Schema/Builder.php(494): Illuminate/Database/Schema/Builder->build(Object(Illuminate/Database/Schema/Blueprint))
#7 C:/xampp/htdocs/PROYECT-MAIN-main/vendor/laravel/framework/src/Illuminate/Support/Facades/Facade.php(363): Illuminate/Database/Schema/Builder->table('appointments', Object(Closure))
#8 C:/xampp/htdocs/PROYECT-MAIN-main/database/migrations/2026_05_25_213751_create_appointments_table.php(31): Illuminate/Support/Facades/Facade::__callStatic('table', Array)
#9 C:/xampp/htdocs/PROYECT-MAIN-main/vendor/laravel/framework/src/Illuminate/Database/Schema/Builder.php(509): Illuminate/Database/Migrations/Migration@anonymous->{closure}(Object(Illuminate/Database/Schema/Blueprint))
#10 C:/xampp/htdocs/PROYECT-MAIN-main/vendor/laravel/framework/src/Illuminate/Support/helpers.php(393): Illuminate/Database/Schema/Builder->Illuminate/Database/Schema/{closure}(Object(Illuminate/Database/Schema/Blueprint))
#11 C:/xampp/htdocs/PROYECT-MAIN-main/vendor/laravel/framework/src/Illuminate/Database/Schema/Builder.php(506): tap(Object(Illuminate/Database/Schema/Blueprint), Object(Closure))
#12 C:/xampp/htdocs/PROYECT-MAIN-main/vendor/laravel/framework/src/Illuminate/Support/Facades/Facade.php(363): Illuminate/Database/Schema/Builder->create('appointments', Object(Closure))
#13 C:/xampp/htdocs/PROYECT-MAIN-main/database/migrations/2026_05_25_213751_create_appointments_table.php(14): Illuminate/Support/Facades/Facade::__callStatic('create', Array)
#14 C:/xampp/htdocs/PROYECT-MAIN-main/vendor/laravel/framework/src/Illuminate/Database/Migrations/Migrator.php(517): Illuminate/Database/Migrations/Migration@anonymous->up()
#15 C:/xampp/htdocs/PROYECT-MAIN-main/vendor/laravel/framework/src/Illuminate/Database/Migrations/Migrator.php(442): Illuminate/Database/Migrations/Migrator->runMethod(Object(Illuminate/Database/SQLiteConnection), Object(Illuminate/Database/Migrations/Migration@anonymous), 'up')
#16 C:/xampp/htdocs/PROYECT-MAIN-main/vendor/laravel/framework/src/Illuminate/Database/Migrations/Migrator.php(451): Illuminate/Database/Migrations/Migrator->Illuminate/Database/Migrations/{closure}()
#17 C:/xampp/htdocs/PROYECT-MAIN-main/vendor/laravel/framework/src/Illuminate/Database/Migrations/Migrator.php(253): Illuminate/Database/Migrations/Migrator->runMigration(Object(Illuminate/Database/Migrations/Migration@anonymous), 'up')
#18 C:/xampp/htdocs/PROYECT-MAIN-main/vendor/laravel/framework/src/Illuminate/Console/View/Components/Task.php(41): Illuminate/Database/Migrations/Migrator->Illuminate/Database/Migrations/{closure}()
#19 C:/xampp/htdocs/PROYECT-MAIN-main/vendor/laravel/framework/src/Illuminate/Database/Migrations/Migrator.php(814): Illuminate/Console/View/Components/Task->render('2026_05_25_2137...', Object(Closure))
#20 C:/xampp/htdocs/PROYECT-MAIN-main/vendor/laravel/framework/src/Illuminate/Database/Migrations/Migrator.php(253): Illuminate/Database/Migrations/Migrator->write('Illuminate//Cons...', '2026_05_25_2137...', Object(Closure))
#21 C:/xampp/htdocs/PROYECT-MAIN-main/vendor/laravel/framework/src/Illuminate/Database/Migrations/Migrator.php(211): Illuminate/Database/Migrations/Migrator->runUp('C://xampp//htdocs...', 1, false)
#22 C:/xampp/htdocs/PROYECT-MAIN-main/vendor/laravel/framework/src/Illuminate/Database/Migrations/Migrator.php(138): Illuminate/Database/Migrations/Migrator->runPending(Array, Array)
#23 C:/xampp/htdocs/PROYECT-MAIN-main/vendor/laravel/framework/src/Illuminate/Database/Console/Migrations/MigrateCommand.php(116): Illuminate/Database/Migrations/Migrator->run(Array, Array)
#24 C:/xampp/htdocs/PROYECT-MAIN-main/vendor/laravel/framework/src/Illuminate/Database/Migrations/Migrator.php(671): Illuminate/Database/Console/Migrations/MigrateCommand->Illuminate/Database/Console/Migrations/{closure}()
#25 C:/xampp/htdocs/PROYECT-MAIN-main/vendor/laravel/framework/src/Illuminate/Database/Console/Migrations/MigrateCommand.php(109): Illuminate/Database/Migrations/Migrator->usingConnection(NULL, Object(Closure))
#26 C:/xampp/htdocs/PROYECT-MAIN-main/vendor/laravel/framework/src/Illuminate/Database/Console/Migrations/MigrateCommand.php(88): Illuminate/Database/Console/Migrations/MigrateCommand->runMigrations()
#27 C:/xampp/htdocs/PROYECT-MAIN-main/vendor/laravel/framework/src/Illuminate/Container/BoundMethod.php(36): Illuminate/Database/Console/Migrations/MigrateCommand->handle()
#28 C:/xampp/htdocs/PROYECT-MAIN-main/vendor/laravel/framework/src/Illuminate/Container/Util.php(43): Illuminate/Container/BoundMethod::Illuminate/Container/{closure}()
#29 C:/xampp/htdocs/PROYECT-MAIN-main/vendor/laravel/framework/src/Illuminate/Container/BoundMethod.php(96): Illuminate/Container/Util::unwrapIfClosure(Object(Closure))
#30 C:/xampp/htdocs/PROYECT-MAIN-main/vendor/laravel/framework/src/Illuminate/Container/BoundMethod.php(35): Illuminate/Container/BoundMethod::callBoundMethod(Object(Illuminate/Foundation/Application), Array, Object(Closure))
#31 C:/xampp/htdocs/PROYECT-MAIN-main/vendor/laravel/framework/src/Illuminate/Container/Container.php(799): Illuminate/Container/BoundMethod::call(Object(Illuminate/Foundation/Application), Array, Array, NULL)
#32 C:/xampp/htdocs/PROYECT-MAIN-main/vendor/laravel/framework/src/Illuminate/Console/Command.php(211): Illuminate/Container/Container->call(Array)
#33 C:/xampp/htdocs/PROYECT-MAIN-main/vendor/symfony/console/Command/Command.php(341): Illuminate/Console/Command->execute(Object(Symfony/Component/Console/Input/ArrayInput), Object(Illuminate/Console/OutputStyle))
#34 C:/xampp/htdocs/PROYECT-MAIN-main/vendor/laravel/framework/src/Illuminate/Console/Command.php(180): Symfony/Component/Console/Command/Command->run(Object(Symfony/Component/Console/Input/ArrayInput), Object(Illuminate/Console/OutputStyle))
#35 C:/xampp/htdocs/PROYECT-MAIN-main/vendor/laravel/framework/src/Illuminate/Console/Concerns/CallsCommands.php(68): Illuminate/Console/Command->run(Object(Symfony/Component/Console/Input/ArrayInput), Object(Illuminate/Console/OutputStyle))
#36 C:/xampp/htdocs/PROYECT-MAIN-main/vendor/laravel/framework/src/Illuminate/Console/Concerns/CallsCommands.php(29): Illuminate/Console/Command->runCommand('migrate', Array, Object(Illuminate/Console/OutputStyle))
#37 C:/xampp/htdocs/PROYECT-MAIN-main/vendor/laravel/framework/src/Illuminate/Database/Console/Migrations/RefreshCommand.php(65): Illuminate/Console/Command->call('migrate', Array)
#38 C:/xampp/htdocs/PROYECT-MAIN-main/vendor/laravel/framework/src/Illuminate/Container/BoundMethod.php(36): Illuminate/Database/Console/Migrations/RefreshCommand->handle()
#39 C:/xampp/htdocs/PROYECT-MAIN-main/vendor/laravel/framework/src/Illuminate/Container/Util.php(43): Illuminate/Container/BoundMethod::Illuminate/Container/{closure}()
#40 C:/xampp/htdocs/PROYECT-MAIN-main/vendor/laravel/framework/src/Illuminate/Container/BoundMethod.php(96): Illuminate/Container/Util::unwrapIfClosure(Object(Closure))
#41 C:/xampp/htdocs/PROYECT-MAIN-main/vendor/laravel/framework/src/Illuminate/Container/BoundMethod.php(35): Illuminate/Container/BoundMethod::callBoundMethod(Object(Illuminate/Foundation/Application), Array, Object(Closure))
#42 C:/xampp/htdocs/PROYECT-MAIN-main/vendor/laravel/framework/src/Illuminate/Container/Container.php(799): Illuminate/Container/BoundMethod::call(Object(Illuminate/Foundation/Application), Array, Array, NULL)
#43 C:/xampp/htdocs/PROYECT-MAIN-main/vendor/laravel/framework/src/Illuminate/Console/Command.php(211): Illuminate/Container/Container->call(Array)
#44 C:/xampp/htdocs/PROYECT-MAIN-main/vendor/symfony/console/Command/Command.php(341): Illuminate/Console/Command->execute(Object(Symfony/Component/Console/Input/ArgvInput), Object(Illuminate/Console/OutputStyle))
#45 C:/xampp/htdocs/PROYECT-MAIN-main/vendor/laravel/framework/src/Illuminate/Console/Command.php(180): Symfony/Component/Console/Command/Command->run(Object(Symfony/Component/Console/Input/ArgvInput), Object(Illuminate/Console/OutputStyle))
#46 C:/xampp/htdocs/PROYECT-MAIN-main/vendor/symfony/console/Application.php(1117): Illuminate/Console/Command->run(Object(Symfony/Component/Console/Input/ArgvInput), Object(Symfony/Component/Console/Output/ConsoleOutput))
#47 C:/xampp/htdocs/PROYECT-MAIN-main/vendor/symfony/console/Application.php(356): Symfony/Component/Console/Application->doRunCommand(Object(Illuminate/Database/Console/Migrations/RefreshCommand), Object(Symfony/Component/Console/Input/ArgvInput), Object(Symfony/Component/Console/Output/ConsoleOutput))
#48 C:/xampp/htdocs/PROYECT-MAIN-main/vendor/symfony/console/Application.php(195): Symfony/Component/Console/Application->doRun(Object(Symfony/Component/Console/Input/ArgvInput), Object(Symfony/Component/Console/Output/ConsoleOutput))
#49 C:/xampp/htdocs/PROYECT-MAIN-main/vendor/laravel/framework/src/Illuminate/Foundation/Console/Kernel.php(198): Symfony/Component/Console/Application->run(Object(Symfony/Component/Console/Input/ArgvInput), Object(Symfony/Component/Console/Output/ConsoleOutput))
#50 C:/xampp/htdocs/PROYECT-MAIN-main/vendor/laravel/framework/src/Illuminate/Foundation/Application.php(1235): Illuminate/Foundation/Console/Kernel->handle(Object(Symfony/Component/Console/Input/ArgvInput), Object(Symfony/Component/Console/Output/ConsoleOutput))
#51 C:/xampp/htdocs/PROYECT-MAIN-main/artisan(16): Illuminate/Foundation/Application->handleCommand(Object(Symfony/Component/Console/Input/ArgvInput))
#52 {main}
"} 
[2026-06-04 19:01:08] local.ERROR: SQLSTATE[HY000]: General error: 1 no such column: user_id (Connection: sqlite, Database: C:\xampp\htdocs\PROYECT-MAIN-main\database\database.sqlite, SQL: update "sessions" set "payload" = YTozOntzOjY6Il90b2tlbiI7czo0MDoialFPcDdhV3Z4STVObFN5QXJJNmFDNkJXSGNpWmRwNEttdXRkdGFzVCI7czo5OiJfcHJldmlvdXMiO2E6Mjp7czozOiJ1cmwiO3M6MjE6Imh0dHA6Ly8xMjcuMC4wLjE6ODAwMCI7czo1OiJyb3V0ZSI7Tjt9czo2OiJfZmxhc2giO2E6Mjp7czozOiJvbGQiO2E6MDp7fXM6MzoibmV3IjthOjA6e319fQ==, "last_activity" = 1780599668, "user_id" = ?, "ip_address" = 127.0.0.1, "user_agent" = Mozilla/5.0 (Windows NT 10.0; Win64; x64) AppleWebKit/537.36 (KHTML, like Gecko) Code/1.123.0 Chrome/148.0.7778.97 Electron/42.2.0 Safari/537.36, "id" = onVjds07HtMmYhUXbWkVCAPJDSiZACiktmRC1Uvs where "id" = onVjds07HtMmYhUXbWkVCAPJDSiZACiktmRC1Uvs) {"exception":"[object] (Illuminate\\Database\\QueryException(code: HY000): SQLSTATE[HY000]: General error: 1 no such column: user_id (Connection: sqlite, Database: C:\\xampp\\htdocs\\PROYECT-MAIN-main\\database\\database.sqlite, SQL: update \"sessions\" set \"payload\" = YTozOntzOjY6Il90b2tlbiI7czo0MDoialFPcDdhV3Z4STVObFN5QXJJNmFDNkJXSGNpWmRwNEttdXRkdGFzVCI7czo5OiJfcHJldmlvdXMiO2E6Mjp7czozOiJ1cmwiO3M6MjE6Imh0dHA6Ly8xMjcuMC4wLjE6ODAwMCI7czo1OiJyb3V0ZSI7Tjt9czo2OiJfZmxhc2giO2E6Mjp7czozOiJvbGQiO2E6MDp7fXM6MzoibmV3IjthOjA6e319fQ==, \"last_activity\" = 1780599668, \"user_id\" = ?, \"ip_address\" = 127.0.0.1, \"user_agent\" = Mozilla/5.0 (Windows NT 10.0; Win64; x64) AppleWebKit/537.36 (KHTML, like Gecko) Code/1.123.0 Chrome/148.0.7778.97 Electron/42.2.0 Safari/537.36, \"id\" = onVjds07HtMmYhUXbWkVCAPJDSiZACiktmRC1Uvs where \"id\" = onVjds07HtMmYhUXbWkVCAPJDSiZACiktmRC1Uvs) at C:/xampp/htdocs/PROYECT-MAIN-main/vendor/laravel/framework/src/Illuminate/Database/Connection.php:838)
[stacktrace]
#0 C:/xampp/htdocs/PROYECT-MAIN-main/vendor/laravel/framework/src/Illuminate/Database/Connection.php(794): Illuminate/Database/Connection->runQueryCallback('update \"session...', Array, Object(Closure))
#1 C:/xampp/htdocs/PROYECT-MAIN-main/vendor/laravel/framework/src/Illuminate/Database/Connection.php(597): Illuminate/Database/Connection->run('update \"session...', Array, Object(Closure))
#2 C:/xampp/htdocs/PROYECT-MAIN-main/vendor/laravel/framework/src/Illuminate/Database/Connection.php(549): Illuminate/Database/Connection->affectingStatement('update \"session...', Array)
#3 C:/xampp/htdocs/PROYECT-MAIN-main/vendor/laravel/framework/src/Illuminate/Database/Query/Builder.php(4234): Illuminate/Database/Connection->update('update \"session...', Array)
#4 C:/xampp/htdocs/PROYECT-MAIN-main/vendor/laravel/framework/src/Illuminate/Session/DatabaseSessionHandler.php(172): Illuminate/Database/Query/Builder->update(Object(Illuminate/Support/Collection))
#5 C:/xampp/htdocs/PROYECT-MAIN-main/vendor/laravel/framework/src/Illuminate/Session/DatabaseSessionHandler.php(159): Illuminate/Session/DatabaseSessionHandler->performUpdate('onVjds07HtMmYhU...', Array)
#6 C:/xampp/htdocs/PROYECT-MAIN-main/vendor/laravel/framework/src/Illuminate/Session/DatabaseSessionHandler.php(141): Illuminate/Session/DatabaseSessionHandler->performInsert('onVjds07HtMmYhU...', Array)
#7 C:/xampp/htdocs/PROYECT-MAIN-main/vendor/laravel/framework/src/Illuminate/Session/Store.php(187): Illuminate/Session/DatabaseSessionHandler->write('onVjds07HtMmYhU...', 'a:3:{s:6:\"_toke...')
#8 C:/xampp/htdocs/PROYECT-MAIN-main/vendor/laravel/framework/src/Illuminate/Session/Middleware/StartSession.php(248): Illuminate/Session/Store->save()
#9 C:/xampp/htdocs/PROYECT-MAIN-main/vendor/laravel/framework/src/Illuminate/Session/Middleware/StartSession.php(129): Illuminate/Session/Middleware/StartSession->saveSession(Object(Illuminate/Http/Request))
#10 C:/xampp/htdocs/PROYECT-MAIN-main/vendor/laravel/framework/src/Illuminate/Session/Middleware/StartSession.php(63): Illuminate/Session/Middleware/StartSession->handleStatefulRequest(Object(Illuminate/Http/Request), Object(Illuminate/Session/Store), Object(Closure))
#11 C:/xampp/htdocs/PROYECT-MAIN-main/vendor/laravel/framework/src/Illuminate/Pipeline/Pipeline.php(219): Illuminate/Session/Middleware/StartSession->handle(Object(Illuminate/Http/Request), Object(Closure))
#12 C:/xampp/htdocs/PROYECT-MAIN-main/vendor/laravel/framework/src/Illuminate/Cookie/Middleware/AddQueuedCookiesToResponse.php(36): Illuminate/Pipeline/Pipeline->Illuminate/Pipeline/{closure}(Object(Illuminate/Http/Request))
#13 C:/xampp/htdocs/PROYECT-MAIN-main/vendor/laravel/framework/src/Illuminate/Pipeline/Pipeline.php(219): Illuminate/Cookie/Middleware/AddQueuedCookiesToResponse->handle(Object(Illuminate/Http/Request), Object(Closure))
#14 C:/xampp/htdocs/PROYECT-MAIN-main/vendor/laravel/framework/src/Illuminate/Cookie/Middleware/EncryptCookies.php(74): Illuminate/Pipeline/Pipeline->Illuminate/Pipeline/{closure}(Object(Illuminate/Http/Request))
#15 C:/xampp/htdocs/PROYECT-MAIN-main/vendor/laravel/framework/src/Illuminate/Pipeline/Pipeline.php(219): Illuminate/Cookie/Middleware/EncryptCookies->handle(Object(Illuminate/Http/Request), Object(Closure))
#16 C:/xampp/htdocs/PROYECT-MAIN-main/vendor/laravel/framework/src/Illuminate/Pipeline/Pipeline.php(137): Illuminate/Pipeline/Pipeline->Illuminate/Pipeline/{closure}(Object(Illuminate/Http/Request))
#17 C:/xampp/htdocs/PROYECT-MAIN-main/vendor/laravel/framework/src/Illuminate/Routing/Router.php(821): Illuminate/Pipeline/Pipeline->then(Object(Closure))
#18 C:/xampp/htdocs/PROYECT-MAIN-main/vendor/laravel/framework/src/Illuminate/Routing/Router.php(800): Illuminate/Routing/Router->runRouteWithinStack(Object(Illuminate/Routing/Route), Object(Illuminate/Http/Request))
#19 C:/xampp/htdocs/PROYECT-MAIN-main/vendor/laravel/framework/src/Illuminate/Routing/Router.php(764): Illuminate/Routing/Router->runRoute(Object(Illuminate/Http/Request), Object(Illuminate/Routing/Route))
#20 C:/xampp/htdocs/PROYECT-MAIN-main/vendor/laravel/framework/src/Illuminate/Routing/Router.php(753): Illuminate/Routing/Router->dispatchToRoute(Object(Illuminate/Http/Request))
#21 C:/xampp/htdocs/PROYECT-MAIN-main/vendor/laravel/framework/src/Illuminate/Foundation/Http/Kernel.php(200): Illuminate/Routing/Router->dispatch(Object(Illuminate/Http/Request))
#22 C:/xampp/htdocs/PROYECT-MAIN-main/vendor/laravel/framework/src/Illuminate/Pipeline/Pipeline.php(180): Illuminate/Foundation/Http/Kernel->Illuminate/Foundation/Http/{closure}(Object(Illuminate/Http/Request))
#23 C:/xampp/htdocs/PROYECT-MAIN-main/vendor/laravel/framework/src/Illuminate/Foundation/Http/Middleware/TransformsRequest.php(21): Illuminate/Pipeline/Pipeline->Illuminate/Pipeline/{closure}(Object(Illuminate/Http/Request))
#24 C:/xampp/htdocs/PROYECT-MAIN-main/vendor/laravel/framework/src/Illuminate/Foundation/Http/Middleware/ConvertEmptyStringsToNull.php(31): Illuminate/Foundation/Http/Middleware/TransformsRequest->handle(Object(Illuminate/Http/Request), Object(Closure))
#25 C:/xampp/htdocs/PROYECT-MAIN-main/vendor/laravel/framework/src/Illuminate/Pipeline/Pipeline.php(219): Illuminate/Foundation/Http/Middleware/ConvertEmptyStringsToNull->handle(Object(Illuminate/Http/Request), Object(Closure))
#26 C:/xampp/htdocs/PROYECT-MAIN-main/vendor/laravel/framework/src/Illuminate/Foundation/Http/Middleware/TransformsRequest.php(21): Illuminate/Pipeline/Pipeline->Illuminate/Pipeline/{closure}(Object(Illuminate/Http/Request))
#27 C:/xampp/htdocs/PROYECT-MAIN-main/vendor/laravel/framework/src/Illuminate/Foundation/Http/Middleware/TrimStrings.php(51): Illuminate/Foundation/Http/Middleware/TransformsRequest->handle(Object(Illuminate/Http/Request), Object(Closure))
#28 C:/xampp/htdocs/PROYECT-MAIN-main/vendor/laravel/framework/src/Illuminate/Pipeline/Pipeline.php(219): Illuminate/Foundation/Http/Middleware/TrimStrings->handle(Object(Illuminate/Http/Request), Object(Closure))
#29 C:/xampp/htdocs/PROYECT-MAIN-main/vendor/laravel/framework/src/Illuminate/Http/Middleware/ValidatePostSize.php(27): Illuminate/Pipeline/Pipeline->Illuminate/Pipeline/{closure}(Object(Illuminate/Http/Request))
#30 C:/xampp/htdocs/PROYECT-MAIN-main/vendor/laravel/framework/src/Illuminate/Pipeline/Pipeline.php(219): Illuminate/Http/Middleware/ValidatePostSize->handle(Object(Illuminate/Http/Request), Object(Closure))
#31 C:/xampp/htdocs/PROYECT-MAIN-main/vendor/laravel/framework/src/Illuminate/Foundation/Http/Middleware/PreventRequestsDuringMaintenance.php(109): Illuminate/Pipeline/Pipeline->Illuminate/Pipeline/{closure}(Object(Illuminate/Http/Request))
#32 C:/xampp/htdocs/PROYECT-MAIN-main/vendor/laravel/framework/src/Illuminate/Pipeline/Pipeline.php(219): Illuminate/Foundation/Http/Middleware/PreventRequestsDuringMaintenance->handle(Object(Illuminate/Http/Request), Object(Closure))
#33 C:/xampp/htdocs/PROYECT-MAIN-main/vendor/laravel/framework/src/Illuminate/Http/Middleware/HandleCors.php(61): Illuminate/Pipeline/Pipeline->Illuminate/Pipeline/{closure}(Object(Illuminate/Http/Request))
#34 C:/xampp/htdocs/PROYECT-MAIN-main/vendor/laravel/framework/src/Illuminate/Pipeline/Pipeline.php(219): Illuminate/Http/Middleware/HandleCors->handle(Object(Illuminate/Http/Request), Object(Closure))
#35 C:/xampp/htdocs/PROYECT-MAIN-main/vendor/laravel/framework/src/Illuminate/Http/Middleware/TrustProxies.php(58): Illuminate/Pipeline/Pipeline->Illuminate/Pipeline/{closure}(Object(Illuminate/Http/Request))
#36 C:/xampp/htdocs/PROYECT-MAIN-main/vendor/laravel/framework/src/Illuminate/Pipeline/Pipeline.php(219): Illuminate/Http/Middleware/TrustProxies->handle(Object(Illuminate/Http/Request), Object(Closure))
#37 C:/xampp/htdocs/PROYECT-MAIN-main/vendor/laravel/framework/src/Illuminate/Foundation/Http/Middleware/InvokeDeferredCallbacks.php(22): Illuminate/Pipeline/Pipeline->Illuminate/Pipeline/{closure}(Object(Illuminate/Http/Request))
#38 C:/xampp/htdocs/PROYECT-MAIN-main/vendor/laravel/framework/src/Illuminate/Pipeline/Pipeline.php(219): Illuminate/Foundation/Http/Middleware/InvokeDeferredCallbacks->handle(Object(Illuminate/Http/Request), Object(Closure))
#39 C:/xampp/htdocs/PROYECT-MAIN-main/vendor/laravel/framework/src/Illuminate/Http/Middleware/ValidatePathEncoding.php(26): Illuminate/Pipeline/Pipeline->Illuminate/Pipeline/{closure}(Object(Illuminate/Http/Request))
#40 C:/xampp/htdocs/PROYECT-MAIN-main/vendor/laravel/framework/src/Illuminate/Pipeline/Pipeline.php(219): Illuminate/Http/Middleware/ValidatePathEncoding->handle(Object(Illuminate/Http/Request), Object(Closure))
#41 C:/xampp/htdocs/PROYECT-MAIN-main/vendor/laravel/framework/src/Illuminate/Pipeline/Pipeline.php(137): Illuminate/Pipeline/Pipeline->Illuminate/Pipeline/{closure}(Object(Illuminate/Http/Request))
#42 C:/xampp/htdocs/PROYECT-MAIN-main/vendor/laravel/framework/src/Illuminate/Foundation/Http/Kernel.php(175): Illuminate/Pipeline/Pipeline->then(Object(Closure))
#43 C:/xampp/htdocs/PROYECT-MAIN-main/vendor/laravel/framework/src/Illuminate/Foundation/Http/Kernel.php(144): Illuminate/Foundation/Http/Kernel->sendRequestThroughRouter(Object(Illuminate/Http/Request))
#44 C:/xampp/htdocs/PROYECT-MAIN-main/vendor/laravel/framework/src/Illuminate/Foundation/Application.php(1220): Illuminate/Foundation/Http/Kernel->handle(Object(Illuminate/Http/Request))
#45 C:/xampp/htdocs/PROYECT-MAIN-main/public/index.php(20): Illuminate/Foundation/Application->handleRequest(Object(Illuminate/Http/Request))
#46 C:/xampp/htdocs/PROYECT-MAIN-main/vendor/laravel/framework/src/Illuminate/Foundation/resources/server.php(23): require_once('C://xampp//htdocs...')
#47 {main}

[previous exception] [object] (PDOException(code: HY000): SQLSTATE[HY000]: General error: 1 no such column: user_id at C:/xampp/htdocs/PROYECT-MAIN-main/vendor/laravel/framework/src/Illuminate/Database/Connection.php:605)
[stacktrace]
#0 C:/xampp/htdocs/PROYECT-MAIN-main/vendor/laravel/framework/src/Illuminate/Database/Connection.php(605): PDO->prepare('update \"session...')
#1 C:/xampp/htdocs/PROYECT-MAIN-main/vendor/laravel/framework/src/Illuminate/Database/Connection.php(827): Illuminate/Database/Connection->Illuminate/Database/{closure}('update \"session...', Array)
#2 C:/xampp/htdocs/PROYECT-MAIN-main/vendor/laravel/framework/src/Illuminate/Database/Connection.php(794): Illuminate/Database/Connection->runQueryCallback('update \"session...', Array, Object(Closure))
#3 C:/xampp/htdocs/PROYECT-MAIN-main/vendor/laravel/framework/src/Illuminate/Database/Connection.php(597): Illuminate/Database/Connection->run('update \"session...', Array, Object(Closure))
#4 C:/xampp/htdocs/PROYECT-MAIN-main/vendor/laravel/framework/src/Illuminate/Database/Connection.php(549): Illuminate/Database/Connection->affectingStatement('update \"session...', Array)
#5 C:/xampp/htdocs/PROYECT-MAIN-main/vendor/laravel/framework/src/Illuminate/Database/Query/Builder.php(4234): Illuminate/Database/Connection->update('update \"session...', Array)
#6 C:/xampp/htdocs/PROYECT-MAIN-main/vendor/laravel/framework/src/Illuminate/Session/DatabaseSessionHandler.php(172): Illuminate/Database/Query/Builder->update(Object(Illuminate/Support/Collection))
#7 C:/xampp/htdocs/PROYECT-MAIN-main/vendor/laravel/framework/src/Illuminate/Session/DatabaseSessionHandler.php(159): Illuminate/Session/DatabaseSessionHandler->performUpdate('onVjds07HtMmYhU...', Array)
#8 C:/xampp/htdocs/PROYECT-MAIN-main/vendor/laravel/framework/src/Illuminate/Session/DatabaseSessionHandler.php(141): Illuminate/Session/DatabaseSessionHandler->performInsert('onVjds07HtMmYhU...', Array)
#9 C:/xampp/htdocs/PROYECT-MAIN-main/vendor/laravel/framework/src/Illuminate/Session/Store.php(187): Illuminate/Session/DatabaseSessionHandler->write('onVjds07HtMmYhU...', 'a:3:{s:6:\"_toke...')
#10 C:/xampp/htdocs/PROYECT-MAIN-main/vendor/laravel/framework/src/Illuminate/Session/Middleware/StartSession.php(248): Illuminate/Session/Store->save()
#11 C:/xampp/htdocs/PROYECT-MAIN-main/vendor/laravel/framework/src/Illuminate/Session/Middleware/StartSession.php(129): Illuminate/Session/Middleware/StartSession->saveSession(Object(Illuminate/Http/Request))
#12 C:/xampp/htdocs/PROYECT-MAIN-main/vendor/laravel/framework/src/Illuminate/Session/Middleware/StartSession.php(63): Illuminate/Session/Middleware/StartSession->handleStatefulRequest(Object(Illuminate/Http/Request), Object(Illuminate/Session/Store), Object(Closure))
#13 C:/xampp/htdocs/PROYECT-MAIN-main/vendor/laravel/framework/src/Illuminate/Pipeline/Pipeline.php(219): Illuminate/Session/Middleware/StartSession->handle(Object(Illuminate/Http/Request), Object(Closure))
#14 C:/xampp/htdocs/PROYECT-MAIN-main/vendor/laravel/framework/src/Illuminate/Cookie/Middleware/AddQueuedCookiesToResponse.php(36): Illuminate/Pipeline/Pipeline->Illuminate/Pipeline/{closure}(Object(Illuminate/Http/Request))
#15 C:/xampp/htdocs/PROYECT-MAIN-main/vendor/laravel/framework/src/Illuminate/Pipeline/Pipeline.php(219): Illuminate/Cookie/Middleware/AddQueuedCookiesToResponse->handle(Object(Illuminate/Http/Request), Object(Closure))
#16 C:/xampp/htdocs/PROYECT-MAIN-main/vendor/laravel/framework/src/Illuminate/Cookie/Middleware/EncryptCookies.php(74): Illuminate/Pipeline/Pipeline->Illuminate/Pipeline/{closure}(Object(Illuminate/Http/Request))
#17 C:/xampp/htdocs/PROYECT-MAIN-main/vendor/laravel/framework/src/Illuminate/Pipeline/Pipeline.php(219): Illuminate/Cookie/Middleware/EncryptCookies->handle(Object(Illuminate/Http/Request), Object(Closure))
#18 C:/xampp/htdocs/PROYECT-MAIN-main/vendor/laravel/framework/src/Illuminate/Pipeline/Pipeline.php(137): Illuminate/Pipeline/Pipeline->Illuminate/Pipeline/{closure}(Object(Illuminate/Http/Request))
#19 C:/xampp/htdocs/PROYECT-MAIN-main/vendor/laravel/framework/src/Illuminate/Routing/Router.php(821): Illuminate/Pipeline/Pipeline->then(Object(Closure))
#20 C:/xampp/htdocs/PROYECT-MAIN-main/vendor/laravel/framework/src/Illuminate/Routing/Router.php(800): Illuminate/Routing/Router->runRouteWithinStack(Object(Illuminate/Routing/Route), Object(Illuminate/Http/Request))
#21 C:/xampp/htdocs/PROYECT-MAIN-main/vendor/laravel/framework/src/Illuminate/Routing/Router.php(764): Illuminate/Routing/Router->runRoute(Object(Illuminate/Http/Request), Object(Illuminate/Routing/Route))
#22 C:/xampp/htdocs/PROYECT-MAIN-main/vendor/laravel/framework/src/Illuminate/Routing/Router.php(753): Illuminate/Routing/Router->dispatchToRoute(Object(Illuminate/Http/Request))
#23 C:/xampp/htdocs/PROYECT-MAIN-main/vendor/laravel/framework/src/Illuminate/Foundation/Http/Kernel.php(200): Illuminate/Routing/Router->dispatch(Object(Illuminate/Http/Request))
#24 C:/xampp/htdocs/PROYECT-MAIN-main/vendor/laravel/framework/src/Illuminate/Pipeline/Pipeline.php(180): Illuminate/Foundation/Http/Kernel->Illuminate/Foundation/Http/{closure}(Object(Illuminate/Http/Request))
#25 C:/xampp/htdocs/PROYECT-MAIN-main/vendor/laravel/framework/src/Illuminate/Foundation/Http/Middleware/TransformsRequest.php(21): Illuminate/Pipeline/Pipeline->Illuminate/Pipeline/{closure}(Object(Illuminate/Http/Request))
#26 C:/xampp/htdocs/PROYECT-MAIN-main/vendor/laravel/framework/src/Illuminate/Foundation/Http/Middleware/ConvertEmptyStringsToNull.php(31): Illuminate/Foundation/Http/Middleware/TransformsRequest->handle(Object(Illuminate/Http/Request), Object(Closure))
#27 C:/xampp/htdocs/PROYECT-MAIN-main/vendor/laravel/framework/src/Illuminate/Pipeline/Pipeline.php(219): Illuminate/Foundation/Http/Middleware/ConvertEmptyStringsToNull->handle(Object(Illuminate/Http/Request), Object(Closure))
#28 C:/xampp/htdocs/PROYECT-MAIN-main/vendor/laravel/framework/src/Illuminate/Foundation/Http/Middleware/TransformsRequest.php(21): Illuminate/Pipeline/Pipeline->Illuminate/Pipeline/{closure}(Object(Illuminate/Http/Request))
#29 C:/xampp/htdocs/PROYECT-MAIN-main/vendor/laravel/framework/src/Illuminate/Foundation/Http/Middleware/TrimStrings.php(51): Illuminate/Foundation/Http/Middleware/TransformsRequest->handle(Object(Illuminate/Http/Request), Object(Closure))
#30 C:/xampp/htdocs/PROYECT-MAIN-main/vendor/laravel/framework/src/Illuminate/Pipeline/Pipeline.php(219): Illuminate/Foundation/Http/Middleware/TrimStrings->handle(Object(Illuminate/Http/Request), Object(Closure))
#31 C:/xampp/htdocs/PROYECT-MAIN-main/vendor/laravel/framework/src/Illuminate/Http/Middleware/ValidatePostSize.php(27): Illuminate/Pipeline/Pipeline->Illuminate/Pipeline/{closure}(Object(Illuminate/Http/Request))
#32 C:/xampp/htdocs/PROYECT-MAIN-main/vendor/laravel/framework/src/Illuminate/Pipeline/Pipeline.php(219): Illuminate/Http/Middleware/ValidatePostSize->handle(Object(Illuminate/Http/Request), Object(Closure))
#33 C:/xampp/htdocs/PROYECT-MAIN-main/vendor/laravel/framework/src/Illuminate/Foundation/Http/Middleware/PreventRequestsDuringMaintenance.php(109): Illuminate/Pipeline/Pipeline->Illuminate/Pipeline/{closure}(Object(Illuminate/Http/Request))
#34 C:/xampp/htdocs/PROYECT-MAIN-main/vendor/laravel/framework/src/Illuminate/Pipeline/Pipeline.php(219): Illuminate/Foundation/Http/Middleware/PreventRequestsDuringMaintenance->handle(Object(Illuminate/Http/Request), Object(Closure))
#35 C:/xampp/htdocs/PROYECT-MAIN-main/vendor/laravel/framework/src/Illuminate/Http/Middleware/HandleCors.php(61): Illuminate/Pipeline/Pipeline->Illuminate/Pipeline/{closure}(Object(Illuminate/Http/Request))
#36 C:/xampp/htdocs/PROYECT-MAIN-main/vendor/laravel/framework/src/Illuminate/Pipeline/Pipeline.php(219): Illuminate/Http/Middleware/HandleCors->handle(Object(Illuminate/Http/Request), Object(Closure))
#37 C:/xampp/htdocs/PROYECT-MAIN-main/vendor/laravel/framework/src/Illuminate/Http/Middleware/TrustProxies.php(58): Illuminate/Pipeline/Pipeline->Illuminate/Pipeline/{closure}(Object(Illuminate/Http/Request))
#38 C:/xampp/htdocs/PROYECT-MAIN-main/vendor/laravel/framework/src/Illuminate/Pipeline/Pipeline.php(219): Illuminate/Http/Middleware/TrustProxies->handle(Object(Illuminate/Http/Request), Object(Closure))
#39 C:/xampp/htdocs/PROYECT-MAIN-main/vendor/laravel/framework/src/Illuminate/Foundation/Http/Middleware/InvokeDeferredCallbacks.php(22): Illuminate/Pipeline/Pipeline->Illuminate/Pipeline/{closure}(Object(Illuminate/Http/Request))
#40 C:/xampp/htdocs/PROYECT-MAIN-main/vendor/laravel/framework/src/Illuminate/Pipeline/Pipeline.php(219): Illuminate/Foundation/Http/Middleware/InvokeDeferredCallbacks->handle(Object(Illuminate/Http/Request), Object(Closure))
#41 C:/xampp/htdocs/PROYECT-MAIN-main/vendor/laravel/framework/src/Illuminate/Http/Middleware/ValidatePathEncoding.php(26): Illuminate/Pipeline/Pipeline->Illuminate/Pipeline/{closure}(Object(Illuminate/Http/Request))
#42 C:/xampp/htdocs/PROYECT-MAIN-main/vendor/laravel/framework/src/Illuminate/Pipeline/Pipeline.php(219): Illuminate/Http/Middleware/ValidatePathEncoding->handle(Object(Illuminate/Http/Request), Object(Closure))
#43 C:/xampp/htdocs/PROYECT-MAIN-main/vendor/laravel/framework/src/Illuminate/Pipeline/Pipeline.php(137): Illuminate/Pipeline/Pipeline->Illuminate/Pipeline/{closure}(Object(Illuminate/Http/Request))
#44 C:/xampp/htdocs/PROYECT-MAIN-main/vendor/laravel/framework/src/Illuminate/Foundation/Http/Kernel.php(175): Illuminate/Pipeline/Pipeline->then(Object(Closure))
#45 C:/xampp/htdocs/PROYECT-MAIN-main/vendor/laravel/framework/src/Illuminate/Foundation/Http/Kernel.php(144): Illuminate/Foundation/Http/Kernel->sendRequestThroughRouter(Object(Illuminate/Http/Request))
#46 C:/xampp/htdocs/PROYECT-MAIN-main/vendor/laravel/framework/src/Illuminate/Foundation/Application.php(1220): Illuminate/Foundation/Http/Kernel->handle(Object(Illuminate/Http/Request))
#47 C:/xampp/htdocs/PROYECT-MAIN-main/public/index.php(20): Illuminate/Foundation/Application->handleRequest(Object(Illuminate/Http/Request))
#48 C:/xampp/htdocs/PROYECT-MAIN-main/vendor/laravel/framework/src/Illuminate/Foundation/resources/server.php(23): require_once('C://xampp//htdocs...')
#49 {main}
"} 
[2026-06-04 19:03:07] local.ERROR: SQLSTATE[HY000]: General error: 1 no such table: appointments (Connection: sqlite, Database: C:\xampp\htdocs\PROYECT-MAIN-main\database\database.sqlite, SQL: alter table "appointments" add column "status" varchar check ("status" in ('pendiente', 'confirmada', 'cancelada')) not null default 'pendiente') {"exception":"[object] (Illuminate\\Database\\QueryException(code: HY000): SQLSTATE[HY000]: General error: 1 no such table: appointments (Connection: sqlite, Database: C:\\xampp\\htdocs\\PROYECT-MAIN-main\\database\\database.sqlite, SQL: alter table \"appointments\" add column \"status\" varchar check (\"status\" in ('pendiente', 'confirmada', 'cancelada')) not null default 'pendiente') at C:/xampp/htdocs/PROYECT-MAIN-main/vendor/laravel/framework/src/Illuminate/Database/Connection.php:838)
[stacktrace]
#0 C:/xampp/htdocs/PROYECT-MAIN-main/vendor/laravel/framework/src/Illuminate/Database/Connection.php(794): Illuminate/Database/Connection->runQueryCallback('alter table \"ap...', Array, Object(Closure))
#1 C:/xampp/htdocs/PROYECT-MAIN-main/vendor/laravel/framework/src/Illuminate/Database/Connection.php(573): Illuminate/Database/Connection->run('alter table \"ap...', Array, Object(Closure))
#2 C:/xampp/htdocs/PROYECT-MAIN-main/vendor/laravel/framework/src/Illuminate/Database/Schema/Blueprint.php(121): Illuminate/Database/Connection->statement('alter table \"ap...')
#3 C:/xampp/htdocs/PROYECT-MAIN-main/vendor/laravel/framework/src/Illuminate/Database/Schema/Builder.php(686): Illuminate/Database/Schema/Blueprint->build()
#4 C:/xampp/htdocs/PROYECT-MAIN-main/vendor/laravel/framework/src/Illuminate/Database/Schema/Builder.php(494): Illuminate/Database/Schema/Builder->build(Object(Illuminate/Database/Schema/Blueprint))
#5 C:/xampp/htdocs/PROYECT-MAIN-main/vendor/laravel/framework/src/Illuminate/Support/Facades/Facade.php(363): Illuminate/Database/Schema/Builder->table('appointments', Object(Closure))
#6 C:/xampp/htdocs/PROYECT-MAIN-main/database/migrations/2026_05_25_213751_create_appointments_table.php(31): Illuminate/Support/Facades/Facade::__callStatic('table', Array)
#7 C:/xampp/htdocs/PROYECT-MAIN-main/vendor/laravel/framework/src/Illuminate/Database/Schema/Builder.php(509): Illuminate/Database/Migrations/Migration@anonymous->{closure}(Object(Illuminate/Database/Schema/Blueprint))
#8 C:/xampp/htdocs/PROYECT-MAIN-main/vendor/laravel/framework/src/Illuminate/Support/helpers.php(393): Illuminate/Database/Schema/Builder->Illuminate/Database/Schema/{closure}(Object(Illuminate/Database/Schema/Blueprint))
#9 C:/xampp/htdocs/PROYECT-MAIN-main/vendor/laravel/framework/src/Illuminate/Database/Schema/Builder.php(506): tap(Object(Illuminate/Database/Schema/Blueprint), Object(Closure))
#10 C:/xampp/htdocs/PROYECT-MAIN-main/vendor/laravel/framework/src/Illuminate/Support/Facades/Facade.php(363): Illuminate/Database/Schema/Builder->create('appointments', Object(Closure))
#11 C:/xampp/htdocs/PROYECT-MAIN-main/database/migrations/2026_05_25_213751_create_appointments_table.php(14): Illuminate/Support/Facades/Facade::__callStatic('create', Array)
#12 C:/xampp/htdocs/PROYECT-MAIN-main/vendor/laravel/framework/src/Illuminate/Database/Migrations/Migrator.php(517): Illuminate/Database/Migrations/Migration@anonymous->up()
#13 C:/xampp/htdocs/PROYECT-MAIN-main/vendor/laravel/framework/src/Illuminate/Database/Migrations/Migrator.php(442): Illuminate/Database/Migrations/Migrator->runMethod(Object(Illuminate/Database/SQLiteConnection), Object(Illuminate/Database/Migrations/Migration@anonymous), 'up')
#14 C:/xampp/htdocs/PROYECT-MAIN-main/vendor/laravel/framework/src/Illuminate/Database/Migrations/Migrator.php(451): Illuminate/Database/Migrations/Migrator->Illuminate/Database/Migrations/{closure}()
#15 C:/xampp/htdocs/PROYECT-MAIN-main/vendor/laravel/framework/src/Illuminate/Database/Migrations/Migrator.php(253): Illuminate/Database/Migrations/Migrator->runMigration(Object(Illuminate/Database/Migrations/Migration@anonymous), 'up')
#16 C:/xampp/htdocs/PROYECT-MAIN-main/vendor/laravel/framework/src/Illuminate/Console/View/Components/Task.php(41): Illuminate/Database/Migrations/Migrator->Illuminate/Database/Migrations/{closure}()
#17 C:/xampp/htdocs/PROYECT-MAIN-main/vendor/laravel/framework/src/Illuminate/Database/Migrations/Migrator.php(814): Illuminate/Console/View/Components/Task->render('2026_05_25_2137...', Object(Closure))
#18 C:/xampp/htdocs/PROYECT-MAIN-main/vendor/laravel/framework/src/Illuminate/Database/Migrations/Migrator.php(253): Illuminate/Database/Migrations/Migrator->write('Illuminate//Cons...', '2026_05_25_2137...', Object(Closure))
#19 C:/xampp/htdocs/PROYECT-MAIN-main/vendor/laravel/framework/src/Illuminate/Database/Migrations/Migrator.php(211): Illuminate/Database/Migrations/Migrator->runUp('C://xampp//htdocs...', 2, false)
#20 C:/xampp/htdocs/PROYECT-MAIN-main/vendor/laravel/framework/src/Illuminate/Database/Migrations/Migrator.php(138): Illuminate/Database/Migrations/Migrator->runPending(Array, Array)
#21 C:/xampp/htdocs/PROYECT-MAIN-main/vendor/laravel/framework/src/Illuminate/Database/Console/Migrations/MigrateCommand.php(116): Illuminate/Database/Migrations/Migrator->run(Array, Array)
#22 C:/xampp/htdocs/PROYECT-MAIN-main/vendor/laravel/framework/src/Illuminate/Database/Migrations/Migrator.php(671): Illuminate/Database/Console/Migrations/MigrateCommand->Illuminate/Database/Console/Migrations/{closure}()
#23 C:/xampp/htdocs/PROYECT-MAIN-main/vendor/laravel/framework/src/Illuminate/Database/Console/Migrations/MigrateCommand.php(109): Illuminate/Database/Migrations/Migrator->usingConnection(NULL, Object(Closure))
#24 C:/xampp/htdocs/PROYECT-MAIN-main/vendor/laravel/framework/src/Illuminate/Database/Console/Migrations/MigrateCommand.php(88): Illuminate/Database/Console/Migrations/MigrateCommand->runMigrations()
#25 C:/xampp/htdocs/PROYECT-MAIN-main/vendor/laravel/framework/src/Illuminate/Container/BoundMethod.php(36): Illuminate/Database/Console/Migrations/MigrateCommand->handle()
#26 C:/xampp/htdocs/PROYECT-MAIN-main/vendor/laravel/framework/src/Illuminate/Container/Util.php(43): Illuminate/Container/BoundMethod::Illuminate/Container/{closure}()
#27 C:/xampp/htdocs/PROYECT-MAIN-main/vendor/laravel/framework/src/Illuminate/Container/BoundMethod.php(96): Illuminate/Container/Util::unwrapIfClosure(Object(Closure))
#28 C:/xampp/htdocs/PROYECT-MAIN-main/vendor/laravel/framework/src/Illuminate/Container/BoundMethod.php(35): Illuminate/Container/BoundMethod::callBoundMethod(Object(Illuminate/Foundation/Application), Array, Object(Closure))
#29 C:/xampp/htdocs/PROYECT-MAIN-main/vendor/laravel/framework/src/Illuminate/Container/Container.php(799): Illuminate/Container/BoundMethod::call(Object(Illuminate/Foundation/Application), Array, Array, NULL)
#30 C:/xampp/htdocs/PROYECT-MAIN-main/vendor/laravel/framework/src/Illuminate/Console/Command.php(211): Illuminate/Container/Container->call(Array)
#31 C:/xampp/htdocs/PROYECT-MAIN-main/vendor/symfony/console/Command/Command.php(341): Illuminate/Console/Command->execute(Object(Symfony/Component/Console/Input/ArgvInput), Object(Illuminate/Console/OutputStyle))
#32 C:/xampp/htdocs/PROYECT-MAIN-main/vendor/laravel/framework/src/Illuminate/Console/Command.php(180): Symfony/Component/Console/Command/Command->run(Object(Symfony/Component/Console/Input/ArgvInput), Object(Illuminate/Console/OutputStyle))
#33 C:/xampp/htdocs/PROYECT-MAIN-main/vendor/symfony/console/Application.php(1117): Illuminate/Console/Command->run(Object(Symfony/Component/Console/Input/ArgvInput), Object(Symfony/Component/Console/Output/ConsoleOutput))
#34 C:/xampp/htdocs/PROYECT-MAIN-main/vendor/symfony/console/Application.php(356): Symfony/Component/Console/Application->doRunCommand(Object(Illuminate/Database/Console/Migrations/MigrateCommand), Object(Symfony/Component/Console/Input/ArgvInput), Object(Symfony/Component/Console/Output/ConsoleOutput))
#35 C:/xampp/htdocs/PROYECT-MAIN-main/vendor/symfony/console/Application.php(195): Symfony/Component/Console/Application->doRun(Object(Symfony/Component/Console/Input/ArgvInput), Object(Symfony/Component/Console/Output/ConsoleOutput))
#36 C:/xampp/htdocs/PROYECT-MAIN-main/vendor/laravel/framework/src/Illuminate/Foundation/Console/Kernel.php(198): Symfony/Component/Console/Application->run(Object(Symfony/Component/Console/Input/ArgvInput), Object(Symfony/Component/Console/Output/ConsoleOutput))
#37 C:/xampp/htdocs/PROYECT-MAIN-main/vendor/laravel/framework/src/Illuminate/Foundation/Application.php(1235): Illuminate/Foundation/Console/Kernel->handle(Object(Symfony/Component/Console/Input/ArgvInput), Object(Symfony/Component/Console/Output/ConsoleOutput))
#38 C:/xampp/htdocs/PROYECT-MAIN-main/artisan(16): Illuminate/Foundation/Application->handleCommand(Object(Symfony/Component/Console/Input/ArgvInput))
#39 {main}

[previous exception] [object] (PDOException(code: HY000): SQLSTATE[HY000]: General error: 1 no such table: appointments at C:/xampp/htdocs/PROYECT-MAIN-main/vendor/laravel/framework/src/Illuminate/Database/Connection.php:578)
[stacktrace]
#0 C:/xampp/htdocs/PROYECT-MAIN-main/vendor/laravel/framework/src/Illuminate/Database/Connection.php(578): PDO->prepare('alter table \"ap...')
#1 C:/xampp/htdocs/PROYECT-MAIN-main/vendor/laravel/framework/src/Illuminate/Database/Connection.php(827): Illuminate/Database/Connection->Illuminate/Database/{closure}('alter table \"ap...', Array)
#2 C:/xampp/htdocs/PROYECT-MAIN-main/vendor/laravel/framework/src/Illuminate/Database/Connection.php(794): Illuminate/Database/Connection->runQueryCallback('alter table \"ap...', Array, Object(Closure))
#3 C:/xampp/htdocs/PROYECT-MAIN-main/vendor/laravel/framework/src/Illuminate/Database/Connection.php(573): Illuminate/Database/Connection->run('alter table \"ap...', Array, Object(Closure))
#4 C:/xampp/htdocs/PROYECT-MAIN-main/vendor/laravel/framework/src/Illuminate/Database/Schema/Blueprint.php(121): Illuminate/Database/Connection->statement('alter table \"ap...')
#5 C:/xampp/htdocs/PROYECT-MAIN-main/vendor/laravel/framework/src/Illuminate/Database/Schema/Builder.php(686): Illuminate/Database/Schema/Blueprint->build()
#6 C:/xampp/htdocs/PROYECT-MAIN-main/vendor/laravel/framework/src/Illuminate/Database/Schema/Builder.php(494): Illuminate/Database/Schema/Builder->build(Object(Illuminate/Database/Schema/Blueprint))
#7 C:/xampp/htdocs/PROYECT-MAIN-main/vendor/laravel/framework/src/Illuminate/Support/Facades/Facade.php(363): Illuminate/Database/Schema/Builder->table('appointments', Object(Closure))
#8 C:/xampp/htdocs/PROYECT-MAIN-main/database/migrations/2026_05_25_213751_create_appointments_table.php(31): Illuminate/Support/Facades/Facade::__callStatic('table', Array)
#9 C:/xampp/htdocs/PROYECT-MAIN-main/vendor/laravel/framework/src/Illuminate/Database/Schema/Builder.php(509): Illuminate/Database/Migrations/Migration@anonymous->{closure}(Object(Illuminate/Database/Schema/Blueprint))
#10 C:/xampp/htdocs/PROYECT-MAIN-main/vendor/laravel/framework/src/Illuminate/Support/helpers.php(393): Illuminate/Database/Schema/Builder->Illuminate/Database/Schema/{closure}(Object(Illuminate/Database/Schema/Blueprint))
#11 C:/xampp/htdocs/PROYECT-MAIN-main/vendor/laravel/framework/src/Illuminate/Database/Schema/Builder.php(506): tap(Object(Illuminate/Database/Schema/Blueprint), Object(Closure))
#12 C:/xampp/htdocs/PROYECT-MAIN-main/vendor/laravel/framework/src/Illuminate/Support/Facades/Facade.php(363): Illuminate/Database/Schema/Builder->create('appointments', Object(Closure))
#13 C:/xampp/htdocs/PROYECT-MAIN-main/database/migrations/2026_05_25_213751_create_appointments_table.php(14): Illuminate/Support/Facades/Facade::__callStatic('create', Array)
#14 C:/xampp/htdocs/PROYECT-MAIN-main/vendor/laravel/framework/src/Illuminate/Database/Migrations/Migrator.php(517): Illuminate/Database/Migrations/Migration@anonymous->up()
#15 C:/xampp/htdocs/PROYECT-MAIN-main/vendor/laravel/framework/src/Illuminate/Database/Migrations/Migrator.php(442): Illuminate/Database/Migrations/Migrator->runMethod(Object(Illuminate/Database/SQLiteConnection), Object(Illuminate/Database/Migrations/Migration@anonymous), 'up')
#16 C:/xampp/htdocs/PROYECT-MAIN-main/vendor/laravel/framework/src/Illuminate/Database/Migrations/Migrator.php(451): Illuminate/Database/Migrations/Migrator->Illuminate/Database/Migrations/{closure}()
#17 C:/xampp/htdocs/PROYECT-MAIN-main/vendor/laravel/framework/src/Illuminate/Database/Migrations/Migrator.php(253): Illuminate/Database/Migrations/Migrator->runMigration(Object(Illuminate/Database/Migrations/Migration@anonymous), 'up')
#18 C:/xampp/htdocs/PROYECT-MAIN-main/vendor/laravel/framework/src/Illuminate/Console/View/Components/Task.php(41): Illuminate/Database/Migrations/Migrator->Illuminate/Database/Migrations/{closure}()
#19 C:/xampp/htdocs/PROYECT-MAIN-main/vendor/laravel/framework/src/Illuminate/Database/Migrations/Migrator.php(814): Illuminate/Console/View/Components/Task->render('2026_05_25_2137...', Object(Closure))
#20 C:/xampp/htdocs/PROYECT-MAIN-main/vendor/laravel/framework/src/Illuminate/Database/Migrations/Migrator.php(253): Illuminate/Database/Migrations/Migrator->write('Illuminate//Cons...', '2026_05_25_2137...', Object(Closure))
#21 C:/xampp/htdocs/PROYECT-MAIN-main/vendor/laravel/framework/src/Illuminate/Database/Migrations/Migrator.php(211): Illuminate/Database/Migrations/Migrator->runUp('C://xampp//htdocs...', 2, false)
#22 C:/xampp/htdocs/PROYECT-MAIN-main/vendor/laravel/framework/src/Illuminate/Database/Migrations/Migrator.php(138): Illuminate/Database/Migrations/Migrator->runPending(Array, Array)
#23 C:/xampp/htdocs/PROYECT-MAIN-main/vendor/laravel/framework/src/Illuminate/Database/Console/Migrations/MigrateCommand.php(116): Illuminate/Database/Migrations/Migrator->run(Array, Array)
#24 C:/xampp/htdocs/PROYECT-MAIN-main/vendor/laravel/framework/src/Illuminate/Database/Migrations/Migrator.php(671): Illuminate/Database/Console/Migrations/MigrateCommand->Illuminate/Database/Console/Migrations/{closure}()
#25 C:/xampp/htdocs/PROYECT-MAIN-main/vendor/laravel/framework/src/Illuminate/Database/Console/Migrations/MigrateCommand.php(109): Illuminate/Database/Migrations/Migrator->usingConnection(NULL, Object(Closure))
#26 C:/xampp/htdocs/PROYECT-MAIN-main/vendor/laravel/framework/src/Illuminate/Database/Console/Migrations/MigrateCommand.php(88): Illuminate/Database/Console/Migrations/MigrateCommand->runMigrations()
#27 C:/xampp/htdocs/PROYECT-MAIN-main/vendor/laravel/framework/src/Illuminate/Container/BoundMethod.php(36): Illuminate/Database/Console/Migrations/MigrateCommand->handle()
#28 C:/xampp/htdocs/PROYECT-MAIN-main/vendor/laravel/framework/src/Illuminate/Container/Util.php(43): Illuminate/Container/BoundMethod::Illuminate/Container/{closure}()
#29 C:/xampp/htdocs/PROYECT-MAIN-main/vendor/laravel/framework/src/Illuminate/Container/BoundMethod.php(96): Illuminate/Container/Util::unwrapIfClosure(Object(Closure))
#30 C:/xampp/htdocs/PROYECT-MAIN-main/vendor/laravel/framework/src/Illuminate/Container/BoundMethod.php(35): Illuminate/Container/BoundMethod::callBoundMethod(Object(Illuminate/Foundation/Application), Array, Object(Closure))
#31 C:/xampp/htdocs/PROYECT-MAIN-main/vendor/laravel/framework/src/Illuminate/Container/Container.php(799): Illuminate/Container/BoundMethod::call(Object(Illuminate/Foundation/Application), Array, Array, NULL)
#32 C:/xampp/htdocs/PROYECT-MAIN-main/vendor/laravel/framework/src/Illuminate/Console/Command.php(211): Illuminate/Container/Container->call(Array)
#33 C:/xampp/htdocs/PROYECT-MAIN-main/vendor/symfony/console/Command/Command.php(341): Illuminate/Console/Command->execute(Object(Symfony/Component/Console/Input/ArgvInput), Object(Illuminate/Console/OutputStyle))
#34 C:/xampp/htdocs/PROYECT-MAIN-main/vendor/laravel/framework/src/Illuminate/Console/Command.php(180): Symfony/Component/Console/Command/Command->run(Object(Symfony/Component/Console/Input/ArgvInput), Object(Illuminate/Console/OutputStyle))
#35 C:/xampp/htdocs/PROYECT-MAIN-main/vendor/symfony/console/Application.php(1117): Illuminate/Console/Command->run(Object(Symfony/Component/Console/Input/ArgvInput), Object(Symfony/Component/Console/Output/ConsoleOutput))
#36 C:/xampp/htdocs/PROYECT-MAIN-main/vendor/symfony/console/Application.php(356): Symfony/Component/Console/Application->doRunCommand(Object(Illuminate/Database/Console/Migrations/MigrateCommand), Object(Symfony/Component/Console/Input/ArgvInput), Object(Symfony/Component/Console/Output/ConsoleOutput))
#37 C:/xampp/htdocs/PROYECT-MAIN-main/vendor/symfony/console/Application.php(195): Symfony/Component/Console/Application->doRun(Object(Symfony/Component/Console/Input/ArgvInput), Object(Symfony/Component/Console/Output/ConsoleOutput))
#38 C:/xampp/htdocs/PROYECT-MAIN-main/vendor/laravel/framework/src/Illuminate/Foundation/Console/Kernel.php(198): Symfony/Component/Console/Application->run(Object(Symfony/Component/Console/Input/ArgvInput), Object(Symfony/Component/Console/Output/ConsoleOutput))
#39 C:/xampp/htdocs/PROYECT-MAIN-main/vendor/laravel/framework/src/Illuminate/Foundation/Application.php(1235): Illuminate/Foundation/Console/Kernel->handle(Object(Symfony/Component/Console/Input/ArgvInput), Object(Symfony/Component/Console/Output/ConsoleOutput))
#40 C:/xampp/htdocs/PROYECT-MAIN-main/artisan(16): Illuminate/Foundation/Application->handleCommand(Object(Symfony/Component/Console/Input/ArgvInput))
#41 {main}
"} 
[2026-06-04 19:09:14] local.ERROR: SQLSTATE[HY000]: General error: 1 no such table: appointments (Connection: sqlite, Database: C:\xampp\htdocs\PROYECT-MAIN-main\database\database.sqlite, SQL: alter table "appointments" add column "status" varchar check ("status" in ('pendiente', 'confirmada', 'cancelada')) not null default 'pendiente') {"exception":"[object] (Illuminate\\Database\\QueryException(code: HY000): SQLSTATE[HY000]: General error: 1 no such table: appointments (Connection: sqlite, Database: C:\\xampp\\htdocs\\PROYECT-MAIN-main\\database\\database.sqlite, SQL: alter table \"appointments\" add column \"status\" varchar check (\"status\" in ('pendiente', 'confirmada', 'cancelada')) not null default 'pendiente') at C:/xampp/htdocs/PROYECT-MAIN-main/vendor/laravel/framework/src/Illuminate/Database/Connection.php:838)
[stacktrace]
#0 C:/xampp/htdocs/PROYECT-MAIN-main/vendor/laravel/framework/src/Illuminate/Database/Connection.php(794): Illuminate/Database/Connection->runQueryCallback('alter table \"ap...', Array, Object(Closure))
#1 C:/xampp/htdocs/PROYECT-MAIN-main/vendor/laravel/framework/src/Illuminate/Database/Connection.php(573): Illuminate/Database/Connection->run('alter table \"ap...', Array, Object(Closure))
#2 C:/xampp/htdocs/PROYECT-MAIN-main/vendor/laravel/framework/src/Illuminate/Database/Schema/Blueprint.php(121): Illuminate/Database/Connection->statement('alter table \"ap...')
#3 C:/xampp/htdocs/PROYECT-MAIN-main/vendor/laravel/framework/src/Illuminate/Database/Schema/Builder.php(686): Illuminate/Database/Schema/Blueprint->build()
#4 C:/xampp/htdocs/PROYECT-MAIN-main/vendor/laravel/framework/src/Illuminate/Database/Schema/Builder.php(494): Illuminate/Database/Schema/Builder->build(Object(Illuminate/Database/Schema/Blueprint))
#5 C:/xampp/htdocs/PROYECT-MAIN-main/vendor/laravel/framework/src/Illuminate/Support/Facades/Facade.php(363): Illuminate/Database/Schema/Builder->table('appointments', Object(Closure))
#6 C:/xampp/htdocs/PROYECT-MAIN-main/database/migrations/2026_05_25_213751_create_appointments_table.php(31): Illuminate/Support/Facades/Facade::__callStatic('table', Array)
#7 C:/xampp/htdocs/PROYECT-MAIN-main/vendor/laravel/framework/src/Illuminate/Database/Schema/Builder.php(509): Illuminate/Database/Migrations/Migration@anonymous->{closure}(Object(Illuminate/Database/Schema/Blueprint))
#8 C:/xampp/htdocs/PROYECT-MAIN-main/vendor/laravel/framework/src/Illuminate/Support/helpers.php(393): Illuminate/Database/Schema/Builder->Illuminate/Database/Schema/{closure}(Object(Illuminate/Database/Schema/Blueprint))
#9 C:/xampp/htdocs/PROYECT-MAIN-main/vendor/laravel/framework/src/Illuminate/Database/Schema/Builder.php(506): tap(Object(Illuminate/Database/Schema/Blueprint), Object(Closure))
#10 C:/xampp/htdocs/PROYECT-MAIN-main/vendor/laravel/framework/src/Illuminate/Support/Facades/Facade.php(363): Illuminate/Database/Schema/Builder->create('appointments', Object(Closure))
#11 C:/xampp/htdocs/PROYECT-MAIN-main/database/migrations/2026_05_25_213751_create_appointments_table.php(14): Illuminate/Support/Facades/Facade::__callStatic('create', Array)
#12 C:/xampp/htdocs/PROYECT-MAIN-main/vendor/laravel/framework/src/Illuminate/Database/Migrations/Migrator.php(517): Illuminate/Database/Migrations/Migration@anonymous->up()
#13 C:/xampp/htdocs/PROYECT-MAIN-main/vendor/laravel/framework/src/Illuminate/Database/Migrations/Migrator.php(442): Illuminate/Database/Migrations/Migrator->runMethod(Object(Illuminate/Database/SQLiteConnection), Object(Illuminate/Database/Migrations/Migration@anonymous), 'up')
#14 C:/xampp/htdocs/PROYECT-MAIN-main/vendor/laravel/framework/src/Illuminate/Database/Migrations/Migrator.php(451): Illuminate/Database/Migrations/Migrator->Illuminate/Database/Migrations/{closure}()
#15 C:/xampp/htdocs/PROYECT-MAIN-main/vendor/laravel/framework/src/Illuminate/Database/Migrations/Migrator.php(253): Illuminate/Database/Migrations/Migrator->runMigration(Object(Illuminate/Database/Migrations/Migration@anonymous), 'up')
#16 C:/xampp/htdocs/PROYECT-MAIN-main/vendor/laravel/framework/src/Illuminate/Console/View/Components/Task.php(41): Illuminate/Database/Migrations/Migrator->Illuminate/Database/Migrations/{closure}()
#17 C:/xampp/htdocs/PROYECT-MAIN-main/vendor/laravel/framework/src/Illuminate/Database/Migrations/Migrator.php(814): Illuminate/Console/View/Components/Task->render('2026_05_25_2137...', Object(Closure))
#18 C:/xampp/htdocs/PROYECT-MAIN-main/vendor/laravel/framework/src/Illuminate/Database/Migrations/Migrator.php(253): Illuminate/Database/Migrations/Migrator->write('Illuminate//Cons...', '2026_05_25_2137...', Object(Closure))
#19 C:/xampp/htdocs/PROYECT-MAIN-main/vendor/laravel/framework/src/Illuminate/Database/Migrations/Migrator.php(211): Illuminate/Database/Migrations/Migrator->runUp('C://xampp//htdocs...', 2, false)
#20 C:/xampp/htdocs/PROYECT-MAIN-main/vendor/laravel/framework/src/Illuminate/Database/Migrations/Migrator.php(138): Illuminate/Database/Migrations/Migrator->runPending(Array, Array)
#21 C:/xampp/htdocs/PROYECT-MAIN-main/vendor/laravel/framework/src/Illuminate/Database/Console/Migrations/MigrateCommand.php(116): Illuminate/Database/Migrations/Migrator->run(Array, Array)
#22 C:/xampp/htdocs/PROYECT-MAIN-main/vendor/laravel/framework/src/Illuminate/Database/Migrations/Migrator.php(671): Illuminate/Database/Console/Migrations/MigrateCommand->Illuminate/Database/Console/Migrations/{closure}()
#23 C:/xampp/htdocs/PROYECT-MAIN-main/vendor/laravel/framework/src/Illuminate/Database/Console/Migrations/MigrateCommand.php(109): Illuminate/Database/Migrations/Migrator->usingConnection(NULL, Object(Closure))
#24 C:/xampp/htdocs/PROYECT-MAIN-main/vendor/laravel/framework/src/Illuminate/Database/Console/Migrations/MigrateCommand.php(88): Illuminate/Database/Console/Migrations/MigrateCommand->runMigrations()
#25 C:/xampp/htdocs/PROYECT-MAIN-main/vendor/laravel/framework/src/Illuminate/Container/BoundMethod.php(36): Illuminate/Database/Console/Migrations/MigrateCommand->handle()
#26 C:/xampp/htdocs/PROYECT-MAIN-main/vendor/laravel/framework/src/Illuminate/Container/Util.php(43): Illuminate/Container/BoundMethod::Illuminate/Container/{closure}()
#27 C:/xampp/htdocs/PROYECT-MAIN-main/vendor/laravel/framework/src/Illuminate/Container/BoundMethod.php(96): Illuminate/Container/Util::unwrapIfClosure(Object(Closure))
#28 C:/xampp/htdocs/PROYECT-MAIN-main/vendor/laravel/framework/src/Illuminate/Container/BoundMethod.php(35): Illuminate/Container/BoundMethod::callBoundMethod(Object(Illuminate/Foundation/Application), Array, Object(Closure))
#29 C:/xampp/htdocs/PROYECT-MAIN-main/vendor/laravel/framework/src/Illuminate/Container/Container.php(799): Illuminate/Container/BoundMethod::call(Object(Illuminate/Foundation/Application), Array, Array, NULL)
#30 C:/xampp/htdocs/PROYECT-MAIN-main/vendor/laravel/framework/src/Illuminate/Console/Command.php(211): Illuminate/Container/Container->call(Array)
#31 C:/xampp/htdocs/PROYECT-MAIN-main/vendor/symfony/console/Command/Command.php(341): Illuminate/Console/Command->execute(Object(Symfony/Component/Console/Input/ArgvInput), Object(Illuminate/Console/OutputStyle))
#32 C:/xampp/htdocs/PROYECT-MAIN-main/vendor/laravel/framework/src/Illuminate/Console/Command.php(180): Symfony/Component/Console/Command/Command->run(Object(Symfony/Component/Console/Input/ArgvInput), Object(Illuminate/Console/OutputStyle))
#33 C:/xampp/htdocs/PROYECT-MAIN-main/vendor/symfony/console/Application.php(1117): Illuminate/Console/Command->run(Object(Symfony/Component/Console/Input/ArgvInput), Object(Symfony/Component/Console/Output/ConsoleOutput))
#34 C:/xampp/htdocs/PROYECT-MAIN-main/vendor/symfony/console/Application.php(356): Symfony/Component/Console/Application->doRunCommand(Object(Illuminate/Database/Console/Migrations/MigrateCommand), Object(Symfony/Component/Console/Input/ArgvInput), Object(Symfony/Component/Console/Output/ConsoleOutput))
#35 C:/xampp/htdocs/PROYECT-MAIN-main/vendor/symfony/console/Application.php(195): Symfony/Component/Console/Application->doRun(Object(Symfony/Component/Console/Input/ArgvInput), Object(Symfony/Component/Console/Output/ConsoleOutput))
#36 C:/xampp/htdocs/PROYECT-MAIN-main/vendor/laravel/framework/src/Illuminate/Foundation/Console/Kernel.php(198): Symfony/Component/Console/Application->run(Object(Symfony/Component/Console/Input/ArgvInput), Object(Symfony/Component/Console/Output/ConsoleOutput))
#37 C:/xampp/htdocs/PROYECT-MAIN-main/vendor/laravel/framework/src/Illuminate/Foundation/Application.php(1235): Illuminate/Foundation/Console/Kernel->handle(Object(Symfony/Component/Console/Input/ArgvInput), Object(Symfony/Component/Console/Output/ConsoleOutput))
#38 C:/xampp/htdocs/PROYECT-MAIN-main/artisan(16): Illuminate/Foundation/Application->handleCommand(Object(Symfony/Component/Console/Input/ArgvInput))
#39 {main}

[previous exception] [object] (PDOException(code: HY000): SQLSTATE[HY000]: General error: 1 no such table: appointments at C:/xampp/htdocs/PROYECT-MAIN-main/vendor/laravel/framework/src/Illuminate/Database/Connection.php:578)
[stacktrace]
#0 C:/xampp/htdocs/PROYECT-MAIN-main/vendor/laravel/framework/src/Illuminate/Database/Connection.php(578): PDO->prepare('alter table \"ap...')
#1 C:/xampp/htdocs/PROYECT-MAIN-main/vendor/laravel/framework/src/Illuminate/Database/Connection.php(827): Illuminate/Database/Connection->Illuminate/Database/{closure}('alter table \"ap...', Array)
#2 C:/xampp/htdocs/PROYECT-MAIN-main/vendor/laravel/framework/src/Illuminate/Database/Connection.php(794): Illuminate/Database/Connection->runQueryCallback('alter table \"ap...', Array, Object(Closure))
#3 C:/xampp/htdocs/PROYECT-MAIN-main/vendor/laravel/framework/src/Illuminate/Database/Connection.php(573): Illuminate/Database/Connection->run('alter table \"ap...', Array, Object(Closure))
#4 C:/xampp/htdocs/PROYECT-MAIN-main/vendor/laravel/framework/src/Illuminate/Database/Schema/Blueprint.php(121): Illuminate/Database/Connection->statement('alter table \"ap...')
#5 C:/xampp/htdocs/PROYECT-MAIN-main/vendor/laravel/framework/src/Illuminate/Database/Schema/Builder.php(686): Illuminate/Database/Schema/Blueprint->build()
#6 C:/xampp/htdocs/PROYECT-MAIN-main/vendor/laravel/framework/src/Illuminate/Database/Schema/Builder.php(494): Illuminate/Database/Schema/Builder->build(Object(Illuminate/Database/Schema/Blueprint))
#7 C:/xampp/htdocs/PROYECT-MAIN-main/vendor/laravel/framework/src/Illuminate/Support/Facades/Facade.php(363): Illuminate/Database/Schema/Builder->table('appointments', Object(Closure))
#8 C:/xampp/htdocs/PROYECT-MAIN-main/database/migrations/2026_05_25_213751_create_appointments_table.php(31): Illuminate/Support/Facades/Facade::__callStatic('table', Array)
#9 C:/xampp/htdocs/PROYECT-MAIN-main/vendor/laravel/framework/src/Illuminate/Database/Schema/Builder.php(509): Illuminate/Database/Migrations/Migration@anonymous->{closure}(Object(Illuminate/Database/Schema/Blueprint))
#10 C:/xampp/htdocs/PROYECT-MAIN-main/vendor/laravel/framework/src/Illuminate/Support/helpers.php(393): Illuminate/Database/Schema/Builder->Illuminate/Database/Schema/{closure}(Object(Illuminate/Database/Schema/Blueprint))
#11 C:/xampp/htdocs/PROYECT-MAIN-main/vendor/laravel/framework/src/Illuminate/Database/Schema/Builder.php(506): tap(Object(Illuminate/Database/Schema/Blueprint), Object(Closure))
#12 C:/xampp/htdocs/PROYECT-MAIN-main/vendor/laravel/framework/src/Illuminate/Support/Facades/Facade.php(363): Illuminate/Database/Schema/Builder->create('appointments', Object(Closure))
#13 C:/xampp/htdocs/PROYECT-MAIN-main/database/migrations/2026_05_25_213751_create_appointments_table.php(14): Illuminate/Support/Facades/Facade::__callStatic('create', Array)
#14 C:/xampp/htdocs/PROYECT-MAIN-main/vendor/laravel/framework/src/Illuminate/Database/Migrations/Migrator.php(517): Illuminate/Database/Migrations/Migration@anonymous->up()
#15 C:/xampp/htdocs/PROYECT-MAIN-main/vendor/laravel/framework/src/Illuminate/Database/Migrations/Migrator.php(442): Illuminate/Database/Migrations/Migrator->runMethod(Object(Illuminate/Database/SQLiteConnection), Object(Illuminate/Database/Migrations/Migration@anonymous), 'up')
#16 C:/xampp/htdocs/PROYECT-MAIN-main/vendor/laravel/framework/src/Illuminate/Database/Migrations/Migrator.php(451): Illuminate/Database/Migrations/Migrator->Illuminate/Database/Migrations/{closure}()
#17 C:/xampp/htdocs/PROYECT-MAIN-main/vendor/laravel/framework/src/Illuminate/Database/Migrations/Migrator.php(253): Illuminate/Database/Migrations/Migrator->runMigration(Object(Illuminate/Database/Migrations/Migration@anonymous), 'up')
#18 C:/xampp/htdocs/PROYECT-MAIN-main/vendor/laravel/framework/src/Illuminate/Console/View/Components/Task.php(41): Illuminate/Database/Migrations/Migrator->Illuminate/Database/Migrations/{closure}()
#19 C:/xampp/htdocs/PROYECT-MAIN-main/vendor/laravel/framework/src/Illuminate/Database/Migrations/Migrator.php(814): Illuminate/Console/View/Components/Task->render('2026_05_25_2137...', Object(Closure))
#20 C:/xampp/htdocs/PROYECT-MAIN-main/vendor/laravel/framework/src/Illuminate/Database/Migrations/Migrator.php(253): Illuminate/Database/Migrations/Migrator->write('Illuminate//Cons...', '2026_05_25_2137...', Object(Closure))
#21 C:/xampp/htdocs/PROYECT-MAIN-main/vendor/laravel/framework/src/Illuminate/Database/Migrations/Migrator.php(211): Illuminate/Database/Migrations/Migrator->runUp('C://xampp//htdocs...', 2, false)
#22 C:/xampp/htdocs/PROYECT-MAIN-main/vendor/laravel/framework/src/Illuminate/Database/Migrations/Migrator.php(138): Illuminate/Database/Migrations/Migrator->runPending(Array, Array)
#23 C:/xampp/htdocs/PROYECT-MAIN-main/vendor/laravel/framework/src/Illuminate/Database/Console/Migrations/MigrateCommand.php(116): Illuminate/Database/Migrations/Migrator->run(Array, Array)
#24 C:/xampp/htdocs/PROYECT-MAIN-main/vendor/laravel/framework/src/Illuminate/Database/Migrations/Migrator.php(671): Illuminate/Database/Console/Migrations/MigrateCommand->Illuminate/Database/Console/Migrations/{closure}()
#25 C:/xampp/htdocs/PROYECT-MAIN-main/vendor/laravel/framework/src/Illuminate/Database/Console/Migrations/MigrateCommand.php(109): Illuminate/Database/Migrations/Migrator->usingConnection(NULL, Object(Closure))
#26 C:/xampp/htdocs/PROYECT-MAIN-main/vendor/laravel/framework/src/Illuminate/Database/Console/Migrations/MigrateCommand.php(88): Illuminate/Database/Console/Migrations/MigrateCommand->runMigrations()
#27 C:/xampp/htdocs/PROYECT-MAIN-main/vendor/laravel/framework/src/Illuminate/Container/BoundMethod.php(36): Illuminate/Database/Console/Migrations/MigrateCommand->handle()
#28 C:/xampp/htdocs/PROYECT-MAIN-main/vendor/laravel/framework/src/Illuminate/Container/Util.php(43): Illuminate/Container/BoundMethod::Illuminate/Container/{closure}()
#29 C:/xampp/htdocs/PROYECT-MAIN-main/vendor/laravel/framework/src/Illuminate/Container/BoundMethod.php(96): Illuminate/Container/Util::unwrapIfClosure(Object(Closure))
#30 C:/xampp/htdocs/PROYECT-MAIN-main/vendor/laravel/framework/src/Illuminate/Container/BoundMethod.php(35): Illuminate/Container/BoundMethod::callBoundMethod(Object(Illuminate/Foundation/Application), Array, Object(Closure))
#31 C:/xampp/htdocs/PROYECT-MAIN-main/vendor/laravel/framework/src/Illuminate/Container/Container.php(799): Illuminate/Container/BoundMethod::call(Object(Illuminate/Foundation/Application), Array, Array, NULL)
#32 C:/xampp/htdocs/PROYECT-MAIN-main/vendor/laravel/framework/src/Illuminate/Console/Command.php(211): Illuminate/Container/Container->call(Array)
#33 C:/xampp/htdocs/PROYECT-MAIN-main/vendor/symfony/console/Command/Command.php(341): Illuminate/Console/Command->execute(Object(Symfony/Component/Console/Input/ArgvInput), Object(Illuminate/Console/OutputStyle))
#34 C:/xampp/htdocs/PROYECT-MAIN-main/vendor/laravel/framework/src/Illuminate/Console/Command.php(180): Symfony/Component/Console/Command/Command->run(Object(Symfony/Component/Console/Input/ArgvInput), Object(Illuminate/Console/OutputStyle))
#35 C:/xampp/htdocs/PROYECT-MAIN-main/vendor/symfony/console/Application.php(1117): Illuminate/Console/Command->run(Object(Symfony/Component/Console/Input/ArgvInput), Object(Symfony/Component/Console/Output/ConsoleOutput))
#36 C:/xampp/htdocs/PROYECT-MAIN-main/vendor/symfony/console/Application.php(356): Symfony/Component/Console/Application->doRunCommand(Object(Illuminate/Database/Console/Migrations/MigrateCommand), Object(Symfony/Component/Console/Input/ArgvInput), Object(Symfony/Component/Console/Output/ConsoleOutput))
#37 C:/xampp/htdocs/PROYECT-MAIN-main/vendor/symfony/console/Application.php(195): Symfony/Component/Console/Application->doRun(Object(Symfony/Component/Console/Input/ArgvInput), Object(Symfony/Component/Console/Output/ConsoleOutput))
#38 C:/xampp/htdocs/PROYECT-MAIN-main/vendor/laravel/framework/src/Illuminate/Foundation/Console/Kernel.php(198): Symfony/Component/Console/Application->run(Object(Symfony/Component/Console/Input/ArgvInput), Object(Symfony/Component/Console/Output/ConsoleOutput))
#39 C:/xampp/htdocs/PROYECT-MAIN-main/vendor/laravel/framework/src/Illuminate/Foundation/Application.php(1235): Illuminate/Foundation/Console/Kernel->handle(Object(Symfony/Component/Console/Input/ArgvInput), Object(Symfony/Component/Console/Output/ConsoleOutput))
#40 C:/xampp/htdocs/PROYECT-MAIN-main/artisan(16): Illuminate/Foundation/Application->handleCommand(Object(Symfony/Component/Console/Input/ArgvInput))
#41 {main}
"} 
[2026-06-04 19:10:43] local.ERROR: SQLSTATE[HY000]: General error: 1 duplicate column name: role_id (Connection: sqlite, Database: C:\xampp\htdocs\PROYECT-MAIN-main\database\database.sqlite, SQL: alter table "users" add column "role_id" integer) {"exception":"[object] (Illuminate\\Database\\QueryException(code: HY000): SQLSTATE[HY000]: General error: 1 duplicate column name: role_id (Connection: sqlite, Database: C:\\xampp\\htdocs\\PROYECT-MAIN-main\\database\\database.sqlite, SQL: alter table \"users\" add column \"role_id\" integer) at C:/xampp/htdocs/PROYECT-MAIN-main/vendor/laravel/framework/src/Illuminate/Database/Connection.php:838)
[stacktrace]
#0 C:/xampp/htdocs/PROYECT-MAIN-main/vendor/laravel/framework/src/Illuminate/Database/Connection.php(794): Illuminate/Database/Connection->runQueryCallback('alter table \"us...', Array, Object(Closure))
#1 C:/xampp/htdocs/PROYECT-MAIN-main/vendor/laravel/framework/src/Illuminate/Database/Connection.php(573): Illuminate/Database/Connection->run('alter table \"us...', Array, Object(Closure))
#2 C:/xampp/htdocs/PROYECT-MAIN-main/vendor/laravel/framework/src/Illuminate/Database/Schema/Blueprint.php(121): Illuminate/Database/Connection->statement('alter table \"us...')
#3 C:/xampp/htdocs/PROYECT-MAIN-main/vendor/laravel/framework/src/Illuminate/Database/Schema/Builder.php(686): Illuminate/Database/Schema/Blueprint->build()
#4 C:/xampp/htdocs/PROYECT-MAIN-main/vendor/laravel/framework/src/Illuminate/Database/Schema/Builder.php(494): Illuminate/Database/Schema/Builder->build(Object(Illuminate/Database/Schema/Blueprint))
#5 C:/xampp/htdocs/PROYECT-MAIN-main/vendor/laravel/framework/src/Illuminate/Support/Facades/Facade.php(363): Illuminate/Database/Schema/Builder->table('users', Object(Closure))
#6 C:/xampp/htdocs/PROYECT-MAIN-main/database/migrations/2026_06_04_190230_add_role_id_to_users_table.php(14): Illuminate/Support/Facades/Facade::__callStatic('table', Array)
#7 C:/xampp/htdocs/PROYECT-MAIN-main/vendor/laravel/framework/src/Illuminate/Database/Migrations/Migrator.php(517): Illuminate/Database/Migrations/Migration@anonymous->up()
#8 C:/xampp/htdocs/PROYECT-MAIN-main/vendor/laravel/framework/src/Illuminate/Database/Migrations/Migrator.php(442): Illuminate/Database/Migrations/Migrator->runMethod(Object(Illuminate/Database/SQLiteConnection), Object(Illuminate/Database/Migrations/Migration@anonymous), 'up')
#9 C:/xampp/htdocs/PROYECT-MAIN-main/vendor/laravel/framework/src/Illuminate/Database/Migrations/Migrator.php(451): Illuminate/Database/Migrations/Migrator->Illuminate/Database/Migrations/{closure}()
#10 C:/xampp/htdocs/PROYECT-MAIN-main/vendor/laravel/framework/src/Illuminate/Database/Migrations/Migrator.php(253): Illuminate/Database/Migrations/Migrator->runMigration(Object(Illuminate/Database/Migrations/Migration@anonymous), 'up')
#11 C:/xampp/htdocs/PROYECT-MAIN-main/vendor/laravel/framework/src/Illuminate/Console/View/Components/Task.php(41): Illuminate/Database/Migrations/Migrator->Illuminate/Database/Migrations/{closure}()
#12 C:/xampp/htdocs/PROYECT-MAIN-main/vendor/laravel/framework/src/Illuminate/Database/Migrations/Migrator.php(814): Illuminate/Console/View/Components/Task->render('2026_06_04_1902...', Object(Closure))
#13 C:/xampp/htdocs/PROYECT-MAIN-main/vendor/laravel/framework/src/Illuminate/Database/Migrations/Migrator.php(253): Illuminate/Database/Migrations/Migrator->write('Illuminate//Cons...', '2026_06_04_1902...', Object(Closure))
#14 C:/xampp/htdocs/PROYECT-MAIN-main/vendor/laravel/framework/src/Illuminate/Database/Migrations/Migrator.php(211): Illuminate/Database/Migrations/Migrator->runUp('C://xampp//htdocs...', 1, false)
#15 C:/xampp/htdocs/PROYECT-MAIN-main/vendor/laravel/framework/src/Illuminate/Database/Migrations/Migrator.php(138): Illuminate/Database/Migrations/Migrator->runPending(Array, Array)
#16 C:/xampp/htdocs/PROYECT-MAIN-main/vendor/laravel/framework/src/Illuminate/Database/Console/Migrations/MigrateCommand.php(116): Illuminate/Database/Migrations/Migrator->run(Array, Array)
#17 C:/xampp/htdocs/PROYECT-MAIN-main/vendor/laravel/framework/src/Illuminate/Database/Migrations/Migrator.php(671): Illuminate/Database/Console/Migrations/MigrateCommand->Illuminate/Database/Console/Migrations/{closure}()
#18 C:/xampp/htdocs/PROYECT-MAIN-main/vendor/laravel/framework/src/Illuminate/Database/Console/Migrations/MigrateCommand.php(109): Illuminate/Database/Migrations/Migrator->usingConnection(NULL, Object(Closure))
#19 C:/xampp/htdocs/PROYECT-MAIN-main/vendor/laravel/framework/src/Illuminate/Database/Console/Migrations/MigrateCommand.php(88): Illuminate/Database/Console/Migrations/MigrateCommand->runMigrations()
#20 C:/xampp/htdocs/PROYECT-MAIN-main/vendor/laravel/framework/src/Illuminate/Container/BoundMethod.php(36): Illuminate/Database/Console/Migrations/MigrateCommand->handle()
#21 C:/xampp/htdocs/PROYECT-MAIN-main/vendor/laravel/framework/src/Illuminate/Container/Util.php(43): Illuminate/Container/BoundMethod::Illuminate/Container/{closure}()
#22 C:/xampp/htdocs/PROYECT-MAIN-main/vendor/laravel/framework/src/Illuminate/Container/BoundMethod.php(96): Illuminate/Container/Util::unwrapIfClosure(Object(Closure))
#23 C:/xampp/htdocs/PROYECT-MAIN-main/vendor/laravel/framework/src/Illuminate/Container/BoundMethod.php(35): Illuminate/Container/BoundMethod::callBoundMethod(Object(Illuminate/Foundation/Application), Array, Object(Closure))
#24 C:/xampp/htdocs/PROYECT-MAIN-main/vendor/laravel/framework/src/Illuminate/Container/Container.php(799): Illuminate/Container/BoundMethod::call(Object(Illuminate/Foundation/Application), Array, Array, NULL)
#25 C:/xampp/htdocs/PROYECT-MAIN-main/vendor/laravel/framework/src/Illuminate/Console/Command.php(211): Illuminate/Container/Container->call(Array)
#26 C:/xampp/htdocs/PROYECT-MAIN-main/vendor/symfony/console/Command/Command.php(341): Illuminate/Console/Command->execute(Object(Symfony/Component/Console/Input/ArrayInput), Object(Illuminate/Console/OutputStyle))
#27 C:/xampp/htdocs/PROYECT-MAIN-main/vendor/laravel/framework/src/Illuminate/Console/Command.php(180): Symfony/Component/Console/Command/Command->run(Object(Symfony/Component/Console/Input/ArrayInput), Object(Illuminate/Console/OutputStyle))
#28 C:/xampp/htdocs/PROYECT-MAIN-main/vendor/laravel/framework/src/Illuminate/Console/Concerns/CallsCommands.php(68): Illuminate/Console/Command->run(Object(Symfony/Component/Console/Input/ArrayInput), Object(Illuminate/Console/OutputStyle))
#29 C:/xampp/htdocs/PROYECT-MAIN-main/vendor/laravel/framework/src/Illuminate/Console/Concerns/CallsCommands.php(29): Illuminate/Console/Command->runCommand('migrate', Array, Object(Illuminate/Console/OutputStyle))
#30 C:/xampp/htdocs/PROYECT-MAIN-main/vendor/laravel/framework/src/Illuminate/Database/Console/Migrations/FreshCommand.php(88): Illuminate/Console/Command->call('migrate', Array)
#31 C:/xampp/htdocs/PROYECT-MAIN-main/vendor/laravel/framework/src/Illuminate/Container/BoundMethod.php(36): Illuminate/Database/Console/Migrations/FreshCommand->handle()
#32 C:/xampp/htdocs/PROYECT-MAIN-main/vendor/laravel/framework/src/Illuminate/Container/Util.php(43): Illuminate/Container/BoundMethod::Illuminate/Container/{closure}()
#33 C:/xampp/htdocs/PROYECT-MAIN-main/vendor/laravel/framework/src/Illuminate/Container/BoundMethod.php(96): Illuminate/Container/Util::unwrapIfClosure(Object(Closure))
#34 C:/xampp/htdocs/PROYECT-MAIN-main/vendor/laravel/framework/src/Illuminate/Container/BoundMethod.php(35): Illuminate/Container/BoundMethod::callBoundMethod(Object(Illuminate/Foundation/Application), Array, Object(Closure))
#35 C:/xampp/htdocs/PROYECT-MAIN-main/vendor/laravel/framework/src/Illuminate/Container/Container.php(799): Illuminate/Container/BoundMethod::call(Object(Illuminate/Foundation/Application), Array, Array, NULL)
#36 C:/xampp/htdocs/PROYECT-MAIN-main/vendor/laravel/framework/src/Illuminate/Console/Command.php(211): Illuminate/Container/Container->call(Array)
#37 C:/xampp/htdocs/PROYECT-MAIN-main/vendor/symfony/console/Command/Command.php(341): Illuminate/Console/Command->execute(Object(Symfony/Component/Console/Input/ArgvInput), Object(Illuminate/Console/OutputStyle))
#38 C:/xampp/htdocs/PROYECT-MAIN-main/vendor/laravel/framework/src/Illuminate/Console/Command.php(180): Symfony/Component/Console/Command/Command->run(Object(Symfony/Component/Console/Input/ArgvInput), Object(Illuminate/Console/OutputStyle))
#39 C:/xampp/htdocs/PROYECT-MAIN-main/vendor/symfony/console/Application.php(1117): Illuminate/Console/Command->run(Object(Symfony/Component/Console/Input/ArgvInput), Object(Symfony/Component/Console/Output/ConsoleOutput))
#40 C:/xampp/htdocs/PROYECT-MAIN-main/vendor/symfony/console/Application.php(356): Symfony/Component/Console/Application->doRunCommand(Object(Illuminate/Database/Console/Migrations/FreshCommand), Object(Symfony/Component/Console/Input/ArgvInput), Object(Symfony/Component/Console/Output/ConsoleOutput))
#41 C:/xampp/htdocs/PROYECT-MAIN-main/vendor/symfony/console/Application.php(195): Symfony/Component/Console/Application->doRun(Object(Symfony/Component/Console/Input/ArgvInput), Object(Symfony/Component/Console/Output/ConsoleOutput))
#42 C:/xampp/htdocs/PROYECT-MAIN-main/vendor/laravel/framework/src/Illuminate/Foundation/Console/Kernel.php(198): Symfony/Component/Console/Application->run(Object(Symfony/Component/Console/Input/ArgvInput), Object(Symfony/Component/Console/Output/ConsoleOutput))
#43 C:/xampp/htdocs/PROYECT-MAIN-main/vendor/laravel/framework/src/Illuminate/Foundation/Application.php(1235): Illuminate/Foundation/Console/Kernel->handle(Object(Symfony/Component/Console/Input/ArgvInput), Object(Symfony/Component/Console/Output/ConsoleOutput))
#44 C:/xampp/htdocs/PROYECT-MAIN-main/artisan(16): Illuminate/Foundation/Application->handleCommand(Object(Symfony/Component/Console/Input/ArgvInput))
#45 {main}

[previous exception] [object] (PDOException(code: HY000): SQLSTATE[HY000]: General error: 1 duplicate column name: role_id at C:/xampp/htdocs/PROYECT-MAIN-main/vendor/laravel/framework/src/Illuminate/Database/Connection.php:578)
[stacktrace]
#0 C:/xampp/htdocs/PROYECT-MAIN-main/vendor/laravel/framework/src/Illuminate/Database/Connection.php(578): PDO->prepare('alter table \"us...')
#1 C:/xampp/htdocs/PROYECT-MAIN-main/vendor/laravel/framework/src/Illuminate/Database/Connection.php(827): Illuminate/Database/Connection->Illuminate/Database/{closure}('alter table \"us...', Array)
#2 C:/xampp/htdocs/PROYECT-MAIN-main/vendor/laravel/framework/src/Illuminate/Database/Connection.php(794): Illuminate/Database/Connection->runQueryCallback('alter table \"us...', Array, Object(Closure))
#3 C:/xampp/htdocs/PROYECT-MAIN-main/vendor/laravel/framework/src/Illuminate/Database/Connection.php(573): Illuminate/Database/Connection->run('alter table \"us...', Array, Object(Closure))
#4 C:/xampp/htdocs/PROYECT-MAIN-main/vendor/laravel/framework/src/Illuminate/Database/Schema/Blueprint.php(121): Illuminate/Database/Connection->statement('alter table \"us...')
#5 C:/xampp/htdocs/PROYECT-MAIN-main/vendor/laravel/framework/src/Illuminate/Database/Schema/Builder.php(686): Illuminate/Database/Schema/Blueprint->build()
#6 C:/xampp/htdocs/PROYECT-MAIN-main/vendor/laravel/framework/src/Illuminate/Database/Schema/Builder.php(494): Illuminate/Database/Schema/Builder->build(Object(Illuminate/Database/Schema/Blueprint))
#7 C:/xampp/htdocs/PROYECT-MAIN-main/vendor/laravel/framework/src/Illuminate/Support/Facades/Facade.php(363): Illuminate/Database/Schema/Builder->table('users', Object(Closure))
#8 C:/xampp/htdocs/PROYECT-MAIN-main/database/migrations/2026_06_04_190230_add_role_id_to_users_table.php(14): Illuminate/Support/Facades/Facade::__callStatic('table', Array)
#9 C:/xampp/htdocs/PROYECT-MAIN-main/vendor/laravel/framework/src/Illuminate/Database/Migrations/Migrator.php(517): Illuminate/Database/Migrations/Migration@anonymous->up()
#10 C:/xampp/htdocs/PROYECT-MAIN-main/vendor/laravel/framework/src/Illuminate/Database/Migrations/Migrator.php(442): Illuminate/Database/Migrations/Migrator->runMethod(Object(Illuminate/Database/SQLiteConnection), Object(Illuminate/Database/Migrations/Migration@anonymous), 'up')
#11 C:/xampp/htdocs/PROYECT-MAIN-main/vendor/laravel/framework/src/Illuminate/Database/Migrations/Migrator.php(451): Illuminate/Database/Migrations/Migrator->Illuminate/Database/Migrations/{closure}()
#12 C:/xampp/htdocs/PROYECT-MAIN-main/vendor/laravel/framework/src/Illuminate/Database/Migrations/Migrator.php(253): Illuminate/Database/Migrations/Migrator->runMigration(Object(Illuminate/Database/Migrations/Migration@anonymous), 'up')
#13 C:/xampp/htdocs/PROYECT-MAIN-main/vendor/laravel/framework/src/Illuminate/Console/View/Components/Task.php(41): Illuminate/Database/Migrations/Migrator->Illuminate/Database/Migrations/{closure}()
#14 C:/xampp/htdocs/PROYECT-MAIN-main/vendor/laravel/framework/src/Illuminate/Database/Migrations/Migrator.php(814): Illuminate/Console/View/Components/Task->render('2026_06_04_1902...', Object(Closure))
#15 C:/xampp/htdocs/PROYECT-MAIN-main/vendor/laravel/framework/src/Illuminate/Database/Migrations/Migrator.php(253): Illuminate/Database/Migrations/Migrator->write('Illuminate//Cons...', '2026_06_04_1902...', Object(Closure))
#16 C:/xampp/htdocs/PROYECT-MAIN-main/vendor/laravel/framework/src/Illuminate/Database/Migrations/Migrator.php(211): Illuminate/Database/Migrations/Migrator->runUp('C://xampp//htdocs...', 1, false)
#17 C:/xampp/htdocs/PROYECT-MAIN-main/vendor/laravel/framework/src/Illuminate/Database/Migrations/Migrator.php(138): Illuminate/Database/Migrations/Migrator->runPending(Array, Array)
#18 C:/xampp/htdocs/PROYECT-MAIN-main/vendor/laravel/framework/src/Illuminate/Database/Console/Migrations/MigrateCommand.php(116): Illuminate/Database/Migrations/Migrator->run(Array, Array)
#19 C:/xampp/htdocs/PROYECT-MAIN-main/vendor/laravel/framework/src/Illuminate/Database/Migrations/Migrator.php(671): Illuminate/Database/Console/Migrations/MigrateCommand->Illuminate/Database/Console/Migrations/{closure}()
#20 C:/xampp/htdocs/PROYECT-MAIN-main/vendor/laravel/framework/src/Illuminate/Database/Console/Migrations/MigrateCommand.php(109): Illuminate/Database/Migrations/Migrator->usingConnection(NULL, Object(Closure))
#21 C:/xampp/htdocs/PROYECT-MAIN-main/vendor/laravel/framework/src/Illuminate/Database/Console/Migrations/MigrateCommand.php(88): Illuminate/Database/Console/Migrations/MigrateCommand->runMigrations()
#22 C:/xampp/htdocs/PROYECT-MAIN-main/vendor/laravel/framework/src/Illuminate/Container/BoundMethod.php(36): Illuminate/Database/Console/Migrations/MigrateCommand->handle()
#23 C:/xampp/htdocs/PROYECT-MAIN-main/vendor/laravel/framework/src/Illuminate/Container/Util.php(43): Illuminate/Container/BoundMethod::Illuminate/Container/{closure}()
#24 C:/xampp/htdocs/PROYECT-MAIN-main/vendor/laravel/framework/src/Illuminate/Container/BoundMethod.php(96): Illuminate/Container/Util::unwrapIfClosure(Object(Closure))
#25 C:/xampp/htdocs/PROYECT-MAIN-main/vendor/laravel/framework/src/Illuminate/Container/BoundMethod.php(35): Illuminate/Container/BoundMethod::callBoundMethod(Object(Illuminate/Foundation/Application), Array, Object(Closure))
#26 C:/xampp/htdocs/PROYECT-MAIN-main/vendor/laravel/framework/src/Illuminate/Container/Container.php(799): Illuminate/Container/BoundMethod::call(Object(Illuminate/Foundation/Application), Array, Array, NULL)
#27 C:/xampp/htdocs/PROYECT-MAIN-main/vendor/laravel/framework/src/Illuminate/Console/Command.php(211): Illuminate/Container/Container->call(Array)
#28 C:/xampp/htdocs/PROYECT-MAIN-main/vendor/symfony/console/Command/Command.php(341): Illuminate/Console/Command->execute(Object(Symfony/Component/Console/Input/ArrayInput), Object(Illuminate/Console/OutputStyle))
#29 C:/xampp/htdocs/PROYECT-MAIN-main/vendor/laravel/framework/src/Illuminate/Console/Command.php(180): Symfony/Component/Console/Command/Command->run(Object(Symfony/Component/Console/Input/ArrayInput), Object(Illuminate/Console/OutputStyle))
#30 C:/xampp/htdocs/PROYECT-MAIN-main/vendor/laravel/framework/src/Illuminate/Console/Concerns/CallsCommands.php(68): Illuminate/Console/Command->run(Object(Symfony/Component/Console/Input/ArrayInput), Object(Illuminate/Console/OutputStyle))
#31 C:/xampp/htdocs/PROYECT-MAIN-main/vendor/laravel/framework/src/Illuminate/Console/Concerns/CallsCommands.php(29): Illuminate/Console/Command->runCommand('migrate', Array, Object(Illuminate/Console/OutputStyle))
#32 C:/xampp/htdocs/PROYECT-MAIN-main/vendor/laravel/framework/src/Illuminate/Database/Console/Migrations/FreshCommand.php(88): Illuminate/Console/Command->call('migrate', Array)
#33 C:/xampp/htdocs/PROYECT-MAIN-main/vendor/laravel/framework/src/Illuminate/Container/BoundMethod.php(36): Illuminate/Database/Console/Migrations/FreshCommand->handle()
#34 C:/xampp/htdocs/PROYECT-MAIN-main/vendor/laravel/framework/src/Illuminate/Container/Util.php(43): Illuminate/Container/BoundMethod::Illuminate/Container/{closure}()
#35 C:/xampp/htdocs/PROYECT-MAIN-main/vendor/laravel/framework/src/Illuminate/Container/BoundMethod.php(96): Illuminate/Container/Util::unwrapIfClosure(Object(Closure))
#36 C:/xampp/htdocs/PROYECT-MAIN-main/vendor/laravel/framework/src/Illuminate/Container/BoundMethod.php(35): Illuminate/Container/BoundMethod::callBoundMethod(Object(Illuminate/Foundation/Application), Array, Object(Closure))
#37 C:/xampp/htdocs/PROYECT-MAIN-main/vendor/laravel/framework/src/Illuminate/Container/Container.php(799): Illuminate/Container/BoundMethod::call(Object(Illuminate/Foundation/Application), Array, Array, NULL)
#38 C:/xampp/htdocs/PROYECT-MAIN-main/vendor/laravel/framework/src/Illuminate/Console/Command.php(211): Illuminate/Container/Container->call(Array)
#39 C:/xampp/htdocs/PROYECT-MAIN-main/vendor/symfony/console/Command/Command.php(341): Illuminate/Console/Command->execute(Object(Symfony/Component/Console/Input/ArgvInput), Object(Illuminate/Console/OutputStyle))
#40 C:/xampp/htdocs/PROYECT-MAIN-main/vendor/laravel/framework/src/Illuminate/Console/Command.php(180): Symfony/Component/Console/Command/Command->run(Object(Symfony/Component/Console/Input/ArgvInput), Object(Illuminate/Console/OutputStyle))
#41 C:/xampp/htdocs/PROYECT-MAIN-main/vendor/symfony/console/Application.php(1117): Illuminate/Console/Command->run(Object(Symfony/Component/Console/Input/ArgvInput), Object(Symfony/Component/Console/Output/ConsoleOutput))
#42 C:/xampp/htdocs/PROYECT-MAIN-main/vendor/symfony/console/Application.php(356): Symfony/Component/Console/Application->doRunCommand(Object(Illuminate/Database/Console/Migrations/FreshCommand), Object(Symfony/Component/Console/Input/ArgvInput), Object(Symfony/Component/Console/Output/ConsoleOutput))
#43 C:/xampp/htdocs/PROYECT-MAIN-main/vendor/symfony/console/Application.php(195): Symfony/Component/Console/Application->doRun(Object(Symfony/Component/Console/Input/ArgvInput), Object(Symfony/Component/Console/Output/ConsoleOutput))
#44 C:/xampp/htdocs/PROYECT-MAIN-main/vendor/laravel/framework/src/Illuminate/Foundation/Console/Kernel.php(198): Symfony/Component/Console/Application->run(Object(Symfony/Component/Console/Input/ArgvInput), Object(Symfony/Component/Console/Output/ConsoleOutput))
#45 C:/xampp/htdocs/PROYECT-MAIN-main/vendor/laravel/framework/src/Illuminate/Foundation/Application.php(1235): Illuminate/Foundation/Console/Kernel->handle(Object(Symfony/Component/Console/Input/ArgvInput), Object(Symfony/Component/Console/Output/ConsoleOutput))
#46 C:/xampp/htdocs/PROYECT-MAIN-main/artisan(16): Illuminate/Foundation/Application->handleCommand(Object(Symfony/Component/Console/Input/ArgvInput))
#47 {main}
"} 
[2026-06-04 19:11:08] local.ERROR: SQLSTATE[HY000]: General error: 1 duplicate column name: role_id (Connection: sqlite, Database: C:\xampp\htdocs\PROYECT-MAIN-main\database\database.sqlite, SQL: alter table "users" add column "role_id" integer) {"exception":"[object] (Illuminate\\Database\\QueryException(code: HY000): SQLSTATE[HY000]: General error: 1 duplicate column name: role_id (Connection: sqlite, Database: C:\\xampp\\htdocs\\PROYECT-MAIN-main\\database\\database.sqlite, SQL: alter table \"users\" add column \"role_id\" integer) at C:/xampp/htdocs/PROYECT-MAIN-main/vendor/laravel/framework/src/Illuminate/Database/Connection.php:838)
[stacktrace]
#0 C:/xampp/htdocs/PROYECT-MAIN-main/vendor/laravel/framework/src/Illuminate/Database/Connection.php(794): Illuminate/Database/Connection->runQueryCallback('alter table \"us...', Array, Object(Closure))
#1 C:/xampp/htdocs/PROYECT-MAIN-main/vendor/laravel/framework/src/Illuminate/Database/Connection.php(573): Illuminate/Database/Connection->run('alter table \"us...', Array, Object(Closure))
#2 C:/xampp/htdocs/PROYECT-MAIN-main/vendor/laravel/framework/src/Illuminate/Database/Schema/Blueprint.php(121): Illuminate/Database/Connection->statement('alter table \"us...')
#3 C:/xampp/htdocs/PROYECT-MAIN-main/vendor/laravel/framework/src/Illuminate/Database/Schema/Builder.php(686): Illuminate/Database/Schema/Blueprint->build()
#4 C:/xampp/htdocs/PROYECT-MAIN-main/vendor/laravel/framework/src/Illuminate/Database/Schema/Builder.php(494): Illuminate/Database/Schema/Builder->build(Object(Illuminate/Database/Schema/Blueprint))
#5 C:/xampp/htdocs/PROYECT-MAIN-main/vendor/laravel/framework/src/Illuminate/Support/Facades/Facade.php(363): Illuminate/Database/Schema/Builder->table('users', Object(Closure))
#6 C:/xampp/htdocs/PROYECT-MAIN-main/database/migrations/2026_06_04_190230_add_role_id_to_users_table.php(14): Illuminate/Support/Facades/Facade::__callStatic('table', Array)
#7 C:/xampp/htdocs/PROYECT-MAIN-main/vendor/laravel/framework/src/Illuminate/Database/Migrations/Migrator.php(517): Illuminate/Database/Migrations/Migration@anonymous->up()
#8 C:/xampp/htdocs/PROYECT-MAIN-main/vendor/laravel/framework/src/Illuminate/Database/Migrations/Migrator.php(442): Illuminate/Database/Migrations/Migrator->runMethod(Object(Illuminate/Database/SQLiteConnection), Object(Illuminate/Database/Migrations/Migration@anonymous), 'up')
#9 C:/xampp/htdocs/PROYECT-MAIN-main/vendor/laravel/framework/src/Illuminate/Database/Migrations/Migrator.php(451): Illuminate/Database/Migrations/Migrator->Illuminate/Database/Migrations/{closure}()
#10 C:/xampp/htdocs/PROYECT-MAIN-main/vendor/laravel/framework/src/Illuminate/Database/Migrations/Migrator.php(253): Illuminate/Database/Migrations/Migrator->runMigration(Object(Illuminate/Database/Migrations/Migration@anonymous), 'up')
#11 C:/xampp/htdocs/PROYECT-MAIN-main/vendor/laravel/framework/src/Illuminate/Console/View/Components/Task.php(41): Illuminate/Database/Migrations/Migrator->Illuminate/Database/Migrations/{closure}()
#12 C:/xampp/htdocs/PROYECT-MAIN-main/vendor/laravel/framework/src/Illuminate/Database/Migrations/Migrator.php(814): Illuminate/Console/View/Components/Task->render('2026_06_04_1902...', Object(Closure))
#13 C:/xampp/htdocs/PROYECT-MAIN-main/vendor/laravel/framework/src/Illuminate/Database/Migrations/Migrator.php(253): Illuminate/Database/Migrations/Migrator->write('Illuminate//Cons...', '2026_06_04_1902...', Object(Closure))
#14 C:/xampp/htdocs/PROYECT-MAIN-main/vendor/laravel/framework/src/Illuminate/Database/Migrations/Migrator.php(211): Illuminate/Database/Migrations/Migrator->runUp('C://xampp//htdocs...', 1, false)
#15 C:/xampp/htdocs/PROYECT-MAIN-main/vendor/laravel/framework/src/Illuminate/Database/Migrations/Migrator.php(138): Illuminate/Database/Migrations/Migrator->runPending(Array, Array)
#16 C:/xampp/htdocs/PROYECT-MAIN-main/vendor/laravel/framework/src/Illuminate/Database/Console/Migrations/MigrateCommand.php(116): Illuminate/Database/Migrations/Migrator->run(Array, Array)
#17 C:/xampp/htdocs/PROYECT-MAIN-main/vendor/laravel/framework/src/Illuminate/Database/Migrations/Migrator.php(671): Illuminate/Database/Console/Migrations/MigrateCommand->Illuminate/Database/Console/Migrations/{closure}()
#18 C:/xampp/htdocs/PROYECT-MAIN-main/vendor/laravel/framework/src/Illuminate/Database/Console/Migrations/MigrateCommand.php(109): Illuminate/Database/Migrations/Migrator->usingConnection(NULL, Object(Closure))
#19 C:/xampp/htdocs/PROYECT-MAIN-main/vendor/laravel/framework/src/Illuminate/Database/Console/Migrations/MigrateCommand.php(88): Illuminate/Database/Console/Migrations/MigrateCommand->runMigrations()
#20 C:/xampp/htdocs/PROYECT-MAIN-main/vendor/laravel/framework/src/Illuminate/Container/BoundMethod.php(36): Illuminate/Database/Console/Migrations/MigrateCommand->handle()
#21 C:/xampp/htdocs/PROYECT-MAIN-main/vendor/laravel/framework/src/Illuminate/Container/Util.php(43): Illuminate/Container/BoundMethod::Illuminate/Container/{closure}()
#22 C:/xampp/htdocs/PROYECT-MAIN-main/vendor/laravel/framework/src/Illuminate/Container/BoundMethod.php(96): Illuminate/Container/Util::unwrapIfClosure(Object(Closure))
#23 C:/xampp/htdocs/PROYECT-MAIN-main/vendor/laravel/framework/src/Illuminate/Container/BoundMethod.php(35): Illuminate/Container/BoundMethod::callBoundMethod(Object(Illuminate/Foundation/Application), Array, Object(Closure))
#24 C:/xampp/htdocs/PROYECT-MAIN-main/vendor/laravel/framework/src/Illuminate/Container/Container.php(799): Illuminate/Container/BoundMethod::call(Object(Illuminate/Foundation/Application), Array, Array, NULL)
#25 C:/xampp/htdocs/PROYECT-MAIN-main/vendor/laravel/framework/src/Illuminate/Console/Command.php(211): Illuminate/Container/Container->call(Array)
#26 C:/xampp/htdocs/PROYECT-MAIN-main/vendor/symfony/console/Command/Command.php(341): Illuminate/Console/Command->execute(Object(Symfony/Component/Console/Input/ArrayInput), Object(Illuminate/Console/OutputStyle))
#27 C:/xampp/htdocs/PROYECT-MAIN-main/vendor/laravel/framework/src/Illuminate/Console/Command.php(180): Symfony/Component/Console/Command/Command->run(Object(Symfony/Component/Console/Input/ArrayInput), Object(Illuminate/Console/OutputStyle))
#28 C:/xampp/htdocs/PROYECT-MAIN-main/vendor/laravel/framework/src/Illuminate/Console/Concerns/CallsCommands.php(68): Illuminate/Console/Command->run(Object(Symfony/Component/Console/Input/ArrayInput), Object(Illuminate/Console/OutputStyle))
#29 C:/xampp/htdocs/PROYECT-MAIN-main/vendor/laravel/framework/src/Illuminate/Console/Concerns/CallsCommands.php(29): Illuminate/Console/Command->runCommand('migrate', Array, Object(Illuminate/Console/OutputStyle))
#30 C:/xampp/htdocs/PROYECT-MAIN-main/vendor/laravel/framework/src/Illuminate/Database/Console/Migrations/FreshCommand.php(88): Illuminate/Console/Command->call('migrate', Array)
#31 C:/xampp/htdocs/PROYECT-MAIN-main/vendor/laravel/framework/src/Illuminate/Container/BoundMethod.php(36): Illuminate/Database/Console/Migrations/FreshCommand->handle()
#32 C:/xampp/htdocs/PROYECT-MAIN-main/vendor/laravel/framework/src/Illuminate/Container/Util.php(43): Illuminate/Container/BoundMethod::Illuminate/Container/{closure}()
#33 C:/xampp/htdocs/PROYECT-MAIN-main/vendor/laravel/framework/src/Illuminate/Container/BoundMethod.php(96): Illuminate/Container/Util::unwrapIfClosure(Object(Closure))
#34 C:/xampp/htdocs/PROYECT-MAIN-main/vendor/laravel/framework/src/Illuminate/Container/BoundMethod.php(35): Illuminate/Container/BoundMethod::callBoundMethod(Object(Illuminate/Foundation/Application), Array, Object(Closure))
#35 C:/xampp/htdocs/PROYECT-MAIN-main/vendor/laravel/framework/src/Illuminate/Container/Container.php(799): Illuminate/Container/BoundMethod::call(Object(Illuminate/Foundation/Application), Array, Array, NULL)
#36 C:/xampp/htdocs/PROYECT-MAIN-main/vendor/laravel/framework/src/Illuminate/Console/Command.php(211): Illuminate/Container/Container->call(Array)
#37 C:/xampp/htdocs/PROYECT-MAIN-main/vendor/symfony/console/Command/Command.php(341): Illuminate/Console/Command->execute(Object(Symfony/Component/Console/Input/ArgvInput), Object(Illuminate/Console/OutputStyle))
#38 C:/xampp/htdocs/PROYECT-MAIN-main/vendor/laravel/framework/src/Illuminate/Console/Command.php(180): Symfony/Component/Console/Command/Command->run(Object(Symfony/Component/Console/Input/ArgvInput), Object(Illuminate/Console/OutputStyle))
#39 C:/xampp/htdocs/PROYECT-MAIN-main/vendor/symfony/console/Application.php(1117): Illuminate/Console/Command->run(Object(Symfony/Component/Console/Input/ArgvInput), Object(Symfony/Component/Console/Output/ConsoleOutput))
#40 C:/xampp/htdocs/PROYECT-MAIN-main/vendor/symfony/console/Application.php(356): Symfony/Component/Console/Application->doRunCommand(Object(Illuminate/Database/Console/Migrations/FreshCommand), Object(Symfony/Component/Console/Input/ArgvInput), Object(Symfony/Component/Console/Output/ConsoleOutput))
#41 C:/xampp/htdocs/PROYECT-MAIN-main/vendor/symfony/console/Application.php(195): Symfony/Component/Console/Application->doRun(Object(Symfony/Component/Console/Input/ArgvInput), Object(Symfony/Component/Console/Output/ConsoleOutput))
#42 C:/xampp/htdocs/PROYECT-MAIN-main/vendor/laravel/framework/src/Illuminate/Foundation/Console/Kernel.php(198): Symfony/Component/Console/Application->run(Object(Symfony/Component/Console/Input/ArgvInput), Object(Symfony/Component/Console/Output/ConsoleOutput))
#43 C:/xampp/htdocs/PROYECT-MAIN-main/vendor/laravel/framework/src/Illuminate/Foundation/Application.php(1235): Illuminate/Foundation/Console/Kernel->handle(Object(Symfony/Component/Console/Input/ArgvInput), Object(Symfony/Component/Console/Output/ConsoleOutput))
#44 C:/xampp/htdocs/PROYECT-MAIN-main/artisan(16): Illuminate/Foundation/Application->handleCommand(Object(Symfony/Component/Console/Input/ArgvInput))
#45 {main}

[previous exception] [object] (PDOException(code: HY000): SQLSTATE[HY000]: General error: 1 duplicate column name: role_id at C:/xampp/htdocs/PROYECT-MAIN-main/vendor/laravel/framework/src/Illuminate/Database/Connection.php:578)
[stacktrace]
#0 C:/xampp/htdocs/PROYECT-MAIN-main/vendor/laravel/framework/src/Illuminate/Database/Connection.php(578): PDO->prepare('alter table \"us...')
#1 C:/xampp/htdocs/PROYECT-MAIN-main/vendor/laravel/framework/src/Illuminate/Database/Connection.php(827): Illuminate/Database/Connection->Illuminate/Database/{closure}('alter table \"us...', Array)
#2 C:/xampp/htdocs/PROYECT-MAIN-main/vendor/laravel/framework/src/Illuminate/Database/Connection.php(794): Illuminate/Database/Connection->runQueryCallback('alter table \"us...', Array, Object(Closure))
#3 C:/xampp/htdocs/PROYECT-MAIN-main/vendor/laravel/framework/src/Illuminate/Database/Connection.php(573): Illuminate/Database/Connection->run('alter table \"us...', Array, Object(Closure))
#4 C:/xampp/htdocs/PROYECT-MAIN-main/vendor/laravel/framework/src/Illuminate/Database/Schema/Blueprint.php(121): Illuminate/Database/Connection->statement('alter table \"us...')
#5 C:/xampp/htdocs/PROYECT-MAIN-main/vendor/laravel/framework/src/Illuminate/Database/Schema/Builder.php(686): Illuminate/Database/Schema/Blueprint->build()
#6 C:/xampp/htdocs/PROYECT-MAIN-main/vendor/laravel/framework/src/Illuminate/Database/Schema/Builder.php(494): Illuminate/Database/Schema/Builder->build(Object(Illuminate/Database/Schema/Blueprint))
#7 C:/xampp/htdocs/PROYECT-MAIN-main/vendor/laravel/framework/src/Illuminate/Support/Facades/Facade.php(363): Illuminate/Database/Schema/Builder->table('users', Object(Closure))
#8 C:/xampp/htdocs/PROYECT-MAIN-main/database/migrations/2026_06_04_190230_add_role_id_to_users_table.php(14): Illuminate/Support/Facades/Facade::__callStatic('table', Array)
#9 C:/xampp/htdocs/PROYECT-MAIN-main/vendor/laravel/framework/src/Illuminate/Database/Migrations/Migrator.php(517): Illuminate/Database/Migrations/Migration@anonymous->up()
#10 C:/xampp/htdocs/PROYECT-MAIN-main/vendor/laravel/framework/src/Illuminate/Database/Migrations/Migrator.php(442): Illuminate/Database/Migrations/Migrator->runMethod(Object(Illuminate/Database/SQLiteConnection), Object(Illuminate/Database/Migrations/Migration@anonymous), 'up')
#11 C:/xampp/htdocs/PROYECT-MAIN-main/vendor/laravel/framework/src/Illuminate/Database/Migrations/Migrator.php(451): Illuminate/Database/Migrations/Migrator->Illuminate/Database/Migrations/{closure}()
#12 C:/xampp/htdocs/PROYECT-MAIN-main/vendor/laravel/framework/src/Illuminate/Database/Migrations/Migrator.php(253): Illuminate/Database/Migrations/Migrator->runMigration(Object(Illuminate/Database/Migrations/Migration@anonymous), 'up')
#13 C:/xampp/htdocs/PROYECT-MAIN-main/vendor/laravel/framework/src/Illuminate/Console/View/Components/Task.php(41): Illuminate/Database/Migrations/Migrator->Illuminate/Database/Migrations/{closure}()
#14 C:/xampp/htdocs/PROYECT-MAIN-main/vendor/laravel/framework/src/Illuminate/Database/Migrations/Migrator.php(814): Illuminate/Console/View/Components/Task->render('2026_06_04_1902...', Object(Closure))
#15 C:/xampp/htdocs/PROYECT-MAIN-main/vendor/laravel/framework/src/Illuminate/Database/Migrations/Migrator.php(253): Illuminate/Database/Migrations/Migrator->write('Illuminate//Cons...', '2026_06_04_1902...', Object(Closure))
#16 C:/xampp/htdocs/PROYECT-MAIN-main/vendor/laravel/framework/src/Illuminate/Database/Migrations/Migrator.php(211): Illuminate/Database/Migrations/Migrator->runUp('C://xampp//htdocs...', 1, false)
#17 C:/xampp/htdocs/PROYECT-MAIN-main/vendor/laravel/framework/src/Illuminate/Database/Migrations/Migrator.php(138): Illuminate/Database/Migrations/Migrator->runPending(Array, Array)
#18 C:/xampp/htdocs/PROYECT-MAIN-main/vendor/laravel/framework/src/Illuminate/Database/Console/Migrations/MigrateCommand.php(116): Illuminate/Database/Migrations/Migrator->run(Array, Array)
#19 C:/xampp/htdocs/PROYECT-MAIN-main/vendor/laravel/framework/src/Illuminate/Database/Migrations/Migrator.php(671): Illuminate/Database/Console/Migrations/MigrateCommand->Illuminate/Database/Console/Migrations/{closure}()
#20 C:/xampp/htdocs/PROYECT-MAIN-main/vendor/laravel/framework/src/Illuminate/Database/Console/Migrations/MigrateCommand.php(109): Illuminate/Database/Migrations/Migrator->usingConnection(NULL, Object(Closure))
#21 C:/xampp/htdocs/PROYECT-MAIN-main/vendor/laravel/framework/src/Illuminate/Database/Console/Migrations/MigrateCommand.php(88): Illuminate/Database/Console/Migrations/MigrateCommand->runMigrations()
#22 C:/xampp/htdocs/PROYECT-MAIN-main/vendor/laravel/framework/src/Illuminate/Container/BoundMethod.php(36): Illuminate/Database/Console/Migrations/MigrateCommand->handle()
#23 C:/xampp/htdocs/PROYECT-MAIN-main/vendor/laravel/framework/src/Illuminate/Container/Util.php(43): Illuminate/Container/BoundMethod::Illuminate/Container/{closure}()
#24 C:/xampp/htdocs/PROYECT-MAIN-main/vendor/laravel/framework/src/Illuminate/Container/BoundMethod.php(96): Illuminate/Container/Util::unwrapIfClosure(Object(Closure))
#25 C:/xampp/htdocs/PROYECT-MAIN-main/vendor/laravel/framework/src/Illuminate/Container/BoundMethod.php(35): Illuminate/Container/BoundMethod::callBoundMethod(Object(Illuminate/Foundation/Application), Array, Object(Closure))
#26 C:/xampp/htdocs/PROYECT-MAIN-main/vendor/laravel/framework/src/Illuminate/Container/Container.php(799): Illuminate/Container/BoundMethod::call(Object(Illuminate/Foundation/Application), Array, Array, NULL)
#27 C:/xampp/htdocs/PROYECT-MAIN-main/vendor/laravel/framework/src/Illuminate/Console/Command.php(211): Illuminate/Container/Container->call(Array)
#28 C:/xampp/htdocs/PROYECT-MAIN-main/vendor/symfony/console/Command/Command.php(341): Illuminate/Console/Command->execute(Object(Symfony/Component/Console/Input/ArrayInput), Object(Illuminate/Console/OutputStyle))
#29 C:/xampp/htdocs/PROYECT-MAIN-main/vendor/laravel/framework/src/Illuminate/Console/Command.php(180): Symfony/Component/Console/Command/Command->run(Object(Symfony/Component/Console/Input/ArrayInput), Object(Illuminate/Console/OutputStyle))
#30 C:/xampp/htdocs/PROYECT-MAIN-main/vendor/laravel/framework/src/Illuminate/Console/Concerns/CallsCommands.php(68): Illuminate/Console/Command->run(Object(Symfony/Component/Console/Input/ArrayInput), Object(Illuminate/Console/OutputStyle))
#31 C:/xampp/htdocs/PROYECT-MAIN-main/vendor/laravel/framework/src/Illuminate/Console/Concerns/CallsCommands.php(29): Illuminate/Console/Command->runCommand('migrate', Array, Object(Illuminate/Console/OutputStyle))
#32 C:/xampp/htdocs/PROYECT-MAIN-main/vendor/laravel/framework/src/Illuminate/Database/Console/Migrations/FreshCommand.php(88): Illuminate/Console/Command->call('migrate', Array)
#33 C:/xampp/htdocs/PROYECT-MAIN-main/vendor/laravel/framework/src/Illuminate/Container/BoundMethod.php(36): Illuminate/Database/Console/Migrations/FreshCommand->handle()
#34 C:/xampp/htdocs/PROYECT-MAIN-main/vendor/laravel/framework/src/Illuminate/Container/Util.php(43): Illuminate/Container/BoundMethod::Illuminate/Container/{closure}()
#35 C:/xampp/htdocs/PROYECT-MAIN-main/vendor/laravel/framework/src/Illuminate/Container/BoundMethod.php(96): Illuminate/Container/Util::unwrapIfClosure(Object(Closure))
#36 C:/xampp/htdocs/PROYECT-MAIN-main/vendor/laravel/framework/src/Illuminate/Container/BoundMethod.php(35): Illuminate/Container/BoundMethod::callBoundMethod(Object(Illuminate/Foundation/Application), Array, Object(Closure))
#37 C:/xampp/htdocs/PROYECT-MAIN-main/vendor/laravel/framework/src/Illuminate/Container/Container.php(799): Illuminate/Container/BoundMethod::call(Object(Illuminate/Foundation/Application), Array, Array, NULL)
#38 C:/xampp/htdocs/PROYECT-MAIN-main/vendor/laravel/framework/src/Illuminate/Console/Command.php(211): Illuminate/Container/Container->call(Array)
#39 C:/xampp/htdocs/PROYECT-MAIN-main/vendor/symfony/console/Command/Command.php(341): Illuminate/Console/Command->execute(Object(Symfony/Component/Console/Input/ArgvInput), Object(Illuminate/Console/OutputStyle))
#40 C:/xampp/htdocs/PROYECT-MAIN-main/vendor/laravel/framework/src/Illuminate/Console/Command.php(180): Symfony/Component/Console/Command/Command->run(Object(Symfony/Component/Console/Input/ArgvInput), Object(Illuminate/Console/OutputStyle))
#41 C:/xampp/htdocs/PROYECT-MAIN-main/vendor/symfony/console/Application.php(1117): Illuminate/Console/Command->run(Object(Symfony/Component/Console/Input/ArgvInput), Object(Symfony/Component/Console/Output/ConsoleOutput))
#42 C:/xampp/htdocs/PROYECT-MAIN-main/vendor/symfony/console/Application.php(356): Symfony/Component/Console/Application->doRunCommand(Object(Illuminate/Database/Console/Migrations/FreshCommand), Object(Symfony/Component/Console/Input/ArgvInput), Object(Symfony/Component/Console/Output/ConsoleOutput))
#43 C:/xampp/htdocs/PROYECT-MAIN-main/vendor/symfony/console/Application.php(195): Symfony/Component/Console/Application->doRun(Object(Symfony/Component/Console/Input/ArgvInput), Object(Symfony/Component/Console/Output/ConsoleOutput))
#44 C:/xampp/htdocs/PROYECT-MAIN-main/vendor/laravel/framework/src/Illuminate/Foundation/Console/Kernel.php(198): Symfony/Component/Console/Application->run(Object(Symfony/Component/Console/Input/ArgvInput), Object(Symfony/Component/Console/Output/ConsoleOutput))
#45 C:/xampp/htdocs/PROYECT-MAIN-main/vendor/laravel/framework/src/Illuminate/Foundation/Application.php(1235): Illuminate/Foundation/Console/Kernel->handle(Object(Symfony/Component/Console/Input/ArgvInput), Object(Symfony/Component/Console/Output/ConsoleOutput))
#46 C:/xampp/htdocs/PROYECT-MAIN-main/artisan(16): Illuminate/Foundation/Application->handleCommand(Object(Symfony/Component/Console/Input/ArgvInput))
#47 {main}
"} 
[2026-06-04 19:12:41] local.ERROR: SQLSTATE[HY000]: General error: 1 no such column: user_id (Connection: sqlite, Database: C:\xampp\htdocs\PROYECT-MAIN-main\database\database.sqlite, SQL: update "sessions" set "payload" = YTozOntzOjY6Il90b2tlbiI7czo0MDoiUHZYQ2pXZm0zNVkxd1B6TFpRUTNFQlJqN3lSUGlHaUMzbmh6dWJxcSI7czo5OiJfcHJldmlvdXMiO2E6Mjp7czozOiJ1cmwiO3M6MjE6Imh0dHA6Ly8xMjcuMC4wLjE6ODAwMCI7czo1OiJyb3V0ZSI7Tjt9czo2OiJfZmxhc2giO2E6Mjp7czozOiJvbGQiO2E6MDp7fXM6MzoibmV3IjthOjA6e319fQ==, "last_activity" = 1780600361, "user_id" = ?, "ip_address" = 127.0.0.1, "user_agent" = Mozilla/5.0 (Windows NT 10.0; Win64; x64) AppleWebKit/537.36 (KHTML, like Gecko) Code/1.123.0 Chrome/148.0.7778.97 Electron/42.2.0 Safari/537.36, "id" = onVjds07HtMmYhUXbWkVCAPJDSiZACiktmRC1Uvs where "id" = onVjds07HtMmYhUXbWkVCAPJDSiZACiktmRC1Uvs) {"exception":"[object] (Illuminate\\Database\\QueryException(code: HY000): SQLSTATE[HY000]: General error: 1 no such column: user_id (Connection: sqlite, Database: C:\\xampp\\htdocs\\PROYECT-MAIN-main\\database\\database.sqlite, SQL: update \"sessions\" set \"payload\" = YTozOntzOjY6Il90b2tlbiI7czo0MDoiUHZYQ2pXZm0zNVkxd1B6TFpRUTNFQlJqN3lSUGlHaUMzbmh6dWJxcSI7czo5OiJfcHJldmlvdXMiO2E6Mjp7czozOiJ1cmwiO3M6MjE6Imh0dHA6Ly8xMjcuMC4wLjE6ODAwMCI7czo1OiJyb3V0ZSI7Tjt9czo2OiJfZmxhc2giO2E6Mjp7czozOiJvbGQiO2E6MDp7fXM6MzoibmV3IjthOjA6e319fQ==, \"last_activity\" = 1780600361, \"user_id\" = ?, \"ip_address\" = 127.0.0.1, \"user_agent\" = Mozilla/5.0 (Windows NT 10.0; Win64; x64) AppleWebKit/537.36 (KHTML, like Gecko) Code/1.123.0 Chrome/148.0.7778.97 Electron/42.2.0 Safari/537.36, \"id\" = onVjds07HtMmYhUXbWkVCAPJDSiZACiktmRC1Uvs where \"id\" = onVjds07HtMmYhUXbWkVCAPJDSiZACiktmRC1Uvs) at C:/xampp/htdocs/PROYECT-MAIN-main/vendor/laravel/framework/src/Illuminate/Database/Connection.php:838)
[stacktrace]
#0 C:/xampp/htdocs/PROYECT-MAIN-main/vendor/laravel/framework/src/Illuminate/Database/Connection.php(794): Illuminate/Database/Connection->runQueryCallback('update \"session...', Array, Object(Closure))
#1 C:/xampp/htdocs/PROYECT-MAIN-main/vendor/laravel/framework/src/Illuminate/Database/Connection.php(597): Illuminate/Database/Connection->run('update \"session...', Array, Object(Closure))
#2 C:/xampp/htdocs/PROYECT-MAIN-main/vendor/laravel/framework/src/Illuminate/Database/Connection.php(549): Illuminate/Database/Connection->affectingStatement('update \"session...', Array)
#3 C:/xampp/htdocs/PROYECT-MAIN-main/vendor/laravel/framework/src/Illuminate/Database/Query/Builder.php(4234): Illuminate/Database/Connection->update('update \"session...', Array)
#4 C:/xampp/htdocs/PROYECT-MAIN-main/vendor/laravel/framework/src/Illuminate/Session/DatabaseSessionHandler.php(172): Illuminate/Database/Query/Builder->update(Object(Illuminate/Support/Collection))
#5 C:/xampp/htdocs/PROYECT-MAIN-main/vendor/laravel/framework/src/Illuminate/Session/DatabaseSessionHandler.php(159): Illuminate/Session/DatabaseSessionHandler->performUpdate('onVjds07HtMmYhU...', Array)
#6 C:/xampp/htdocs/PROYECT-MAIN-main/vendor/laravel/framework/src/Illuminate/Session/DatabaseSessionHandler.php(141): Illuminate/Session/DatabaseSessionHandler->performInsert('onVjds07HtMmYhU...', Array)
#7 C:/xampp/htdocs/PROYECT-MAIN-main/vendor/laravel/framework/src/Illuminate/Session/Store.php(187): Illuminate/Session/DatabaseSessionHandler->write('onVjds07HtMmYhU...', 'a:3:{s:6:\"_toke...')
#8 C:/xampp/htdocs/PROYECT-MAIN-main/vendor/laravel/framework/src/Illuminate/Session/Middleware/StartSession.php(248): Illuminate/Session/Store->save()
#9 C:/xampp/htdocs/PROYECT-MAIN-main/vendor/laravel/framework/src/Illuminate/Session/Middleware/StartSession.php(129): Illuminate/Session/Middleware/StartSession->saveSession(Object(Illuminate/Http/Request))
#10 C:/xampp/htdocs/PROYECT-MAIN-main/vendor/laravel/framework/src/Illuminate/Session/Middleware/StartSession.php(63): Illuminate/Session/Middleware/StartSession->handleStatefulRequest(Object(Illuminate/Http/Request), Object(Illuminate/Session/Store), Object(Closure))
#11 C:/xampp/htdocs/PROYECT-MAIN-main/vendor/laravel/framework/src/Illuminate/Pipeline/Pipeline.php(219): Illuminate/Session/Middleware/StartSession->handle(Object(Illuminate/Http/Request), Object(Closure))
#12 C:/xampp/htdocs/PROYECT-MAIN-main/vendor/laravel/framework/src/Illuminate/Cookie/Middleware/AddQueuedCookiesToResponse.php(36): Illuminate/Pipeline/Pipeline->Illuminate/Pipeline/{closure}(Object(Illuminate/Http/Request))
#13 C:/xampp/htdocs/PROYECT-MAIN-main/vendor/laravel/framework/src/Illuminate/Pipeline/Pipeline.php(219): Illuminate/Cookie/Middleware/AddQueuedCookiesToResponse->handle(Object(Illuminate/Http/Request), Object(Closure))
#14 C:/xampp/htdocs/PROYECT-MAIN-main/vendor/laravel/framework/src/Illuminate/Cookie/Middleware/EncryptCookies.php(74): Illuminate/Pipeline/Pipeline->Illuminate/Pipeline/{closure}(Object(Illuminate/Http/Request))
#15 C:/xampp/htdocs/PROYECT-MAIN-main/vendor/laravel/framework/src/Illuminate/Pipeline/Pipeline.php(219): Illuminate/Cookie/Middleware/EncryptCookies->handle(Object(Illuminate/Http/Request), Object(Closure))
#16 C:/xampp/htdocs/PROYECT-MAIN-main/vendor/laravel/framework/src/Illuminate/Pipeline/Pipeline.php(137): Illuminate/Pipeline/Pipeline->Illuminate/Pipeline/{closure}(Object(Illuminate/Http/Request))
#17 C:/xampp/htdocs/PROYECT-MAIN-main/vendor/laravel/framework/src/Illuminate/Routing/Router.php(821): Illuminate/Pipeline/Pipeline->then(Object(Closure))
#18 C:/xampp/htdocs/PROYECT-MAIN-main/vendor/laravel/framework/src/Illuminate/Routing/Router.php(800): Illuminate/Routing/Router->runRouteWithinStack(Object(Illuminate/Routing/Route), Object(Illuminate/Http/Request))
#19 C:/xampp/htdocs/PROYECT-MAIN-main/vendor/laravel/framework/src/Illuminate/Routing/Router.php(764): Illuminate/Routing/Router->runRoute(Object(Illuminate/Http/Request), Object(Illuminate/Routing/Route))
#20 C:/xampp/htdocs/PROYECT-MAIN-main/vendor/laravel/framework/src/Illuminate/Routing/Router.php(753): Illuminate/Routing/Router->dispatchToRoute(Object(Illuminate/Http/Request))
#21 C:/xampp/htdocs/PROYECT-MAIN-main/vendor/laravel/framework/src/Illuminate/Foundation/Http/Kernel.php(200): Illuminate/Routing/Router->dispatch(Object(Illuminate/Http/Request))
#22 C:/xampp/htdocs/PROYECT-MAIN-main/vendor/laravel/framework/src/Illuminate/Pipeline/Pipeline.php(180): Illuminate/Foundation/Http/Kernel->Illuminate/Foundation/Http/{closure}(Object(Illuminate/Http/Request))
#23 C:/xampp/htdocs/PROYECT-MAIN-main/vendor/laravel/framework/src/Illuminate/Foundation/Http/Middleware/TransformsRequest.php(21): Illuminate/Pipeline/Pipeline->Illuminate/Pipeline/{closure}(Object(Illuminate/Http/Request))
#24 C:/xampp/htdocs/PROYECT-MAIN-main/vendor/laravel/framework/src/Illuminate/Foundation/Http/Middleware/ConvertEmptyStringsToNull.php(31): Illuminate/Foundation/Http/Middleware/TransformsRequest->handle(Object(Illuminate/Http/Request), Object(Closure))
#25 C:/xampp/htdocs/PROYECT-MAIN-main/vendor/laravel/framework/src/Illuminate/Pipeline/Pipeline.php(219): Illuminate/Foundation/Http/Middleware/ConvertEmptyStringsToNull->handle(Object(Illuminate/Http/Request), Object(Closure))
#26 C:/xampp/htdocs/PROYECT-MAIN-main/vendor/laravel/framework/src/Illuminate/Foundation/Http/Middleware/TransformsRequest.php(21): Illuminate/Pipeline/Pipeline->Illuminate/Pipeline/{closure}(Object(Illuminate/Http/Request))
#27 C:/xampp/htdocs/PROYECT-MAIN-main/vendor/laravel/framework/src/Illuminate/Foundation/Http/Middleware/TrimStrings.php(51): Illuminate/Foundation/Http/Middleware/TransformsRequest->handle(Object(Illuminate/Http/Request), Object(Closure))
#28 C:/xampp/htdocs/PROYECT-MAIN-main/vendor/laravel/framework/src/Illuminate/Pipeline/Pipeline.php(219): Illuminate/Foundation/Http/Middleware/TrimStrings->handle(Object(Illuminate/Http/Request), Object(Closure))
#29 C:/xampp/htdocs/PROYECT-MAIN-main/vendor/laravel/framework/src/Illuminate/Http/Middleware/ValidatePostSize.php(27): Illuminate/Pipeline/Pipeline->Illuminate/Pipeline/{closure}(Object(Illuminate/Http/Request))
#30 C:/xampp/htdocs/PROYECT-MAIN-main/vendor/laravel/framework/src/Illuminate/Pipeline/Pipeline.php(219): Illuminate/Http/Middleware/ValidatePostSize->handle(Object(Illuminate/Http/Request), Object(Closure))
#31 C:/xampp/htdocs/PROYECT-MAIN-main/vendor/laravel/framework/src/Illuminate/Foundation/Http/Middleware/PreventRequestsDuringMaintenance.php(109): Illuminate/Pipeline/Pipeline->Illuminate/Pipeline/{closure}(Object(Illuminate/Http/Request))
#32 C:/xampp/htdocs/PROYECT-MAIN-main/vendor/laravel/framework/src/Illuminate/Pipeline/Pipeline.php(219): Illuminate/Foundation/Http/Middleware/PreventRequestsDuringMaintenance->handle(Object(Illuminate/Http/Request), Object(Closure))
#33 C:/xampp/htdocs/PROYECT-MAIN-main/vendor/laravel/framework/src/Illuminate/Http/Middleware/HandleCors.php(61): Illuminate/Pipeline/Pipeline->Illuminate/Pipeline/{closure}(Object(Illuminate/Http/Request))
#34 C:/xampp/htdocs/PROYECT-MAIN-main/vendor/laravel/framework/src/Illuminate/Pipeline/Pipeline.php(219): Illuminate/Http/Middleware/HandleCors->handle(Object(Illuminate/Http/Request), Object(Closure))
#35 C:/xampp/htdocs/PROYECT-MAIN-main/vendor/laravel/framework/src/Illuminate/Http/Middleware/TrustProxies.php(58): Illuminate/Pipeline/Pipeline->Illuminate/Pipeline/{closure}(Object(Illuminate/Http/Request))
#36 C:/xampp/htdocs/PROYECT-MAIN-main/vendor/laravel/framework/src/Illuminate/Pipeline/Pipeline.php(219): Illuminate/Http/Middleware/TrustProxies->handle(Object(Illuminate/Http/Request), Object(Closure))
#37 C:/xampp/htdocs/PROYECT-MAIN-main/vendor/laravel/framework/src/Illuminate/Foundation/Http/Middleware/InvokeDeferredCallbacks.php(22): Illuminate/Pipeline/Pipeline->Illuminate/Pipeline/{closure}(Object(Illuminate/Http/Request))
#38 C:/xampp/htdocs/PROYECT-MAIN-main/vendor/laravel/framework/src/Illuminate/Pipeline/Pipeline.php(219): Illuminate/Foundation/Http/Middleware/InvokeDeferredCallbacks->handle(Object(Illuminate/Http/Request), Object(Closure))
#39 C:/xampp/htdocs/PROYECT-MAIN-main/vendor/laravel/framework/src/Illuminate/Http/Middleware/ValidatePathEncoding.php(26): Illuminate/Pipeline/Pipeline->Illuminate/Pipeline/{closure}(Object(Illuminate/Http/Request))
#40 C:/xampp/htdocs/PROYECT-MAIN-main/vendor/laravel/framework/src/Illuminate/Pipeline/Pipeline.php(219): Illuminate/Http/Middleware/ValidatePathEncoding->handle(Object(Illuminate/Http/Request), Object(Closure))
#41 C:/xampp/htdocs/PROYECT-MAIN-main/vendor/laravel/framework/src/Illuminate/Pipeline/Pipeline.php(137): Illuminate/Pipeline/Pipeline->Illuminate/Pipeline/{closure}(Object(Illuminate/Http/Request))
#42 C:/xampp/htdocs/PROYECT-MAIN-main/vendor/laravel/framework/src/Illuminate/Foundation/Http/Kernel.php(175): Illuminate/Pipeline/Pipeline->then(Object(Closure))
#43 C:/xampp/htdocs/PROYECT-MAIN-main/vendor/laravel/framework/src/Illuminate/Foundation/Http/Kernel.php(144): Illuminate/Foundation/Http/Kernel->sendRequestThroughRouter(Object(Illuminate/Http/Request))
#44 C:/xampp/htdocs/PROYECT-MAIN-main/vendor/laravel/framework/src/Illuminate/Foundation/Application.php(1220): Illuminate/Foundation/Http/Kernel->handle(Object(Illuminate/Http/Request))
#45 C:/xampp/htdocs/PROYECT-MAIN-main/public/index.php(20): Illuminate/Foundation/Application->handleRequest(Object(Illuminate/Http/Request))
#46 C:/xampp/htdocs/PROYECT-MAIN-main/vendor/laravel/framework/src/Illuminate/Foundation/resources/server.php(23): require_once('C://xampp//htdocs...')
#47 {main}

[previous exception] [object] (PDOException(code: HY000): SQLSTATE[HY000]: General error: 1 no such column: user_id at C:/xampp/htdocs/PROYECT-MAIN-main/vendor/laravel/framework/src/Illuminate/Database/Connection.php:605)
[stacktrace]
#0 C:/xampp/htdocs/PROYECT-MAIN-main/vendor/laravel/framework/src/Illuminate/Database/Connection.php(605): PDO->prepare('update \"session...')
#1 C:/xampp/htdocs/PROYECT-MAIN-main/vendor/laravel/framework/src/Illuminate/Database/Connection.php(827): Illuminate/Database/Connection->Illuminate/Database/{closure}('update \"session...', Array)
#2 C:/xampp/htdocs/PROYECT-MAIN-main/vendor/laravel/framework/src/Illuminate/Database/Connection.php(794): Illuminate/Database/Connection->runQueryCallback('update \"session...', Array, Object(Closure))
#3 C:/xampp/htdocs/PROYECT-MAIN-main/vendor/laravel/framework/src/Illuminate/Database/Connection.php(597): Illuminate/Database/Connection->run('update \"session...', Array, Object(Closure))
#4 C:/xampp/htdocs/PROYECT-MAIN-main/vendor/laravel/framework/src/Illuminate/Database/Connection.php(549): Illuminate/Database/Connection->affectingStatement('update \"session...', Array)
#5 C:/xampp/htdocs/PROYECT-MAIN-main/vendor/laravel/framework/src/Illuminate/Database/Query/Builder.php(4234): Illuminate/Database/Connection->update('update \"session...', Array)
#6 C:/xampp/htdocs/PROYECT-MAIN-main/vendor/laravel/framework/src/Illuminate/Session/DatabaseSessionHandler.php(172): Illuminate/Database/Query/Builder->update(Object(Illuminate/Support/Collection))
#7 C:/xampp/htdocs/PROYECT-MAIN-main/vendor/laravel/framework/src/Illuminate/Session/DatabaseSessionHandler.php(159): Illuminate/Session/DatabaseSessionHandler->performUpdate('onVjds07HtMmYhU...', Array)
#8 C:/xampp/htdocs/PROYECT-MAIN-main/vendor/laravel/framework/src/Illuminate/Session/DatabaseSessionHandler.php(141): Illuminate/Session/DatabaseSessionHandler->performInsert('onVjds07HtMmYhU...', Array)
#9 C:/xampp/htdocs/PROYECT-MAIN-main/vendor/laravel/framework/src/Illuminate/Session/Store.php(187): Illuminate/Session/DatabaseSessionHandler->write('onVjds07HtMmYhU...', 'a:3:{s:6:\"_toke...')
#10 C:/xampp/htdocs/PROYECT-MAIN-main/vendor/laravel/framework/src/Illuminate/Session/Middleware/StartSession.php(248): Illuminate/Session/Store->save()
#11 C:/xampp/htdocs/PROYECT-MAIN-main/vendor/laravel/framework/src/Illuminate/Session/Middleware/StartSession.php(129): Illuminate/Session/Middleware/StartSession->saveSession(Object(Illuminate/Http/Request))
#12 C:/xampp/htdocs/PROYECT-MAIN-main/vendor/laravel/framework/src/Illuminate/Session/Middleware/StartSession.php(63): Illuminate/Session/Middleware/StartSession->handleStatefulRequest(Object(Illuminate/Http/Request), Object(Illuminate/Session/Store), Object(Closure))
#13 C:/xampp/htdocs/PROYECT-MAIN-main/vendor/laravel/framework/src/Illuminate/Pipeline/Pipeline.php(219): Illuminate/Session/Middleware/StartSession->handle(Object(Illuminate/Http/Request), Object(Closure))
#14 C:/xampp/htdocs/PROYECT-MAIN-main/vendor/laravel/framework/src/Illuminate/Cookie/Middleware/AddQueuedCookiesToResponse.php(36): Illuminate/Pipeline/Pipeline->Illuminate/Pipeline/{closure}(Object(Illuminate/Http/Request))
#15 C:/xampp/htdocs/PROYECT-MAIN-main/vendor/laravel/framework/src/Illuminate/Pipeline/Pipeline.php(219): Illuminate/Cookie/Middleware/AddQueuedCookiesToResponse->handle(Object(Illuminate/Http/Request), Object(Closure))
#16 C:/xampp/htdocs/PROYECT-MAIN-main/vendor/laravel/framework/src/Illuminate/Cookie/Middleware/EncryptCookies.php(74): Illuminate/Pipeline/Pipeline->Illuminate/Pipeline/{closure}(Object(Illuminate/Http/Request))
#17 C:/xampp/htdocs/PROYECT-MAIN-main/vendor/laravel/framework/src/Illuminate/Pipeline/Pipeline.php(219): Illuminate/Cookie/Middleware/EncryptCookies->handle(Object(Illuminate/Http/Request), Object(Closure))
#18 C:/xampp/htdocs/PROYECT-MAIN-main/vendor/laravel/framework/src/Illuminate/Pipeline/Pipeline.php(137): Illuminate/Pipeline/Pipeline->Illuminate/Pipeline/{closure}(Object(Illuminate/Http/Request))
#19 C:/xampp/htdocs/PROYECT-MAIN-main/vendor/laravel/framework/src/Illuminate/Routing/Router.php(821): Illuminate/Pipeline/Pipeline->then(Object(Closure))
#20 C:/xampp/htdocs/PROYECT-MAIN-main/vendor/laravel/framework/src/Illuminate/Routing/Router.php(800): Illuminate/Routing/Router->runRouteWithinStack(Object(Illuminate/Routing/Route), Object(Illuminate/Http/Request))
#21 C:/xampp/htdocs/PROYECT-MAIN-main/vendor/laravel/framework/src/Illuminate/Routing/Router.php(764): Illuminate/Routing/Router->runRoute(Object(Illuminate/Http/Request), Object(Illuminate/Routing/Route))
#22 C:/xampp/htdocs/PROYECT-MAIN-main/vendor/laravel/framework/src/Illuminate/Routing/Router.php(753): Illuminate/Routing/Router->dispatchToRoute(Object(Illuminate/Http/Request))
#23 C:/xampp/htdocs/PROYECT-MAIN-main/vendor/laravel/framework/src/Illuminate/Foundation/Http/Kernel.php(200): Illuminate/Routing/Router->dispatch(Object(Illuminate/Http/Request))
#24 C:/xampp/htdocs/PROYECT-MAIN-main/vendor/laravel/framework/src/Illuminate/Pipeline/Pipeline.php(180): Illuminate/Foundation/Http/Kernel->Illuminate/Foundation/Http/{closure}(Object(Illuminate/Http/Request))
#25 C:/xampp/htdocs/PROYECT-MAIN-main/vendor/laravel/framework/src/Illuminate/Foundation/Http/Middleware/TransformsRequest.php(21): Illuminate/Pipeline/Pipeline->Illuminate/Pipeline/{closure}(Object(Illuminate/Http/Request))
#26 C:/xampp/htdocs/PROYECT-MAIN-main/vendor/laravel/framework/src/Illuminate/Foundation/Http/Middleware/ConvertEmptyStringsToNull.php(31): Illuminate/Foundation/Http/Middleware/TransformsRequest->handle(Object(Illuminate/Http/Request), Object(Closure))
#27 C:/xampp/htdocs/PROYECT-MAIN-main/vendor/laravel/framework/src/Illuminate/Pipeline/Pipeline.php(219): Illuminate/Foundation/Http/Middleware/ConvertEmptyStringsToNull->handle(Object(Illuminate/Http/Request), Object(Closure))
#28 C:/xampp/htdocs/PROYECT-MAIN-main/vendor/laravel/framework/src/Illuminate/Foundation/Http/Middleware/TransformsRequest.php(21): Illuminate/Pipeline/Pipeline->Illuminate/Pipeline/{closure}(Object(Illuminate/Http/Request))
#29 C:/xampp/htdocs/PROYECT-MAIN-main/vendor/laravel/framework/src/Illuminate/Foundation/Http/Middleware/TrimStrings.php(51): Illuminate/Foundation/Http/Middleware/TransformsRequest->handle(Object(Illuminate/Http/Request), Object(Closure))
#30 C:/xampp/htdocs/PROYECT-MAIN-main/vendor/laravel/framework/src/Illuminate/Pipeline/Pipeline.php(219): Illuminate/Foundation/Http/Middleware/TrimStrings->handle(Object(Illuminate/Http/Request), Object(Closure))
#31 C:/xampp/htdocs/PROYECT-MAIN-main/vendor/laravel/framework/src/Illuminate/Http/Middleware/ValidatePostSize.php(27): Illuminate/Pipeline/Pipeline->Illuminate/Pipeline/{closure}(Object(Illuminate/Http/Request))
#32 C:/xampp/htdocs/PROYECT-MAIN-main/vendor/laravel/framework/src/Illuminate/Pipeline/Pipeline.php(219): Illuminate/Http/Middleware/ValidatePostSize->handle(Object(Illuminate/Http/Request), Object(Closure))
#33 C:/xampp/htdocs/PROYECT-MAIN-main/vendor/laravel/framework/src/Illuminate/Foundation/Http/Middleware/PreventRequestsDuringMaintenance.php(109): Illuminate/Pipeline/Pipeline->Illuminate/Pipeline/{closure}(Object(Illuminate/Http/Request))
#34 C:/xampp/htdocs/PROYECT-MAIN-main/vendor/laravel/framework/src/Illuminate/Pipeline/Pipeline.php(219): Illuminate/Foundation/Http/Middleware/PreventRequestsDuringMaintenance->handle(Object(Illuminate/Http/Request), Object(Closure))
#35 C:/xampp/htdocs/PROYECT-MAIN-main/vendor/laravel/framework/src/Illuminate/Http/Middleware/HandleCors.php(61): Illuminate/Pipeline/Pipeline->Illuminate/Pipeline/{closure}(Object(Illuminate/Http/Request))
#36 C:/xampp/htdocs/PROYECT-MAIN-main/vendor/laravel/framework/src/Illuminate/Pipeline/Pipeline.php(219): Illuminate/Http/Middleware/HandleCors->handle(Object(Illuminate/Http/Request), Object(Closure))
#37 C:/xampp/htdocs/PROYECT-MAIN-main/vendor/laravel/framework/src/Illuminate/Http/Middleware/TrustProxies.php(58): Illuminate/Pipeline/Pipeline->Illuminate/Pipeline/{closure}(Object(Illuminate/Http/Request))
#38 C:/xampp/htdocs/PROYECT-MAIN-main/vendor/laravel/framework/src/Illuminate/Pipeline/Pipeline.php(219): Illuminate/Http/Middleware/TrustProxies->handle(Object(Illuminate/Http/Request), Object(Closure))
#39 C:/xampp/htdocs/PROYECT-MAIN-main/vendor/laravel/framework/src/Illuminate/Foundation/Http/Middleware/InvokeDeferredCallbacks.php(22): Illuminate/Pipeline/Pipeline->Illuminate/Pipeline/{closure}(Object(Illuminate/Http/Request))
#40 C:/xampp/htdocs/PROYECT-MAIN-main/vendor/laravel/framework/src/Illuminate/Pipeline/Pipeline.php(219): Illuminate/Foundation/Http/Middleware/InvokeDeferredCallbacks->handle(Object(Illuminate/Http/Request), Object(Closure))
#41 C:/xampp/htdocs/PROYECT-MAIN-main/vendor/laravel/framework/src/Illuminate/Http/Middleware/ValidatePathEncoding.php(26): Illuminate/Pipeline/Pipeline->Illuminate/Pipeline/{closure}(Object(Illuminate/Http/Request))
#42 C:/xampp/htdocs/PROYECT-MAIN-main/vendor/laravel/framework/src/Illuminate/Pipeline/Pipeline.php(219): Illuminate/Http/Middleware/ValidatePathEncoding->handle(Object(Illuminate/Http/Request), Object(Closure))
#43 C:/xampp/htdocs/PROYECT-MAIN-main/vendor/laravel/framework/src/Illuminate/Pipeline/Pipeline.php(137): Illuminate/Pipeline/Pipeline->Illuminate/Pipeline/{closure}(Object(Illuminate/Http/Request))
#44 C:/xampp/htdocs/PROYECT-MAIN-main/vendor/laravel/framework/src/Illuminate/Foundation/Http/Kernel.php(175): Illuminate/Pipeline/Pipeline->then(Object(Closure))
#45 C:/xampp/htdocs/PROYECT-MAIN-main/vendor/laravel/framework/src/Illuminate/Foundation/Http/Kernel.php(144): Illuminate/Foundation/Http/Kernel->sendRequestThroughRouter(Object(Illuminate/Http/Request))
#46 C:/xampp/htdocs/PROYECT-MAIN-main/vendor/laravel/framework/src/Illuminate/Foundation/Application.php(1220): Illuminate/Foundation/Http/Kernel->handle(Object(Illuminate/Http/Request))
#47 C:/xampp/htdocs/PROYECT-MAIN-main/public/index.php(20): Illuminate/Foundation/Application->handleRequest(Object(Illuminate/Http/Request))
#48 C:/xampp/htdocs/PROYECT-MAIN-main/vendor/laravel/framework/src/Illuminate/Foundation/resources/server.php(23): require_once('C://xampp//htdocs...')
#49 {main}
"} 
[2026-06-04 19:21:38] local.ERROR: View [services.index] not found. {"userId":1,"exception":"[object] (InvalidArgumentException(code: 0): View [services.index] not found. at C:/xampp/htdocs/PROYECT-MAIN-main/vendor/laravel/framework/src/Illuminate/View/FileViewFinder.php:138)
[stacktrace]
#0 C:/xampp/htdocs/PROYECT-MAIN-main/vendor/laravel/framework/src/Illuminate/View/FileViewFinder.php(78): Illuminate/View/FileViewFinder->findInPaths('services.index', Array)
#1 C:/xampp/htdocs/PROYECT-MAIN-main/vendor/laravel/framework/src/Illuminate/View/Factory.php(150): Illuminate/View/FileViewFinder->find('services.index')
#2 C:/xampp/htdocs/PROYECT-MAIN-main/vendor/laravel/framework/src/Illuminate/Foundation/helpers.php(1100): Illuminate/View/Factory->make('services.index', Array, Array)
#3 C:/xampp/htdocs/PROYECT-MAIN-main/app/Http/Controllers/ServiceController.php(13): view('services.index', Array)
#4 C:/xampp/htdocs/PROYECT-MAIN-main/vendor/laravel/framework/src/Illuminate/Routing/ControllerDispatcher.php(46): App/Http/Controllers/ServiceController->index()
#5 C:/xampp/htdocs/PROYECT-MAIN-main/vendor/laravel/framework/src/Illuminate/Routing/Route.php(265): Illuminate/Routing/ControllerDispatcher->dispatch(Object(Illuminate/Routing/Route), Object(App/Http/Controllers/ServiceController), 'index')
#6 C:/xampp/htdocs/PROYECT-MAIN-main/vendor/laravel/framework/src/Illuminate/Routing/Route.php(211): Illuminate/Routing/Route->runController()
#7 C:/xampp/htdocs/PROYECT-MAIN-main/vendor/laravel/framework/src/Illuminate/Routing/Router.php(822): Illuminate/Routing/Route->run()
#8 C:/xampp/htdocs/PROYECT-MAIN-main/vendor/laravel/framework/src/Illuminate/Pipeline/Pipeline.php(180): Illuminate/Routing/Router->Illuminate/Routing/{closure}(Object(Illuminate/Http/Request))
#9 C:/xampp/htdocs/PROYECT-MAIN-main/app/Http/Middleware/RoleMiddleware.php(18): Illuminate/Pipeline/Pipeline->Illuminate/Pipeline/{closure}(Object(Illuminate/Http/Request))
#10 C:/xampp/htdocs/PROYECT-MAIN-main/vendor/laravel/framework/src/Illuminate/Pipeline/Pipeline.php(219): App/Http/Middleware/RoleMiddleware->handle(Object(Illuminate/Http/Request), Object(Closure), 'admin')
#11 C:/xampp/htdocs/PROYECT-MAIN-main/vendor/laravel/framework/src/Illuminate/Routing/Middleware/SubstituteBindings.php(50): Illuminate/Pipeline/Pipeline->Illuminate/Pipeline/{closure}(Object(Illuminate/Http/Request))
#12 C:/xampp/htdocs/PROYECT-MAIN-main/vendor/laravel/framework/src/Illuminate/Pipeline/Pipeline.php(219): Illuminate/Routing/Middleware/SubstituteBindings->handle(Object(Illuminate/Http/Request), Object(Closure))
#13 C:/xampp/htdocs/PROYECT-MAIN-main/vendor/laravel/framework/src/Illuminate/Auth/Middleware/Authenticate.php(63): Illuminate/Pipeline/Pipeline->Illuminate/Pipeline/{closure}(Object(Illuminate/Http/Request))
#14 C:/xampp/htdocs/PROYECT-MAIN-main/vendor/laravel/framework/src/Illuminate/Pipeline/Pipeline.php(219): Illuminate/Auth/Middleware/Authenticate->handle(Object(Illuminate/Http/Request), Object(Closure))
#15 C:/xampp/htdocs/PROYECT-MAIN-main/vendor/laravel/framework/src/Illuminate/Foundation/Http/Middleware/VerifyCsrfToken.php(87): Illuminate/Pipeline/Pipeline->Illuminate/Pipeline/{closure}(Object(Illuminate/Http/Request))
#16 C:/xampp/htdocs/PROYECT-MAIN-main/vendor/laravel/framework/src/Illuminate/Pipeline/Pipeline.php(219): Illuminate/Foundation/Http/Middleware/VerifyCsrfToken->handle(Object(Illuminate/Http/Request), Object(Closure))
#17 C:/xampp/htdocs/PROYECT-MAIN-main/vendor/laravel/framework/src/Illuminate/View/Middleware/ShareErrorsFromSession.php(48): Illuminate/Pipeline/Pipeline->Illuminate/Pipeline/{closure}(Object(Illuminate/Http/Request))
#18 C:/xampp/htdocs/PROYECT-MAIN-main/vendor/laravel/framework/src/Illuminate/Pipeline/Pipeline.php(219): Illuminate/View/Middleware/ShareErrorsFromSession->handle(Object(Illuminate/Http/Request), Object(Closure))
#19 C:/xampp/htdocs/PROYECT-MAIN-main/vendor/laravel/framework/src/Illuminate/Session/Middleware/StartSession.php(120): Illuminate/Pipeline/Pipeline->Illuminate/Pipeline/{closure}(Object(Illuminate/Http/Request))
#20 C:/xampp/htdocs/PROYECT-MAIN-main/vendor/laravel/framework/src/Illuminate/Session/Middleware/StartSession.php(63): Illuminate/Session/Middleware/StartSession->handleStatefulRequest(Object(Illuminate/Http/Request), Object(Illuminate/Session/Store), Object(Closure))
#21 C:/xampp/htdocs/PROYECT-MAIN-main/vendor/laravel/framework/src/Illuminate/Pipeline/Pipeline.php(219): Illuminate/Session/Middleware/StartSession->handle(Object(Illuminate/Http/Request), Object(Closure))
#22 C:/xampp/htdocs/PROYECT-MAIN-main/vendor/laravel/framework/src/Illuminate/Cookie/Middleware/AddQueuedCookiesToResponse.php(36): Illuminate/Pipeline/Pipeline->Illuminate/Pipeline/{closure}(Object(Illuminate/Http/Request))
#23 C:/xampp/htdocs/PROYECT-MAIN-main/vendor/laravel/framework/src/Illuminate/Pipeline/Pipeline.php(219): Illuminate/Cookie/Middleware/AddQueuedCookiesToResponse->handle(Object(Illuminate/Http/Request), Object(Closure))
#24 C:/xampp/htdocs/PROYECT-MAIN-main/vendor/laravel/framework/src/Illuminate/Cookie/Middleware/EncryptCookies.php(74): Illuminate/Pipeline/Pipeline->Illuminate/Pipeline/{closure}(Object(Illuminate/Http/Request))
#25 C:/xampp/htdocs/PROYECT-MAIN-main/vendor/laravel/framework/src/Illuminate/Pipeline/Pipeline.php(219): Illuminate/Cookie/Middleware/EncryptCookies->handle(Object(Illuminate/Http/Request), Object(Closure))
#26 C:/xampp/htdocs/PROYECT-MAIN-main/vendor/laravel/framework/src/Illuminate/Pipeline/Pipeline.php(137): Illuminate/Pipeline/Pipeline->Illuminate/Pipeline/{closure}(Object(Illuminate/Http/Request))
#27 C:/xampp/htdocs/PROYECT-MAIN-main/vendor/laravel/framework/src/Illuminate/Routing/Router.php(821): Illuminate/Pipeline/Pipeline->then(Object(Closure))
#28 C:/xampp/htdocs/PROYECT-MAIN-main/vendor/laravel/framework/src/Illuminate/Routing/Router.php(800): Illuminate/Routing/Router->runRouteWithinStack(Object(Illuminate/Routing/Route), Object(Illuminate/Http/Request))
#29 C:/xampp/htdocs/PROYECT-MAIN-main/vendor/laravel/framework/src/Illuminate/Routing/Router.php(764): Illuminate/Routing/Router->runRoute(Object(Illuminate/Http/Request), Object(Illuminate/Routing/Route))
#30 C:/xampp/htdocs/PROYECT-MAIN-main/vendor/laravel/framework/src/Illuminate/Routing/Router.php(753): Illuminate/Routing/Router->dispatchToRoute(Object(Illuminate/Http/Request))
#31 C:/xampp/htdocs/PROYECT-MAIN-main/vendor/laravel/framework/src/Illuminate/Foundation/Http/Kernel.php(200): Illuminate/Routing/Router->dispatch(Object(Illuminate/Http/Request))
#32 C:/xampp/htdocs/PROYECT-MAIN-main/vendor/laravel/framework/src/Illuminate/Pipeline/Pipeline.php(180): Illuminate/Foundation/Http/Kernel->Illuminate/Foundation/Http/{closure}(Object(Illuminate/Http/Request))
#33 C:/xampp/htdocs/PROYECT-MAIN-main/vendor/laravel/framework/src/Illuminate/Foundation/Http/Middleware/TransformsRequest.php(21): Illuminate/Pipeline/Pipeline->Illuminate/Pipeline/{closure}(Object(Illuminate/Http/Request))
#34 C:/xampp/htdocs/PROYECT-MAIN-main/vendor/laravel/framework/src/Illuminate/Foundation/Http/Middleware/ConvertEmptyStringsToNull.php(31): Illuminate/Foundation/Http/Middleware/TransformsRequest->handle(Object(Illuminate/Http/Request), Object(Closure))
#35 C:/xampp/htdocs/PROYECT-MAIN-main/vendor/laravel/framework/src/Illuminate/Pipeline/Pipeline.php(219): Illuminate/Foundation/Http/Middleware/ConvertEmptyStringsToNull->handle(Object(Illuminate/Http/Request), Object(Closure))
#36 C:/xampp/htdocs/PROYECT-MAIN-main/vendor/laravel/framework/src/Illuminate/Foundation/Http/Middleware/TransformsRequest.php(21): Illuminate/Pipeline/Pipeline->Illuminate/Pipeline/{closure}(Object(Illuminate/Http/Request))
#37 C:/xampp/htdocs/PROYECT-MAIN-main/vendor/laravel/framework/src/Illuminate/Foundation/Http/Middleware/TrimStrings.php(51): Illuminate/Foundation/Http/Middleware/TransformsRequest->handle(Object(Illuminate/Http/Request), Object(Closure))
#38 C:/xampp/htdocs/PROYECT-MAIN-main/vendor/laravel/framework/src/Illuminate/Pipeline/Pipeline.php(219): Illuminate/Foundation/Http/Middleware/TrimStrings->handle(Object(Illuminate/Http/Request), Object(Closure))
#39 C:/xampp/htdocs/PROYECT-MAIN-main/vendor/laravel/framework/src/Illuminate/Http/Middleware/ValidatePostSize.php(27): Illuminate/Pipeline/Pipeline->Illuminate/Pipeline/{closure}(Object(Illuminate/Http/Request))
#40 C:/xampp/htdocs/PROYECT-MAIN-main/vendor/laravel/framework/src/Illuminate/Pipeline/Pipeline.php(219): Illuminate/Http/Middleware/ValidatePostSize->handle(Object(Illuminate/Http/Request), Object(Closure))
#41 C:/xampp/htdocs/PROYECT-MAIN-main/vendor/laravel/framework/src/Illuminate/Foundation/Http/Middleware/PreventRequestsDuringMaintenance.php(109): Illuminate/Pipeline/Pipeline->Illuminate/Pipeline/{closure}(Object(Illuminate/Http/Request))
#42 C:/xampp/htdocs/PROYECT-MAIN-main/vendor/laravel/framework/src/Illuminate/Pipeline/Pipeline.php(219): Illuminate/Foundation/Http/Middleware/PreventRequestsDuringMaintenance->handle(Object(Illuminate/Http/Request), Object(Closure))
#43 C:/xampp/htdocs/PROYECT-MAIN-main/vendor/laravel/framework/src/Illuminate/Http/Middleware/HandleCors.php(61): Illuminate/Pipeline/Pipeline->Illuminate/Pipeline/{closure}(Object(Illuminate/Http/Request))
#44 C:/xampp/htdocs/PROYECT-MAIN-main/vendor/laravel/framework/src/Illuminate/Pipeline/Pipeline.php(219): Illuminate/Http/Middleware/HandleCors->handle(Object(Illuminate/Http/Request), Object(Closure))
#45 C:/xampp/htdocs/PROYECT-MAIN-main/vendor/laravel/framework/src/Illuminate/Http/Middleware/TrustProxies.php(58): Illuminate/Pipeline/Pipeline->Illuminate/Pipeline/{closure}(Object(Illuminate/Http/Request))
#46 C:/xampp/htdocs/PROYECT-MAIN-main/vendor/laravel/framework/src/Illuminate/Pipeline/Pipeline.php(219): Illuminate/Http/Middleware/TrustProxies->handle(Object(Illuminate/Http/Request), Object(Closure))
#47 C:/xampp/htdocs/PROYECT-MAIN-main/vendor/laravel/framework/src/Illuminate/Foundation/Http/Middleware/InvokeDeferredCallbacks.php(22): Illuminate/Pipeline/Pipeline->Illuminate/Pipeline/{closure}(Object(Illuminate/Http/Request))
#48 C:/xampp/htdocs/PROYECT-MAIN-main/vendor/laravel/framework/src/Illuminate/Pipeline/Pipeline.php(219): Illuminate/Foundation/Http/Middleware/InvokeDeferredCallbacks->handle(Object(Illuminate/Http/Request), Object(Closure))
#49 C:/xampp/htdocs/PROYECT-MAIN-main/vendor/laravel/framework/src/Illuminate/Http/Middleware/ValidatePathEncoding.php(26): Illuminate/Pipeline/Pipeline->Illuminate/Pipeline/{closure}(Object(Illuminate/Http/Request))
#50 C:/xampp/htdocs/PROYECT-MAIN-main/vendor/laravel/framework/src/Illuminate/Pipeline/Pipeline.php(219): Illuminate/Http/Middleware/ValidatePathEncoding->handle(Object(Illuminate/Http/Request), Object(Closure))
#51 C:/xampp/htdocs/PROYECT-MAIN-main/vendor/laravel/framework/src/Illuminate/Pipeline/Pipeline.php(137): Illuminate/Pipeline/Pipeline->Illuminate/Pipeline/{closure}(Object(Illuminate/Http/Request))
#52 C:/xampp/htdocs/PROYECT-MAIN-main/vendor/laravel/framework/src/Illuminate/Foundation/Http/Kernel.php(175): Illuminate/Pipeline/Pipeline->then(Object(Closure))
#53 C:/xampp/htdocs/PROYECT-MAIN-main/vendor/laravel/framework/src/Illuminate/Foundation/Http/Kernel.php(144): Illuminate/Foundation/Http/Kernel->sendRequestThroughRouter(Object(Illuminate/Http/Request))
#54 C:/xampp/htdocs/PROYECT-MAIN-main/vendor/laravel/framework/src/Illuminate/Foundation/Application.php(1220): Illuminate/Foundation/Http/Kernel->handle(Object(Illuminate/Http/Request))
#55 C:/xampp/htdocs/PROYECT-MAIN-main/public/index.php(20): Illuminate/Foundation/Application->handleRequest(Object(Illuminate/Http/Request))
#56 C:/xampp/htdocs/PROYECT-MAIN-main/vendor/laravel/framework/src/Illuminate/Foundation/resources/server.php(23): require_once('C://xampp//htdocs...')
#57 {main}
"} 
[2026-06-04 19:44:21] local.ERROR: syntax error, unexpected end of file (View: C:\xampp\htdocs\PROYECT-MAIN-main\resources\views\dashboard.blade.php) {"userId":1,"exception":"[object] (Illuminate\\View\\ViewException(code: 0): syntax error, unexpected end of file (View: C:\\xampp\\htdocs\\PROYECT-MAIN-main\\resources\\views\\dashboard.blade.php) at C:/xampp/htdocs/PROYECT-MAIN-main/storage/framework/views/05f4f6f7f3e5da74c9de22ce457c026c.php:463)
[stacktrace]
#0 C:/xampp/htdocs/PROYECT-MAIN-main/vendor/laravel/framework/src/Illuminate/View/Engines/PhpEngine.php(59): Illuminate/View/Engines/CompilerEngine->handleViewException(Object(ParseError), 1)
#1 C:/xampp/htdocs/PROYECT-MAIN-main/vendor/laravel/framework/src/Illuminate/View/Engines/CompilerEngine.php(76): Illuminate/View/Engines/PhpEngine->evaluatePath('C://xampp//htdocs...', Array)
#2 C:/xampp/htdocs/PROYECT-MAIN-main/vendor/laravel/framework/src/Illuminate/View/View.php(208): Illuminate/View/Engines/CompilerEngine->get('C://xampp//htdocs...', Array)
#3 C:/xampp/htdocs/PROYECT-MAIN-main/vendor/laravel/framework/src/Illuminate/View/View.php(191): Illuminate/View/View->getContents()
#4 C:/xampp/htdocs/PROYECT-MAIN-main/vendor/laravel/framework/src/Illuminate/View/View.php(160): Illuminate/View/View->renderContents()
#5 C:/xampp/htdocs/PROYECT-MAIN-main/vendor/laravel/framework/src/Illuminate/Http/Response.php(78): Illuminate/View/View->render()
#6 C:/xampp/htdocs/PROYECT-MAIN-main/vendor/laravel/framework/src/Illuminate/Http/Response.php(34): Illuminate/Http/Response->setContent(Object(Illuminate/View/View))
#7 C:/xampp/htdocs/PROYECT-MAIN-main/vendor/laravel/framework/src/Illuminate/Routing/Router.php(939): Illuminate/Http/Response->__construct(Object(Illuminate/View/View), 200, Array)
#8 C:/xampp/htdocs/PROYECT-MAIN-main/vendor/laravel/framework/src/Illuminate/Routing/Router.php(906): Illuminate/Routing/Router::toResponse(Object(Illuminate/Http/Request), Object(Illuminate/View/View))
#9 C:/xampp/htdocs/PROYECT-MAIN-main/vendor/laravel/framework/src/Illuminate/Routing/Router.php(821): Illuminate/Routing/Router->prepareResponse(Object(Illuminate/Http/Request), Object(Illuminate/View/View))
#10 C:/xampp/htdocs/PROYECT-MAIN-main/vendor/laravel/framework/src/Illuminate/Pipeline/Pipeline.php(180): Illuminate/Routing/Router->Illuminate/Routing/{closure}(Object(Illuminate/Http/Request))
#11 C:/xampp/htdocs/PROYECT-MAIN-main/vendor/laravel/framework/src/Illuminate/Auth/Middleware/EnsureEmailIsVerified.php(41): Illuminate/Pipeline/Pipeline->Illuminate/Pipeline/{closure}(Object(Illuminate/Http/Request))
#12 C:/xampp/htdocs/PROYECT-MAIN-main/vendor/laravel/framework/src/Illuminate/Pipeline/Pipeline.php(219): Illuminate/Auth/Middleware/EnsureEmailIsVerified->handle(Object(Illuminate/Http/Request), Object(Closure))
#13 C:/xampp/htdocs/PROYECT-MAIN-main/vendor/laravel/framework/src/Illuminate/Routing/Middleware/SubstituteBindings.php(50): Illuminate/Pipeline/Pipeline->Illuminate/Pipeline/{closure}(Object(Illuminate/Http/Request))
#14 C:/xampp/htdocs/PROYECT-MAIN-main/vendor/laravel/framework/src/Illuminate/Pipeline/Pipeline.php(219): Illuminate/Routing/Middleware/SubstituteBindings->handle(Object(Illuminate/Http/Request), Object(Closure))
#15 C:/xampp/htdocs/PROYECT-MAIN-main/vendor/laravel/framework/src/Illuminate/Auth/Middleware/Authenticate.php(63): Illuminate/Pipeline/Pipeline->Illuminate/Pipeline/{closure}(Object(Illuminate/Http/Request))
#16 C:/xampp/htdocs/PROYECT-MAIN-main/vendor/laravel/framework/src/Illuminate/Pipeline/Pipeline.php(219): Illuminate/Auth/Middleware/Authenticate->handle(Object(Illuminate/Http/Request), Object(Closure))
#17 C:/xampp/htdocs/PROYECT-MAIN-main/vendor/laravel/framework/src/Illuminate/Foundation/Http/Middleware/VerifyCsrfToken.php(87): Illuminate/Pipeline/Pipeline->Illuminate/Pipeline/{closure}(Object(Illuminate/Http/Request))
#18 C:/xampp/htdocs/PROYECT-MAIN-main/vendor/laravel/framework/src/Illuminate/Pipeline/Pipeline.php(219): Illuminate/Foundation/Http/Middleware/VerifyCsrfToken->handle(Object(Illuminate/Http/Request), Object(Closure))
#19 C:/xampp/htdocs/PROYECT-MAIN-main/vendor/laravel/framework/src/Illuminate/View/Middleware/ShareErrorsFromSession.php(48): Illuminate/Pipeline/Pipeline->Illuminate/Pipeline/{closure}(Object(Illuminate/Http/Request))
#20 C:/xampp/htdocs/PROYECT-MAIN-main/vendor/laravel/framework/src/Illuminate/Pipeline/Pipeline.php(219): Illuminate/View/Middleware/ShareErrorsFromSession->handle(Object(Illuminate/Http/Request), Object(Closure))
#21 C:/xampp/htdocs/PROYECT-MAIN-main/vendor/laravel/framework/src/Illuminate/Session/Middleware/StartSession.php(120): Illuminate/Pipeline/Pipeline->Illuminate/Pipeline/{closure}(Object(Illuminate/Http/Request))
#22 C:/xampp/htdocs/PROYECT-MAIN-main/vendor/laravel/framework/src/Illuminate/Session/Middleware/StartSession.php(63): Illuminate/Session/Middleware/StartSession->handleStatefulRequest(Object(Illuminate/Http/Request), Object(Illuminate/Session/Store), Object(Closure))
#23 C:/xampp/htdocs/PROYECT-MAIN-main/vendor/laravel/framework/src/Illuminate/Pipeline/Pipeline.php(219): Illuminate/Session/Middleware/StartSession->handle(Object(Illuminate/Http/Request), Object(Closure))
#24 C:/xampp/htdocs/PROYECT-MAIN-main/vendor/laravel/framework/src/Illuminate/Cookie/Middleware/AddQueuedCookiesToResponse.php(36): Illuminate/Pipeline/Pipeline->Illuminate/Pipeline/{closure}(Object(Illuminate/Http/Request))
#25 C:/xampp/htdocs/PROYECT-MAIN-main/vendor/laravel/framework/src/Illuminate/Pipeline/Pipeline.php(219): Illuminate/Cookie/Middleware/AddQueuedCookiesToResponse->handle(Object(Illuminate/Http/Request), Object(Closure))
#26 C:/xampp/htdocs/PROYECT-MAIN-main/vendor/laravel/framework/src/Illuminate/Cookie/Middleware/EncryptCookies.php(74): Illuminate/Pipeline/Pipeline->Illuminate/Pipeline/{closure}(Object(Illuminate/Http/Request))
#27 C:/xampp/htdocs/PROYECT-MAIN-main/vendor/laravel/framework/src/Illuminate/Pipeline/Pipeline.php(219): Illuminate/Cookie/Middleware/EncryptCookies->handle(Object(Illuminate/Http/Request), Object(Closure))
#28 C:/xampp/htdocs/PROYECT-MAIN-main/vendor/laravel/framework/src/Illuminate/Pipeline/Pipeline.php(137): Illuminate/Pipeline/Pipeline->Illuminate/Pipeline/{closure}(Object(Illuminate/Http/Request))
#29 C:/xampp/htdocs/PROYECT-MAIN-main/vendor/laravel/framework/src/Illuminate/Routing/Router.php(821): Illuminate/Pipeline/Pipeline->then(Object(Closure))
#30 C:/xampp/htdocs/PROYECT-MAIN-main/vendor/laravel/framework/src/Illuminate/Routing/Router.php(800): Illuminate/Routing/Router->runRouteWithinStack(Object(Illuminate/Routing/Route), Object(Illuminate/Http/Request))
#31 C:/xampp/htdocs/PROYECT-MAIN-main/vendor/laravel/framework/src/Illuminate/Routing/Router.php(764): Illuminate/Routing/Router->runRoute(Object(Illuminate/Http/Request), Object(Illuminate/Routing/Route))
#32 C:/xampp/htdocs/PROYECT-MAIN-main/vendor/laravel/framework/src/Illuminate/Routing/Router.php(753): Illuminate/Routing/Router->dispatchToRoute(Object(Illuminate/Http/Request))
#33 C:/xampp/htdocs/PROYECT-MAIN-main/vendor/laravel/framework/src/Illuminate/Foundation/Http/Kernel.php(200): Illuminate/Routing/Router->dispatch(Object(Illuminate/Http/Request))
#34 C:/xampp/htdocs/PROYECT-MAIN-main/vendor/laravel/framework/src/Illuminate/Pipeline/Pipeline.php(180): Illuminate/Foundation/Http/Kernel->Illuminate/Foundation/Http/{closure}(Object(Illuminate/Http/Request))
#35 C:/xampp/htdocs/PROYECT-MAIN-main/vendor/laravel/framework/src/Illuminate/Foundation/Http/Middleware/TransformsRequest.php(21): Illuminate/Pipeline/Pipeline->Illuminate/Pipeline/{closure}(Object(Illuminate/Http/Request))
#36 C:/xampp/htdocs/PROYECT-MAIN-main/vendor/laravel/framework/src/Illuminate/Foundation/Http/Middleware/ConvertEmptyStringsToNull.php(31): Illuminate/Foundation/Http/Middleware/TransformsRequest->handle(Object(Illuminate/Http/Request), Object(Closure))
#37 C:/xampp/htdocs/PROYECT-MAIN-main/vendor/laravel/framework/src/Illuminate/Pipeline/Pipeline.php(219): Illuminate/Foundation/Http/Middleware/ConvertEmptyStringsToNull->handle(Object(Illuminate/Http/Request), Object(Closure))
#38 C:/xampp/htdocs/PROYECT-MAIN-main/vendor/laravel/framework/src/Illuminate/Foundation/Http/Middleware/TransformsRequest.php(21): Illuminate/Pipeline/Pipeline->Illuminate/Pipeline/{closure}(Object(Illuminate/Http/Request))
#39 C:/xampp/htdocs/PROYECT-MAIN-main/vendor/laravel/framework/src/Illuminate/Foundation/Http/Middleware/TrimStrings.php(51): Illuminate/Foundation/Http/Middleware/TransformsRequest->handle(Object(Illuminate/Http/Request), Object(Closure))
#40 C:/xampp/htdocs/PROYECT-MAIN-main/vendor/laravel/framework/src/Illuminate/Pipeline/Pipeline.php(219): Illuminate/Foundation/Http/Middleware/TrimStrings->handle(Object(Illuminate/Http/Request), Object(Closure))
#41 C:/xampp/htdocs/PROYECT-MAIN-main/vendor/laravel/framework/src/Illuminate/Http/Middleware/ValidatePostSize.php(27): Illuminate/Pipeline/Pipeline->Illuminate/Pipeline/{closure}(Object(Illuminate/Http/Request))
#42 C:/xampp/htdocs/PROYECT-MAIN-main/vendor/laravel/framework/src/Illuminate/Pipeline/Pipeline.php(219): Illuminate/Http/Middleware/ValidatePostSize->handle(Object(Illuminate/Http/Request), Object(Closure))
#43 C:/xampp/htdocs/PROYECT-MAIN-main/vendor/laravel/framework/src/Illuminate/Foundation/Http/Middleware/PreventRequestsDuringMaintenance.php(109): Illuminate/Pipeline/Pipeline->Illuminate/Pipeline/{closure}(Object(Illuminate/Http/Request))
#44 C:/xampp/htdocs/PROYECT-MAIN-main/vendor/laravel/framework/src/Illuminate/Pipeline/Pipeline.php(219): Illuminate/Foundation/Http/Middleware/PreventRequestsDuringMaintenance->handle(Object(Illuminate/Http/Request), Object(Closure))
#45 C:/xampp/htdocs/PROYECT-MAIN-main/vendor/laravel/framework/src/Illuminate/Http/Middleware/HandleCors.php(61): Illuminate/Pipeline/Pipeline->Illuminate/Pipeline/{closure}(Object(Illuminate/Http/Request))
#46 C:/xampp/htdocs/PROYECT-MAIN-main/vendor/laravel/framework/src/Illuminate/Pipeline/Pipeline.php(219): Illuminate/Http/Middleware/HandleCors->handle(Object(Illuminate/Http/Request), Object(Closure))
#47 C:/xampp/htdocs/PROYECT-MAIN-main/vendor/laravel/framework/src/Illuminate/Http/Middleware/TrustProxies.php(58): Illuminate/Pipeline/Pipeline->Illuminate/Pipeline/{closure}(Object(Illuminate/Http/Request))
#48 C:/xampp/htdocs/PROYECT-MAIN-main/vendor/laravel/framework/src/Illuminate/Pipeline/Pipeline.php(219): Illuminate/Http/Middleware/TrustProxies->handle(Object(Illuminate/Http/Request), Object(Closure))
#49 C:/xampp/htdocs/PROYECT-MAIN-main/vendor/laravel/framework/src/Illuminate/Foundation/Http/Middleware/InvokeDeferredCallbacks.php(22): Illuminate/Pipeline/Pipeline->Illuminate/Pipeline/{closure}(Object(Illuminate/Http/Request))
#50 C:/xampp/htdocs/PROYECT-MAIN-main/vendor/laravel/framework/src/Illuminate/Pipeline/Pipeline.php(219): Illuminate/Foundation/Http/Middleware/InvokeDeferredCallbacks->handle(Object(Illuminate/Http/Request), Object(Closure))
#51 C:/xampp/htdocs/PROYECT-MAIN-main/vendor/laravel/framework/src/Illuminate/Http/Middleware/ValidatePathEncoding.php(26): Illuminate/Pipeline/Pipeline->Illuminate/Pipeline/{closure}(Object(Illuminate/Http/Request))
#52 C:/xampp/htdocs/PROYECT-MAIN-main/vendor/laravel/framework/src/Illuminate/Pipeline/Pipeline.php(219): Illuminate/Http/Middleware/ValidatePathEncoding->handle(Object(Illuminate/Http/Request), Object(Closure))
#53 C:/xampp/htdocs/PROYECT-MAIN-main/vendor/laravel/framework/src/Illuminate/Pipeline/Pipeline.php(137): Illuminate/Pipeline/Pipeline->Illuminate/Pipeline/{closure}(Object(Illuminate/Http/Request))
#54 C:/xampp/htdocs/PROYECT-MAIN-main/vendor/laravel/framework/src/Illuminate/Foundation/Http/Kernel.php(175): Illuminate/Pipeline/Pipeline->then(Object(Closure))
#55 C:/xampp/htdocs/PROYECT-MAIN-main/vendor/laravel/framework/src/Illuminate/Foundation/Http/Kernel.php(144): Illuminate/Foundation/Http/Kernel->sendRequestThroughRouter(Object(Illuminate/Http/Request))
#56 C:/xampp/htdocs/PROYECT-MAIN-main/vendor/laravel/framework/src/Illuminate/Foundation/Application.php(1220): Illuminate/Foundation/Http/Kernel->handle(Object(Illuminate/Http/Request))
#57 C:/xampp/htdocs/PROYECT-MAIN-main/public/index.php(20): Illuminate/Foundation/Application->handleRequest(Object(Illuminate/Http/Request))
#58 C:/xampp/htdocs/PROYECT-MAIN-main/vendor/laravel/framework/src/Illuminate/Foundation/resources/server.php(23): require_once('C://xampp//htdocs...')
#59 {main}

[previous exception] [object] (ParseError(code: 0): syntax error, unexpected end of file at C:/xampp/htdocs/PROYECT-MAIN-main/storage/framework/views/05f4f6f7f3e5da74c9de22ce457c026c.php:463)
[stacktrace]
#0 C:/xampp/htdocs/PROYECT-MAIN-main/vendor/laravel/framework/src/Illuminate/Filesystem/Filesystem.php(124): Illuminate/Filesystem/Filesystem::Illuminate/Filesystem/{closure}()
#1 C:/xampp/htdocs/PROYECT-MAIN-main/vendor/laravel/framework/src/Illuminate/View/Engines/PhpEngine.php(57): Illuminate/Filesystem/Filesystem->getRequire('C://xampp//htdocs...', Array)
#2 C:/xampp/htdocs/PROYECT-MAIN-main/vendor/laravel/framework/src/Illuminate/View/Engines/CompilerEngine.php(76): Illuminate/View/Engines/PhpEngine->evaluatePath('C://xampp//htdocs...', Array)
#3 C:/xampp/htdocs/PROYECT-MAIN-main/vendor/laravel/framework/src/Illuminate/View/View.php(208): Illuminate/View/Engines/CompilerEngine->get('C://xampp//htdocs...', Array)
#4 C:/xampp/htdocs/PROYECT-MAIN-main/vendor/laravel/framework/src/Illuminate/View/View.php(191): Illuminate/View/View->getContents()
#5 C:/xampp/htdocs/PROYECT-MAIN-main/vendor/laravel/framework/src/Illuminate/View/View.php(160): Illuminate/View/View->renderContents()
#6 C:/xampp/htdocs/PROYECT-MAIN-main/vendor/laravel/framework/src/Illuminate/Http/Response.php(78): Illuminate/View/View->render()
#7 C:/xampp/htdocs/PROYECT-MAIN-main/vendor/laravel/framework/src/Illuminate/Http/Response.php(34): Illuminate/Http/Response->setContent(Object(Illuminate/View/View))
#8 C:/xampp/htdocs/PROYECT-MAIN-main/vendor/laravel/framework/src/Illuminate/Routing/Router.php(939): Illuminate/Http/Response->__construct(Object(Illuminate/View/View), 200, Array)
#9 C:/xampp/htdocs/PROYECT-MAIN-main/vendor/laravel/framework/src/Illuminate/Routing/Router.php(906): Illuminate/Routing/Router::toResponse(Object(Illuminate/Http/Request), Object(Illuminate/View/View))
#10 C:/xampp/htdocs/PROYECT-MAIN-main/vendor/laravel/framework/src/Illuminate/Routing/Router.php(821): Illuminate/Routing/Router->prepareResponse(Object(Illuminate/Http/Request), Object(Illuminate/View/View))
#11 C:/xampp/htdocs/PROYECT-MAIN-main/vendor/laravel/framework/src/Illuminate/Pipeline/Pipeline.php(180): Illuminate/Routing/Router->Illuminate/Routing/{closure}(Object(Illuminate/Http/Request))
#12 C:/xampp/htdocs/PROYECT-MAIN-main/vendor/laravel/framework/src/Illuminate/Auth/Middleware/EnsureEmailIsVerified.php(41): Illuminate/Pipeline/Pipeline->Illuminate/Pipeline/{closure}(Object(Illuminate/Http/Request))
#13 C:/xampp/htdocs/PROYECT-MAIN-main/vendor/laravel/framework/src/Illuminate/Pipeline/Pipeline.php(219): Illuminate/Auth/Middleware/EnsureEmailIsVerified->handle(Object(Illuminate/Http/Request), Object(Closure))
#14 C:/xampp/htdocs/PROYECT-MAIN-main/vendor/laravel/framework/src/Illuminate/Routing/Middleware/SubstituteBindings.php(50): Illuminate/Pipeline/Pipeline->Illuminate/Pipeline/{closure}(Object(Illuminate/Http/Request))
#15 C:/xampp/htdocs/PROYECT-MAIN-main/vendor/laravel/framework/src/Illuminate/Pipeline/Pipeline.php(219): Illuminate/Routing/Middleware/SubstituteBindings->handle(Object(Illuminate/Http/Request), Object(Closure))
#16 C:/xampp/htdocs/PROYECT-MAIN-main/vendor/laravel/framework/src/Illuminate/Auth/Middleware/Authenticate.php(63): Illuminate/Pipeline/Pipeline->Illuminate/Pipeline/{closure}(Object(Illuminate/Http/Request))
#17 C:/xampp/htdocs/PROYECT-MAIN-main/vendor/laravel/framework/src/Illuminate/Pipeline/Pipeline.php(219): Illuminate/Auth/Middleware/Authenticate->handle(Object(Illuminate/Http/Request), Object(Closure))
#18 C:/xampp/htdocs/PROYECT-MAIN-main/vendor/laravel/framework/src/Illuminate/Foundation/Http/Middleware/VerifyCsrfToken.php(87): Illuminate/Pipeline/Pipeline->Illuminate/Pipeline/{closure}(Object(Illuminate/Http/Request))
#19 C:/xampp/htdocs/PROYECT-MAIN-main/vendor/laravel/framework/src/Illuminate/Pipeline/Pipeline.php(219): Illuminate/Foundation/Http/Middleware/VerifyCsrfToken->handle(Object(Illuminate/Http/Request), Object(Closure))
#20 C:/xampp/htdocs/PROYECT-MAIN-main/vendor/laravel/framework/src/Illuminate/View/Middleware/ShareErrorsFromSession.php(48): Illuminate/Pipeline/Pipeline->Illuminate/Pipeline/{closure}(Object(Illuminate/Http/Request))
#21 C:/xampp/htdocs/PROYECT-MAIN-main/vendor/laravel/framework/src/Illuminate/Pipeline/Pipeline.php(219): Illuminate/View/Middleware/ShareErrorsFromSession->handle(Object(Illuminate/Http/Request), Object(Closure))
#22 C:/xampp/htdocs/PROYECT-MAIN-main/vendor/laravel/framework/src/Illuminate/Session/Middleware/StartSession.php(120): Illuminate/Pipeline/Pipeline->Illuminate/Pipeline/{closure}(Object(Illuminate/Http/Request))
#23 C:/xampp/htdocs/PROYECT-MAIN-main/vendor/laravel/framework/src/Illuminate/Session/Middleware/StartSession.php(63): Illuminate/Session/Middleware/StartSession->handleStatefulRequest(Object(Illuminate/Http/Request), Object(Illuminate/Session/Store), Object(Closure))
#24 C:/xampp/htdocs/PROYECT-MAIN-main/vendor/laravel/framework/src/Illuminate/Pipeline/Pipeline.php(219): Illuminate/Session/Middleware/StartSession->handle(Object(Illuminate/Http/Request), Object(Closure))
#25 C:/xampp/htdocs/PROYECT-MAIN-main/vendor/laravel/framework/src/Illuminate/Cookie/Middleware/AddQueuedCookiesToResponse.php(36): Illuminate/Pipeline/Pipeline->Illuminate/Pipeline/{closure}(Object(Illuminate/Http/Request))
#26 C:/xampp/htdocs/PROYECT-MAIN-main/vendor/laravel/framework/src/Illuminate/Pipeline/Pipeline.php(219): Illuminate/Cookie/Middleware/AddQueuedCookiesToResponse->handle(Object(Illuminate/Http/Request), Object(Closure))
#27 C:/xampp/htdocs/PROYECT-MAIN-main/vendor/laravel/framework/src/Illuminate/Cookie/Middleware/EncryptCookies.php(74): Illuminate/Pipeline/Pipeline->Illuminate/Pipeline/{closure}(Object(Illuminate/Http/Request))
#28 C:/xampp/htdocs/PROYECT-MAIN-main/vendor/laravel/framework/src/Illuminate/Pipeline/Pipeline.php(219): Illuminate/Cookie/Middleware/EncryptCookies->handle(Object(Illuminate/Http/Request), Object(Closure))
#29 C:/xampp/htdocs/PROYECT-MAIN-main/vendor/laravel/framework/src/Illuminate/Pipeline/Pipeline.php(137): Illuminate/Pipeline/Pipeline->Illuminate/Pipeline/{closure}(Object(Illuminate/Http/Request))
#30 C:/xampp/htdocs/PROYECT-MAIN-main/vendor/laravel/framework/src/Illuminate/Routing/Router.php(821): Illuminate/Pipeline/Pipeline->then(Object(Closure))
#31 C:/xampp/htdocs/PROYECT-MAIN-main/vendor/laravel/framework/src/Illuminate/Routing/Router.php(800): Illuminate/Routing/Router->runRouteWithinStack(Object(Illuminate/Routing/Route), Object(Illuminate/Http/Request))
#32 C:/xampp/htdocs/PROYECT-MAIN-main/vendor/laravel/framework/src/Illuminate/Routing/Router.php(764): Illuminate/Routing/Router->runRoute(Object(Illuminate/Http/Request), Object(Illuminate/Routing/Route))
#33 C:/xampp/htdocs/PROYECT-MAIN-main/vendor/laravel/framework/src/Illuminate/Routing/Router.php(753): Illuminate/Routing/Router->dispatchToRoute(Object(Illuminate/Http/Request))
#34 C:/xampp/htdocs/PROYECT-MAIN-main/vendor/laravel/framework/src/Illuminate/Foundation/Http/Kernel.php(200): Illuminate/Routing/Router->dispatch(Object(Illuminate/Http/Request))
#35 C:/xampp/htdocs/PROYECT-MAIN-main/vendor/laravel/framework/src/Illuminate/Pipeline/Pipeline.php(180): Illuminate/Foundation/Http/Kernel->Illuminate/Foundation/Http/{closure}(Object(Illuminate/Http/Request))
#36 C:/xampp/htdocs/PROYECT-MAIN-main/vendor/laravel/framework/src/Illuminate/Foundation/Http/Middleware/TransformsRequest.php(21): Illuminate/Pipeline/Pipeline->Illuminate/Pipeline/{closure}(Object(Illuminate/Http/Request))
#37 C:/xampp/htdocs/PROYECT-MAIN-main/vendor/laravel/framework/src/Illuminate/Foundation/Http/Middleware/ConvertEmptyStringsToNull.php(31): Illuminate/Foundation/Http/Middleware/TransformsRequest->handle(Object(Illuminate/Http/Request), Object(Closure))
#38 C:/xampp/htdocs/PROYECT-MAIN-main/vendor/laravel/framework/src/Illuminate/Pipeline/Pipeline.php(219): Illuminate/Foundation/Http/Middleware/ConvertEmptyStringsToNull->handle(Object(Illuminate/Http/Request), Object(Closure))
#39 C:/xampp/htdocs/PROYECT-MAIN-main/vendor/laravel/framework/src/Illuminate/Foundation/Http/Middleware/TransformsRequest.php(21): Illuminate/Pipeline/Pipeline->Illuminate/Pipeline/{closure}(Object(Illuminate/Http/Request))
#40 C:/xampp/htdocs/PROYECT-MAIN-main/vendor/laravel/framework/src/Illuminate/Foundation/Http/Middleware/TrimStrings.php(51): Illuminate/Foundation/Http/Middleware/TransformsRequest->handle(Object(Illuminate/Http/Request), Object(Closure))
#41 C:/xampp/htdocs/PROYECT-MAIN-main/vendor/laravel/framework/src/Illuminate/Pipeline/Pipeline.php(219): Illuminate/Foundation/Http/Middleware/TrimStrings->handle(Object(Illuminate/Http/Request), Object(Closure))
#42 C:/xampp/htdocs/PROYECT-MAIN-main/vendor/laravel/framework/src/Illuminate/Http/Middleware/ValidatePostSize.php(27): Illuminate/Pipeline/Pipeline->Illuminate/Pipeline/{closure}(Object(Illuminate/Http/Request))
#43 C:/xampp/htdocs/PROYECT-MAIN-main/vendor/laravel/framework/src/Illuminate/Pipeline/Pipeline.php(219): Illuminate/Http/Middleware/ValidatePostSize->handle(Object(Illuminate/Http/Request), Object(Closure))
#44 C:/xampp/htdocs/PROYECT-MAIN-main/vendor/laravel/framework/src/Illuminate/Foundation/Http/Middleware/PreventRequestsDuringMaintenance.php(109): Illuminate/Pipeline/Pipeline->Illuminate/Pipeline/{closure}(Object(Illuminate/Http/Request))
#45 C:/xampp/htdocs/PROYECT-MAIN-main/vendor/laravel/framework/src/Illuminate/Pipeline/Pipeline.php(219): Illuminate/Foundation/Http/Middleware/PreventRequestsDuringMaintenance->handle(Object(Illuminate/Http/Request), Object(Closure))
#46 C:/xampp/htdocs/PROYECT-MAIN-main/vendor/laravel/framework/src/Illuminate/Http/Middleware/HandleCors.php(61): Illuminate/Pipeline/Pipeline->Illuminate/Pipeline/{closure}(Object(Illuminate/Http/Request))
#47 C:/xampp/htdocs/PROYECT-MAIN-main/vendor/laravel/framework/src/Illuminate/Pipeline/Pipeline.php(219): Illuminate/Http/Middleware/HandleCors->handle(Object(Illuminate/Http/Request), Object(Closure))
#48 C:/xampp/htdocs/PROYECT-MAIN-main/vendor/laravel/framework/src/Illuminate/Http/Middleware/TrustProxies.php(58): Illuminate/Pipeline/Pipeline->Illuminate/Pipeline/{closure}(Object(Illuminate/Http/Request))
#49 C:/xampp/htdocs/PROYECT-MAIN-main/vendor/laravel/framework/src/Illuminate/Pipeline/Pipeline.php(219): Illuminate/Http/Middleware/TrustProxies->handle(Object(Illuminate/Http/Request), Object(Closure))
#50 C:/xampp/htdocs/PROYECT-MAIN-main/vendor/laravel/framework/src/Illuminate/Foundation/Http/Middleware/InvokeDeferredCallbacks.php(22): Illuminate/Pipeline/Pipeline->Illuminate/Pipeline/{closure}(Object(Illuminate/Http/Request))
#51 C:/xampp/htdocs/PROYECT-MAIN-main/vendor/laravel/framework/src/Illuminate/Pipeline/Pipeline.php(219): Illuminate/Foundation/Http/Middleware/InvokeDeferredCallbacks->handle(Object(Illuminate/Http/Request), Object(Closure))
#52 C:/xampp/htdocs/PROYECT-MAIN-main/vendor/laravel/framework/src/Illuminate/Http/Middleware/ValidatePathEncoding.php(26): Illuminate/Pipeline/Pipeline->Illuminate/Pipeline/{closure}(Object(Illuminate/Http/Request))
#53 C:/xampp/htdocs/PROYECT-MAIN-main/vendor/laravel/framework/src/Illuminate/Pipeline/Pipeline.php(219): Illuminate/Http/Middleware/ValidatePathEncoding->handle(Object(Illuminate/Http/Request), Object(Closure))
#54 C:/xampp/htdocs/PROYECT-MAIN-main/vendor/laravel/framework/src/Illuminate/Pipeline/Pipeline.php(137): Illuminate/Pipeline/Pipeline->Illuminate/Pipeline/{closure}(Object(Illuminate/Http/Request))
#55 C:/xampp/htdocs/PROYECT-MAIN-main/vendor/laravel/framework/src/Illuminate/Foundation/Http/Kernel.php(175): Illuminate/Pipeline/Pipeline->then(Object(Closure))
#56 C:/xampp/htdocs/PROYECT-MAIN-main/vendor/laravel/framework/src/Illuminate/Foundation/Http/Kernel.php(144): Illuminate/Foundation/Http/Kernel->sendRequestThroughRouter(Object(Illuminate/Http/Request))
#57 C:/xampp/htdocs/PROYECT-MAIN-main/vendor/laravel/framework/src/Illuminate/Foundation/Application.php(1220): Illuminate/Foundation/Http/Kernel->handle(Object(Illuminate/Http/Request))
#58 C:/xampp/htdocs/PROYECT-MAIN-main/public/index.php(20): Illuminate/Foundation/Application->handleRequest(Object(Illuminate/Http/Request))
#59 C:/xampp/htdocs/PROYECT-MAIN-main/vendor/laravel/framework/src/Illuminate/Foundation/resources/server.php(23): require_once('C://xampp//htdocs...')
#60 {main}
"} 
[2026-06-04 20:32:42] local.ERROR: syntax error, unexpected end of file (View: C:\xampp\htdocs\PROYECT-MAIN-main\resources\views\dashboard.blade.php) {"userId":1,"exception":"[object] (Illuminate\\View\\ViewException(code: 0): syntax error, unexpected end of file (View: C:\\xampp\\htdocs\\PROYECT-MAIN-main\\resources\\views\\dashboard.blade.php) at C:/xampp/htdocs/PROYECT-MAIN-main/storage/framework/views/05f4f6f7f3e5da74c9de22ce457c026c.php:463)
[stacktrace]
#0 C:/xampp/htdocs/PROYECT-MAIN-main/vendor/laravel/framework/src/Illuminate/View/Engines/PhpEngine.php(59): Illuminate/View/Engines/CompilerEngine->handleViewException(Object(ParseError), 1)
#1 C:/xampp/htdocs/PROYECT-MAIN-main/vendor/laravel/framework/src/Illuminate/View/Engines/CompilerEngine.php(76): Illuminate/View/Engines/PhpEngine->evaluatePath('C://xampp//htdocs...', Array)
#2 C:/xampp/htdocs/PROYECT-MAIN-main/vendor/laravel/framework/src/Illuminate/View/View.php(208): Illuminate/View/Engines/CompilerEngine->get('C://xampp//htdocs...', Array)
#3 C:/xampp/htdocs/PROYECT-MAIN-main/vendor/laravel/framework/src/Illuminate/View/View.php(191): Illuminate/View/View->getContents()
#4 C:/xampp/htdocs/PROYECT-MAIN-main/vendor/laravel/framework/src/Illuminate/View/View.php(160): Illuminate/View/View->renderContents()
#5 C:/xampp/htdocs/PROYECT-MAIN-main/vendor/laravel/framework/src/Illuminate/Http/Response.php(78): Illuminate/View/View->render()
#6 C:/xampp/htdocs/PROYECT-MAIN-main/vendor/laravel/framework/src/Illuminate/Http/Response.php(34): Illuminate/Http/Response->setContent(Object(Illuminate/View/View))
#7 C:/xampp/htdocs/PROYECT-MAIN-main/vendor/laravel/framework/src/Illuminate/Routing/Router.php(939): Illuminate/Http/Response->__construct(Object(Illuminate/View/View), 200, Array)
#8 C:/xampp/htdocs/PROYECT-MAIN-main/vendor/laravel/framework/src/Illuminate/Routing/Router.php(906): Illuminate/Routing/Router::toResponse(Object(Illuminate/Http/Request), Object(Illuminate/View/View))
#9 C:/xampp/htdocs/PROYECT-MAIN-main/vendor/laravel/framework/src/Illuminate/Routing/Router.php(821): Illuminate/Routing/Router->prepareResponse(Object(Illuminate/Http/Request), Object(Illuminate/View/View))
#10 C:/xampp/htdocs/PROYECT-MAIN-main/vendor/laravel/framework/src/Illuminate/Pipeline/Pipeline.php(180): Illuminate/Routing/Router->Illuminate/Routing/{closure}(Object(Illuminate/Http/Request))
#11 C:/xampp/htdocs/PROYECT-MAIN-main/vendor/laravel/framework/src/Illuminate/Auth/Middleware/EnsureEmailIsVerified.php(41): Illuminate/Pipeline/Pipeline->Illuminate/Pipeline/{closure}(Object(Illuminate/Http/Request))
#12 C:/xampp/htdocs/PROYECT-MAIN-main/vendor/laravel/framework/src/Illuminate/Pipeline/Pipeline.php(219): Illuminate/Auth/Middleware/EnsureEmailIsVerified->handle(Object(Illuminate/Http/Request), Object(Closure))
#13 C:/xampp/htdocs/PROYECT-MAIN-main/vendor/laravel/framework/src/Illuminate/Routing/Middleware/SubstituteBindings.php(50): Illuminate/Pipeline/Pipeline->Illuminate/Pipeline/{closure}(Object(Illuminate/Http/Request))
#14 C:/xampp/htdocs/PROYECT-MAIN-main/vendor/laravel/framework/src/Illuminate/Pipeline/Pipeline.php(219): Illuminate/Routing/Middleware/SubstituteBindings->handle(Object(Illuminate/Http/Request), Object(Closure))
#15 C:/xampp/htdocs/PROYECT-MAIN-main/vendor/laravel/framework/src/Illuminate/Auth/Middleware/Authenticate.php(63): Illuminate/Pipeline/Pipeline->Illuminate/Pipeline/{closure}(Object(Illuminate/Http/Request))
#16 C:/xampp/htdocs/PROYECT-MAIN-main/vendor/laravel/framework/src/Illuminate/Pipeline/Pipeline.php(219): Illuminate/Auth/Middleware/Authenticate->handle(Object(Illuminate/Http/Request), Object(Closure))
#17 C:/xampp/htdocs/PROYECT-MAIN-main/vendor/laravel/framework/src/Illuminate/Foundation/Http/Middleware/VerifyCsrfToken.php(87): Illuminate/Pipeline/Pipeline->Illuminate/Pipeline/{closure}(Object(Illuminate/Http/Request))
#18 C:/xampp/htdocs/PROYECT-MAIN-main/vendor/laravel/framework/src/Illuminate/Pipeline/Pipeline.php(219): Illuminate/Foundation/Http/Middleware/VerifyCsrfToken->handle(Object(Illuminate/Http/Request), Object(Closure))
#19 C:/xampp/htdocs/PROYECT-MAIN-main/vendor/laravel/framework/src/Illuminate/View/Middleware/ShareErrorsFromSession.php(48): Illuminate/Pipeline/Pipeline->Illuminate/Pipeline/{closure}(Object(Illuminate/Http/Request))
#20 C:/xampp/htdocs/PROYECT-MAIN-main/vendor/laravel/framework/src/Illuminate/Pipeline/Pipeline.php(219): Illuminate/View/Middleware/ShareErrorsFromSession->handle(Object(Illuminate/Http/Request), Object(Closure))
#21 C:/xampp/htdocs/PROYECT-MAIN-main/vendor/laravel/framework/src/Illuminate/Session/Middleware/StartSession.php(120): Illuminate/Pipeline/Pipeline->Illuminate/Pipeline/{closure}(Object(Illuminate/Http/Request))
#22 C:/xampp/htdocs/PROYECT-MAIN-main/vendor/laravel/framework/src/Illuminate/Session/Middleware/StartSession.php(63): Illuminate/Session/Middleware/StartSession->handleStatefulRequest(Object(Illuminate/Http/Request), Object(Illuminate/Session/Store), Object(Closure))
#23 C:/xampp/htdocs/PROYECT-MAIN-main/vendor/laravel/framework/src/Illuminate/Pipeline/Pipeline.php(219): Illuminate/Session/Middleware/StartSession->handle(Object(Illuminate/Http/Request), Object(Closure))
#24 C:/xampp/htdocs/PROYECT-MAIN-main/vendor/laravel/framework/src/Illuminate/Cookie/Middleware/AddQueuedCookiesToResponse.php(36): Illuminate/Pipeline/Pipeline->Illuminate/Pipeline/{closure}(Object(Illuminate/Http/Request))
#25 C:/xampp/htdocs/PROYECT-MAIN-main/vendor/laravel/framework/src/Illuminate/Pipeline/Pipeline.php(219): Illuminate/Cookie/Middleware/AddQueuedCookiesToResponse->handle(Object(Illuminate/Http/Request), Object(Closure))
#26 C:/xampp/htdocs/PROYECT-MAIN-main/vendor/laravel/framework/src/Illuminate/Cookie/Middleware/EncryptCookies.php(74): Illuminate/Pipeline/Pipeline->Illuminate/Pipeline/{closure}(Object(Illuminate/Http/Request))
#27 C:/xampp/htdocs/PROYECT-MAIN-main/vendor/laravel/framework/src/Illuminate/Pipeline/Pipeline.php(219): Illuminate/Cookie/Middleware/EncryptCookies->handle(Object(Illuminate/Http/Request), Object(Closure))
#28 C:/xampp/htdocs/PROYECT-MAIN-main/vendor/laravel/framework/src/Illuminate/Pipeline/Pipeline.php(137): Illuminate/Pipeline/Pipeline->Illuminate/Pipeline/{closure}(Object(Illuminate/Http/Request))
#29 C:/xampp/htdocs/PROYECT-MAIN-main/vendor/laravel/framework/src/Illuminate/Routing/Router.php(821): Illuminate/Pipeline/Pipeline->then(Object(Closure))
#30 C:/xampp/htdocs/PROYECT-MAIN-main/vendor/laravel/framework/src/Illuminate/Routing/Router.php(800): Illuminate/Routing/Router->runRouteWithinStack(Object(Illuminate/Routing/Route), Object(Illuminate/Http/Request))
#31 C:/xampp/htdocs/PROYECT-MAIN-main/vendor/laravel/framework/src/Illuminate/Routing/Router.php(764): Illuminate/Routing/Router->runRoute(Object(Illuminate/Http/Request), Object(Illuminate/Routing/Route))
#32 C:/xampp/htdocs/PROYECT-MAIN-main/vendor/laravel/framework/src/Illuminate/Routing/Router.php(753): Illuminate/Routing/Router->dispatchToRoute(Object(Illuminate/Http/Request))
#33 C:/xampp/htdocs/PROYECT-MAIN-main/vendor/laravel/framework/src/Illuminate/Foundation/Http/Kernel.php(200): Illuminate/Routing/Router->dispatch(Object(Illuminate/Http/Request))
#34 C:/xampp/htdocs/PROYECT-MAIN-main/vendor/laravel/framework/src/Illuminate/Pipeline/Pipeline.php(180): Illuminate/Foundation/Http/Kernel->Illuminate/Foundation/Http/{closure}(Object(Illuminate/Http/Request))
#35 C:/xampp/htdocs/PROYECT-MAIN-main/vendor/laravel/framework/src/Illuminate/Foundation/Http/Middleware/TransformsRequest.php(21): Illuminate/Pipeline/Pipeline->Illuminate/Pipeline/{closure}(Object(Illuminate/Http/Request))
#36 C:/xampp/htdocs/PROYECT-MAIN-main/vendor/laravel/framework/src/Illuminate/Foundation/Http/Middleware/ConvertEmptyStringsToNull.php(31): Illuminate/Foundation/Http/Middleware/TransformsRequest->handle(Object(Illuminate/Http/Request), Object(Closure))
#37 C:/xampp/htdocs/PROYECT-MAIN-main/vendor/laravel/framework/src/Illuminate/Pipeline/Pipeline.php(219): Illuminate/Foundation/Http/Middleware/ConvertEmptyStringsToNull->handle(Object(Illuminate/Http/Request), Object(Closure))
#38 C:/xampp/htdocs/PROYECT-MAIN-main/vendor/laravel/framework/src/Illuminate/Foundation/Http/Middleware/TransformsRequest.php(21): Illuminate/Pipeline/Pipeline->Illuminate/Pipeline/{closure}(Object(Illuminate/Http/Request))
#39 C:/xampp/htdocs/PROYECT-MAIN-main/vendor/laravel/framework/src/Illuminate/Foundation/Http/Middleware/TrimStrings.php(51): Illuminate/Foundation/Http/Middleware/TransformsRequest->handle(Object(Illuminate/Http/Request), Object(Closure))
#40 C:/xampp/htdocs/PROYECT-MAIN-main/vendor/laravel/framework/src/Illuminate/Pipeline/Pipeline.php(219): Illuminate/Foundation/Http/Middleware/TrimStrings->handle(Object(Illuminate/Http/Request), Object(Closure))
#41 C:/xampp/htdocs/PROYECT-MAIN-main/vendor/laravel/framework/src/Illuminate/Http/Middleware/ValidatePostSize.php(27): Illuminate/Pipeline/Pipeline->Illuminate/Pipeline/{closure}(Object(Illuminate/Http/Request))
#42 C:/xampp/htdocs/PROYECT-MAIN-main/vendor/laravel/framework/src/Illuminate/Pipeline/Pipeline.php(219): Illuminate/Http/Middleware/ValidatePostSize->handle(Object(Illuminate/Http/Request), Object(Closure))
#43 C:/xampp/htdocs/PROYECT-MAIN-main/vendor/laravel/framework/src/Illuminate/Foundation/Http/Middleware/PreventRequestsDuringMaintenance.php(109): Illuminate/Pipeline/Pipeline->Illuminate/Pipeline/{closure}(Object(Illuminate/Http/Request))
#44 C:/xampp/htdocs/PROYECT-MAIN-main/vendor/laravel/framework/src/Illuminate/Pipeline/Pipeline.php(219): Illuminate/Foundation/Http/Middleware/PreventRequestsDuringMaintenance->handle(Object(Illuminate/Http/Request), Object(Closure))
#45 C:/xampp/htdocs/PROYECT-MAIN-main/vendor/laravel/framework/src/Illuminate/Http/Middleware/HandleCors.php(61): Illuminate/Pipeline/Pipeline->Illuminate/Pipeline/{closure}(Object(Illuminate/Http/Request))
#46 C:/xampp/htdocs/PROYECT-MAIN-main/vendor/laravel/framework/src/Illuminate/Pipeline/Pipeline.php(219): Illuminate/Http/Middleware/HandleCors->handle(Object(Illuminate/Http/Request), Object(Closure))
#47 C:/xampp/htdocs/PROYECT-MAIN-main/vendor/laravel/framework/src/Illuminate/Http/Middleware/TrustProxies.php(58): Illuminate/Pipeline/Pipeline->Illuminate/Pipeline/{closure}(Object(Illuminate/Http/Request))
#48 C:/xampp/htdocs/PROYECT-MAIN-main/vendor/laravel/framework/src/Illuminate/Pipeline/Pipeline.php(219): Illuminate/Http/Middleware/TrustProxies->handle(Object(Illuminate/Http/Request), Object(Closure))
#49 C:/xampp/htdocs/PROYECT-MAIN-main/vendor/laravel/framework/src/Illuminate/Foundation/Http/Middleware/InvokeDeferredCallbacks.php(22): Illuminate/Pipeline/Pipeline->Illuminate/Pipeline/{closure}(Object(Illuminate/Http/Request))
#50 C:/xampp/htdocs/PROYECT-MAIN-main/vendor/laravel/framework/src/Illuminate/Pipeline/Pipeline.php(219): Illuminate/Foundation/Http/Middleware/InvokeDeferredCallbacks->handle(Object(Illuminate/Http/Request), Object(Closure))
#51 C:/xampp/htdocs/PROYECT-MAIN-main/vendor/laravel/framework/src/Illuminate/Http/Middleware/ValidatePathEncoding.php(26): Illuminate/Pipeline/Pipeline->Illuminate/Pipeline/{closure}(Object(Illuminate/Http/Request))
#52 C:/xampp/htdocs/PROYECT-MAIN-main/vendor/laravel/framework/src/Illuminate/Pipeline/Pipeline.php(219): Illuminate/Http/Middleware/ValidatePathEncoding->handle(Object(Illuminate/Http/Request), Object(Closure))
#53 C:/xampp/htdocs/PROYECT-MAIN-main/vendor/laravel/framework/src/Illuminate/Pipeline/Pipeline.php(137): Illuminate/Pipeline/Pipeline->Illuminate/Pipeline/{closure}(Object(Illuminate/Http/Request))
#54 C:/xampp/htdocs/PROYECT-MAIN-main/vendor/laravel/framework/src/Illuminate/Foundation/Http/Kernel.php(175): Illuminate/Pipeline/Pipeline->then(Object(Closure))
#55 C:/xampp/htdocs/PROYECT-MAIN-main/vendor/laravel/framework/src/Illuminate/Foundation/Http/Kernel.php(144): Illuminate/Foundation/Http/Kernel->sendRequestThroughRouter(Object(Illuminate/Http/Request))
#56 C:/xampp/htdocs/PROYECT-MAIN-main/vendor/laravel/framework/src/Illuminate/Foundation/Application.php(1220): Illuminate/Foundation/Http/Kernel->handle(Object(Illuminate/Http/Request))
#57 C:/xampp/htdocs/PROYECT-MAIN-main/public/index.php(20): Illuminate/Foundation/Application->handleRequest(Object(Illuminate/Http/Request))
#58 C:/xampp/htdocs/PROYECT-MAIN-main/vendor/laravel/framework/src/Illuminate/Foundation/resources/server.php(23): require_once('C://xampp//htdocs...')
#59 {main}

[previous exception] [object] (ParseError(code: 0): syntax error, unexpected end of file at C:/xampp/htdocs/PROYECT-MAIN-main/storage/framework/views/05f4f6f7f3e5da74c9de22ce457c026c.php:463)
[stacktrace]
#0 C:/xampp/htdocs/PROYECT-MAIN-main/vendor/laravel/framework/src/Illuminate/Filesystem/Filesystem.php(124): Illuminate/Filesystem/Filesystem::Illuminate/Filesystem/{closure}()
#1 C:/xampp/htdocs/PROYECT-MAIN-main/vendor/laravel/framework/src/Illuminate/View/Engines/PhpEngine.php(57): Illuminate/Filesystem/Filesystem->getRequire('C://xampp//htdocs...', Array)
#2 C:/xampp/htdocs/PROYECT-MAIN-main/vendor/laravel/framework/src/Illuminate/View/Engines/CompilerEngine.php(76): Illuminate/View/Engines/PhpEngine->evaluatePath('C://xampp//htdocs...', Array)
#3 C:/xampp/htdocs/PROYECT-MAIN-main/vendor/laravel/framework/src/Illuminate/View/View.php(208): Illuminate/View/Engines/CompilerEngine->get('C://xampp//htdocs...', Array)
#4 C:/xampp/htdocs/PROYECT-MAIN-main/vendor/laravel/framework/src/Illuminate/View/View.php(191): Illuminate/View/View->getContents()
#5 C:/xampp/htdocs/PROYECT-MAIN-main/vendor/laravel/framework/src/Illuminate/View/View.php(160): Illuminate/View/View->renderContents()
#6 C:/xampp/htdocs/PROYECT-MAIN-main/vendor/laravel/framework/src/Illuminate/Http/Response.php(78): Illuminate/View/View->render()
#7 C:/xampp/htdocs/PROYECT-MAIN-main/vendor/laravel/framework/src/Illuminate/Http/Response.php(34): Illuminate/Http/Response->setContent(Object(Illuminate/View/View))
#8 C:/xampp/htdocs/PROYECT-MAIN-main/vendor/laravel/framework/src/Illuminate/Routing/Router.php(939): Illuminate/Http/Response->__construct(Object(Illuminate/View/View), 200, Array)
#9 C:/xampp/htdocs/PROYECT-MAIN-main/vendor/laravel/framework/src/Illuminate/Routing/Router.php(906): Illuminate/Routing/Router::toResponse(Object(Illuminate/Http/Request), Object(Illuminate/View/View))
#10 C:/xampp/htdocs/PROYECT-MAIN-main/vendor/laravel/framework/src/Illuminate/Routing/Router.php(821): Illuminate/Routing/Router->prepareResponse(Object(Illuminate/Http/Request), Object(Illuminate/View/View))
#11 C:/xampp/htdocs/PROYECT-MAIN-main/vendor/laravel/framework/src/Illuminate/Pipeline/Pipeline.php(180): Illuminate/Routing/Router->Illuminate/Routing/{closure}(Object(Illuminate/Http/Request))
#12 C:/xampp/htdocs/PROYECT-MAIN-main/vendor/laravel/framework/src/Illuminate/Auth/Middleware/EnsureEmailIsVerified.php(41): Illuminate/Pipeline/Pipeline->Illuminate/Pipeline/{closure}(Object(Illuminate/Http/Request))
#13 C:/xampp/htdocs/PROYECT-MAIN-main/vendor/laravel/framework/src/Illuminate/Pipeline/Pipeline.php(219): Illuminate/Auth/Middleware/EnsureEmailIsVerified->handle(Object(Illuminate/Http/Request), Object(Closure))
#14 C:/xampp/htdocs/PROYECT-MAIN-main/vendor/laravel/framework/src/Illuminate/Routing/Middleware/SubstituteBindings.php(50): Illuminate/Pipeline/Pipeline->Illuminate/Pipeline/{closure}(Object(Illuminate/Http/Request))
#15 C:/xampp/htdocs/PROYECT-MAIN-main/vendor/laravel/framework/src/Illuminate/Pipeline/Pipeline.php(219): Illuminate/Routing/Middleware/SubstituteBindings->handle(Object(Illuminate/Http/Request), Object(Closure))
#16 C:/xampp/htdocs/PROYECT-MAIN-main/vendor/laravel/framework/src/Illuminate/Auth/Middleware/Authenticate.php(63): Illuminate/Pipeline/Pipeline->Illuminate/Pipeline/{closure}(Object(Illuminate/Http/Request))
#17 C:/xampp/htdocs/PROYECT-MAIN-main/vendor/laravel/framework/src/Illuminate/Pipeline/Pipeline.php(219): Illuminate/Auth/Middleware/Authenticate->handle(Object(Illuminate/Http/Request), Object(Closure))
#18 C:/xampp/htdocs/PROYECT-MAIN-main/vendor/laravel/framework/src/Illuminate/Foundation/Http/Middleware/VerifyCsrfToken.php(87): Illuminate/Pipeline/Pipeline->Illuminate/Pipeline/{closure}(Object(Illuminate/Http/Request))
#19 C:/xampp/htdocs/PROYECT-MAIN-main/vendor/laravel/framework/src/Illuminate/Pipeline/Pipeline.php(219): Illuminate/Foundation/Http/Middleware/VerifyCsrfToken->handle(Object(Illuminate/Http/Request), Object(Closure))
#20 C:/xampp/htdocs/PROYECT-MAIN-main/vendor/laravel/framework/src/Illuminate/View/Middleware/ShareErrorsFromSession.php(48): Illuminate/Pipeline/Pipeline->Illuminate/Pipeline/{closure}(Object(Illuminate/Http/Request))
#21 C:/xampp/htdocs/PROYECT-MAIN-main/vendor/laravel/framework/src/Illuminate/Pipeline/Pipeline.php(219): Illuminate/View/Middleware/ShareErrorsFromSession->handle(Object(Illuminate/Http/Request), Object(Closure))
#22 C:/xampp/htdocs/PROYECT-MAIN-main/vendor/laravel/framework/src/Illuminate/Session/Middleware/StartSession.php(120): Illuminate/Pipeline/Pipeline->Illuminate/Pipeline/{closure}(Object(Illuminate/Http/Request))
#23 C:/xampp/htdocs/PROYECT-MAIN-main/vendor/laravel/framework/src/Illuminate/Session/Middleware/StartSession.php(63): Illuminate/Session/Middleware/StartSession->handleStatefulRequest(Object(Illuminate/Http/Request), Object(Illuminate/Session/Store), Object(Closure))
#24 C:/xampp/htdocs/PROYECT-MAIN-main/vendor/laravel/framework/src/Illuminate/Pipeline/Pipeline.php(219): Illuminate/Session/Middleware/StartSession->handle(Object(Illuminate/Http/Request), Object(Closure))
#25 C:/xampp/htdocs/PROYECT-MAIN-main/vendor/laravel/framework/src/Illuminate/Cookie/Middleware/AddQueuedCookiesToResponse.php(36): Illuminate/Pipeline/Pipeline->Illuminate/Pipeline/{closure}(Object(Illuminate/Http/Request))
#26 C:/xampp/htdocs/PROYECT-MAIN-main/vendor/laravel/framework/src/Illuminate/Pipeline/Pipeline.php(219): Illuminate/Cookie/Middleware/AddQueuedCookiesToResponse->handle(Object(Illuminate/Http/Request), Object(Closure))
#27 C:/xampp/htdocs/PROYECT-MAIN-main/vendor/laravel/framework/src/Illuminate/Cookie/Middleware/EncryptCookies.php(74): Illuminate/Pipeline/Pipeline->Illuminate/Pipeline/{closure}(Object(Illuminate/Http/Request))
#28 C:/xampp/htdocs/PROYECT-MAIN-main/vendor/laravel/framework/src/Illuminate/Pipeline/Pipeline.php(219): Illuminate/Cookie/Middleware/EncryptCookies->handle(Object(Illuminate/Http/Request), Object(Closure))
#29 C:/xampp/htdocs/PROYECT-MAIN-main/vendor/laravel/framework/src/Illuminate/Pipeline/Pipeline.php(137): Illuminate/Pipeline/Pipeline->Illuminate/Pipeline/{closure}(Object(Illuminate/Http/Request))
#30 C:/xampp/htdocs/PROYECT-MAIN-main/vendor/laravel/framework/src/Illuminate/Routing/Router.php(821): Illuminate/Pipeline/Pipeline->then(Object(Closure))
#31 C:/xampp/htdocs/PROYECT-MAIN-main/vendor/laravel/framework/src/Illuminate/Routing/Router.php(800): Illuminate/Routing/Router->runRouteWithinStack(Object(Illuminate/Routing/Route), Object(Illuminate/Http/Request))
#32 C:/xampp/htdocs/PROYECT-MAIN-main/vendor/laravel/framework/src/Illuminate/Routing/Router.php(764): Illuminate/Routing/Router->runRoute(Object(Illuminate/Http/Request), Object(Illuminate/Routing/Route))
#33 C:/xampp/htdocs/PROYECT-MAIN-main/vendor/laravel/framework/src/Illuminate/Routing/Router.php(753): Illuminate/Routing/Router->dispatchToRoute(Object(Illuminate/Http/Request))
#34 C:/xampp/htdocs/PROYECT-MAIN-main/vendor/laravel/framework/src/Illuminate/Foundation/Http/Kernel.php(200): Illuminate/Routing/Router->dispatch(Object(Illuminate/Http/Request))
#35 C:/xampp/htdocs/PROYECT-MAIN-main/vendor/laravel/framework/src/Illuminate/Pipeline/Pipeline.php(180): Illuminate/Foundation/Http/Kernel->Illuminate/Foundation/Http/{closure}(Object(Illuminate/Http/Request))
#36 C:/xampp/htdocs/PROYECT-MAIN-main/vendor/laravel/framework/src/Illuminate/Foundation/Http/Middleware/TransformsRequest.php(21): Illuminate/Pipeline/Pipeline->Illuminate/Pipeline/{closure}(Object(Illuminate/Http/Request))
#37 C:/xampp/htdocs/PROYECT-MAIN-main/vendor/laravel/framework/src/Illuminate/Foundation/Http/Middleware/ConvertEmptyStringsToNull.php(31): Illuminate/Foundation/Http/Middleware/TransformsRequest->handle(Object(Illuminate/Http/Request), Object(Closure))
#38 C:/xampp/htdocs/PROYECT-MAIN-main/vendor/laravel/framework/src/Illuminate/Pipeline/Pipeline.php(219): Illuminate/Foundation/Http/Middleware/ConvertEmptyStringsToNull->handle(Object(Illuminate/Http/Request), Object(Closure))
#39 C:/xampp/htdocs/PROYECT-MAIN-main/vendor/laravel/framework/src/Illuminate/Foundation/Http/Middleware/TransformsRequest.php(21): Illuminate/Pipeline/Pipeline->Illuminate/Pipeline/{closure}(Object(Illuminate/Http/Request))
#40 C:/xampp/htdocs/PROYECT-MAIN-main/vendor/laravel/framework/src/Illuminate/Foundation/Http/Middleware/TrimStrings.php(51): Illuminate/Foundation/Http/Middleware/TransformsRequest->handle(Object(Illuminate/Http/Request), Object(Closure))
#41 C:/xampp/htdocs/PROYECT-MAIN-main/vendor/laravel/framework/src/Illuminate/Pipeline/Pipeline.php(219): Illuminate/Foundation/Http/Middleware/TrimStrings->handle(Object(Illuminate/Http/Request), Object(Closure))
#42 C:/xampp/htdocs/PROYECT-MAIN-main/vendor/laravel/framework/src/Illuminate/Http/Middleware/ValidatePostSize.php(27): Illuminate/Pipeline/Pipeline->Illuminate/Pipeline/{closure}(Object(Illuminate/Http/Request))
#43 C:/xampp/htdocs/PROYECT-MAIN-main/vendor/laravel/framework/src/Illuminate/Pipeline/Pipeline.php(219): Illuminate/Http/Middleware/ValidatePostSize->handle(Object(Illuminate/Http/Request), Object(Closure))
#44 C:/xampp/htdocs/PROYECT-MAIN-main/vendor/laravel/framework/src/Illuminate/Foundation/Http/Middleware/PreventRequestsDuringMaintenance.php(109): Illuminate/Pipeline/Pipeline->Illuminate/Pipeline/{closure}(Object(Illuminate/Http/Request))
#45 C:/xampp/htdocs/PROYECT-MAIN-main/vendor/laravel/framework/src/Illuminate/Pipeline/Pipeline.php(219): Illuminate/Foundation/Http/Middleware/PreventRequestsDuringMaintenance->handle(Object(Illuminate/Http/Request), Object(Closure))
#46 C:/xampp/htdocs/PROYECT-MAIN-main/vendor/laravel/framework/src/Illuminate/Http/Middleware/HandleCors.php(61): Illuminate/Pipeline/Pipeline->Illuminate/Pipeline/{closure}(Object(Illuminate/Http/Request))
#47 C:/xampp/htdocs/PROYECT-MAIN-main/vendor/laravel/framework/src/Illuminate/Pipeline/Pipeline.php(219): Illuminate/Http/Middleware/HandleCors->handle(Object(Illuminate/Http/Request), Object(Closure))
#48 C:/xampp/htdocs/PROYECT-MAIN-main/vendor/laravel/framework/src/Illuminate/Http/Middleware/TrustProxies.php(58): Illuminate/Pipeline/Pipeline->Illuminate/Pipeline/{closure}(Object(Illuminate/Http/Request))
#49 C:/xampp/htdocs/PROYECT-MAIN-main/vendor/laravel/framework/src/Illuminate/Pipeline/Pipeline.php(219): Illuminate/Http/Middleware/TrustProxies->handle(Object(Illuminate/Http/Request), Object(Closure))
#50 C:/xampp/htdocs/PROYECT-MAIN-main/vendor/laravel/framework/src/Illuminate/Foundation/Http/Middleware/InvokeDeferredCallbacks.php(22): Illuminate/Pipeline/Pipeline->Illuminate/Pipeline/{closure}(Object(Illuminate/Http/Request))
#51 C:/xampp/htdocs/PROYECT-MAIN-main/vendor/laravel/framework/src/Illuminate/Pipeline/Pipeline.php(219): Illuminate/Foundation/Http/Middleware/InvokeDeferredCallbacks->handle(Object(Illuminate/Http/Request), Object(Closure))
#52 C:/xampp/htdocs/PROYECT-MAIN-main/vendor/laravel/framework/src/Illuminate/Http/Middleware/ValidatePathEncoding.php(26): Illuminate/Pipeline/Pipeline->Illuminate/Pipeline/{closure}(Object(Illuminate/Http/Request))
#53 C:/xampp/htdocs/PROYECT-MAIN-main/vendor/laravel/framework/src/Illuminate/Pipeline/Pipeline.php(219): Illuminate/Http/Middleware/ValidatePathEncoding->handle(Object(Illuminate/Http/Request), Object(Closure))
#54 C:/xampp/htdocs/PROYECT-MAIN-main/vendor/laravel/framework/src/Illuminate/Pipeline/Pipeline.php(137): Illuminate/Pipeline/Pipeline->Illuminate/Pipeline/{closure}(Object(Illuminate/Http/Request))
#55 C:/xampp/htdocs/PROYECT-MAIN-main/vendor/laravel/framework/src/Illuminate/Foundation/Http/Kernel.php(175): Illuminate/Pipeline/Pipeline->then(Object(Closure))
#56 C:/xampp/htdocs/PROYECT-MAIN-main/vendor/laravel/framework/src/Illuminate/Foundation/Http/Kernel.php(144): Illuminate/Foundation/Http/Kernel->sendRequestThroughRouter(Object(Illuminate/Http/Request))
#57 C:/xampp/htdocs/PROYECT-MAIN-main/vendor/laravel/framework/src/Illuminate/Foundation/Application.php(1220): Illuminate/Foundation/Http/Kernel->handle(Object(Illuminate/Http/Request))
#58 C:/xampp/htdocs/PROYECT-MAIN-main/public/index.php(20): Illuminate/Foundation/Application->handleRequest(Object(Illuminate/Http/Request))
#59 C:/xampp/htdocs/PROYECT-MAIN-main/vendor/laravel/framework/src/Illuminate/Foundation/resources/server.php(23): require_once('C://xampp//htdocs...')
#60 {main}
"} 
[2026-06-04 20:33:51] local.ERROR: syntax error, unexpected end of file (View: C:\xampp\htdocs\PROYECT-MAIN-main\resources\views\dashboard.blade.php) {"userId":1,"exception":"[object] (Illuminate\\View\\ViewException(code: 0): syntax error, unexpected end of file (View: C:\\xampp\\htdocs\\PROYECT-MAIN-main\\resources\\views\\dashboard.blade.php) at C:/xampp/htdocs/PROYECT-MAIN-main/storage/framework/views/05f4f6f7f3e5da74c9de22ce457c026c.php:463)
[stacktrace]
#0 C:/xampp/htdocs/PROYECT-MAIN-main/vendor/laravel/framework/src/Illuminate/View/Engines/PhpEngine.php(59): Illuminate/View/Engines/CompilerEngine->handleViewException(Object(ParseError), 1)
#1 C:/xampp/htdocs/PROYECT-MAIN-main/vendor/laravel/framework/src/Illuminate/View/Engines/CompilerEngine.php(76): Illuminate/View/Engines/PhpEngine->evaluatePath('C://xampp//htdocs...', Array)
#2 C:/xampp/htdocs/PROYECT-MAIN-main/vendor/laravel/framework/src/Illuminate/View/View.php(208): Illuminate/View/Engines/CompilerEngine->get('C://xampp//htdocs...', Array)
#3 C:/xampp/htdocs/PROYECT-MAIN-main/vendor/laravel/framework/src/Illuminate/View/View.php(191): Illuminate/View/View->getContents()
#4 C:/xampp/htdocs/PROYECT-MAIN-main/vendor/laravel/framework/src/Illuminate/View/View.php(160): Illuminate/View/View->renderContents()
#5 C:/xampp/htdocs/PROYECT-MAIN-main/vendor/laravel/framework/src/Illuminate/Http/Response.php(78): Illuminate/View/View->render()
#6 C:/xampp/htdocs/PROYECT-MAIN-main/vendor/laravel/framework/src/Illuminate/Http/Response.php(34): Illuminate/Http/Response->setContent(Object(Illuminate/View/View))
#7 C:/xampp/htdocs/PROYECT-MAIN-main/vendor/laravel/framework/src/Illuminate/Routing/Router.php(939): Illuminate/Http/Response->__construct(Object(Illuminate/View/View), 200, Array)
#8 C:/xampp/htdocs/PROYECT-MAIN-main/vendor/laravel/framework/src/Illuminate/Routing/Router.php(906): Illuminate/Routing/Router::toResponse(Object(Illuminate/Http/Request), Object(Illuminate/View/View))
#9 C:/xampp/htdocs/PROYECT-MAIN-main/vendor/laravel/framework/src/Illuminate/Routing/Router.php(821): Illuminate/Routing/Router->prepareResponse(Object(Illuminate/Http/Request), Object(Illuminate/View/View))
#10 C:/xampp/htdocs/PROYECT-MAIN-main/vendor/laravel/framework/src/Illuminate/Pipeline/Pipeline.php(180): Illuminate/Routing/Router->Illuminate/Routing/{closure}(Object(Illuminate/Http/Request))
#11 C:/xampp/htdocs/PROYECT-MAIN-main/vendor/laravel/framework/src/Illuminate/Auth/Middleware/EnsureEmailIsVerified.php(41): Illuminate/Pipeline/Pipeline->Illuminate/Pipeline/{closure}(Object(Illuminate/Http/Request))
#12 C:/xampp/htdocs/PROYECT-MAIN-main/vendor/laravel/framework/src/Illuminate/Pipeline/Pipeline.php(219): Illuminate/Auth/Middleware/EnsureEmailIsVerified->handle(Object(Illuminate/Http/Request), Object(Closure))
#13 C:/xampp/htdocs/PROYECT-MAIN-main/vendor/laravel/framework/src/Illuminate/Routing/Middleware/SubstituteBindings.php(50): Illuminate/Pipeline/Pipeline->Illuminate/Pipeline/{closure}(Object(Illuminate/Http/Request))
#14 C:/xampp/htdocs/PROYECT-MAIN-main/vendor/laravel/framework/src/Illuminate/Pipeline/Pipeline.php(219): Illuminate/Routing/Middleware/SubstituteBindings->handle(Object(Illuminate/Http/Request), Object(Closure))
#15 C:/xampp/htdocs/PROYECT-MAIN-main/vendor/laravel/framework/src/Illuminate/Auth/Middleware/Authenticate.php(63): Illuminate/Pipeline/Pipeline->Illuminate/Pipeline/{closure}(Object(Illuminate/Http/Request))
#16 C:/xampp/htdocs/PROYECT-MAIN-main/vendor/laravel/framework/src/Illuminate/Pipeline/Pipeline.php(219): Illuminate/Auth/Middleware/Authenticate->handle(Object(Illuminate/Http/Request), Object(Closure))
#17 C:/xampp/htdocs/PROYECT-MAIN-main/vendor/laravel/framework/src/Illuminate/Foundation/Http/Middleware/VerifyCsrfToken.php(87): Illuminate/Pipeline/Pipeline->Illuminate/Pipeline/{closure}(Object(Illuminate/Http/Request))
#18 C:/xampp/htdocs/PROYECT-MAIN-main/vendor/laravel/framework/src/Illuminate/Pipeline/Pipeline.php(219): Illuminate/Foundation/Http/Middleware/VerifyCsrfToken->handle(Object(Illuminate/Http/Request), Object(Closure))
#19 C:/xampp/htdocs/PROYECT-MAIN-main/vendor/laravel/framework/src/Illuminate/View/Middleware/ShareErrorsFromSession.php(48): Illuminate/Pipeline/Pipeline->Illuminate/Pipeline/{closure}(Object(Illuminate/Http/Request))
#20 C:/xampp/htdocs/PROYECT-MAIN-main/vendor/laravel/framework/src/Illuminate/Pipeline/Pipeline.php(219): Illuminate/View/Middleware/ShareErrorsFromSession->handle(Object(Illuminate/Http/Request), Object(Closure))
#21 C:/xampp/htdocs/PROYECT-MAIN-main/vendor/laravel/framework/src/Illuminate/Session/Middleware/StartSession.php(120): Illuminate/Pipeline/Pipeline->Illuminate/Pipeline/{closure}(Object(Illuminate/Http/Request))
#22 C:/xampp/htdocs/PROYECT-MAIN-main/vendor/laravel/framework/src/Illuminate/Session/Middleware/StartSession.php(63): Illuminate/Session/Middleware/StartSession->handleStatefulRequest(Object(Illuminate/Http/Request), Object(Illuminate/Session/Store), Object(Closure))
#23 C:/xampp/htdocs/PROYECT-MAIN-main/vendor/laravel/framework/src/Illuminate/Pipeline/Pipeline.php(219): Illuminate/Session/Middleware/StartSession->handle(Object(Illuminate/Http/Request), Object(Closure))
#24 C:/xampp/htdocs/PROYECT-MAIN-main/vendor/laravel/framework/src/Illuminate/Cookie/Middleware/AddQueuedCookiesToResponse.php(36): Illuminate/Pipeline/Pipeline->Illuminate/Pipeline/{closure}(Object(Illuminate/Http/Request))
#25 C:/xampp/htdocs/PROYECT-MAIN-main/vendor/laravel/framework/src/Illuminate/Pipeline/Pipeline.php(219): Illuminate/Cookie/Middleware/AddQueuedCookiesToResponse->handle(Object(Illuminate/Http/Request), Object(Closure))
#26 C:/xampp/htdocs/PROYECT-MAIN-main/vendor/laravel/framework/src/Illuminate/Cookie/Middleware/EncryptCookies.php(74): Illuminate/Pipeline/Pipeline->Illuminate/Pipeline/{closure}(Object(Illuminate/Http/Request))
#27 C:/xampp/htdocs/PROYECT-MAIN-main/vendor/laravel/framework/src/Illuminate/Pipeline/Pipeline.php(219): Illuminate/Cookie/Middleware/EncryptCookies->handle(Object(Illuminate/Http/Request), Object(Closure))
#28 C:/xampp/htdocs/PROYECT-MAIN-main/vendor/laravel/framework/src/Illuminate/Pipeline/Pipeline.php(137): Illuminate/Pipeline/Pipeline->Illuminate/Pipeline/{closure}(Object(Illuminate/Http/Request))
#29 C:/xampp/htdocs/PROYECT-MAIN-main/vendor/laravel/framework/src/Illuminate/Routing/Router.php(821): Illuminate/Pipeline/Pipeline->then(Object(Closure))
#30 C:/xampp/htdocs/PROYECT-MAIN-main/vendor/laravel/framework/src/Illuminate/Routing/Router.php(800): Illuminate/Routing/Router->runRouteWithinStack(Object(Illuminate/Routing/Route), Object(Illuminate/Http/Request))
#31 C:/xampp/htdocs/PROYECT-MAIN-main/vendor/laravel/framework/src/Illuminate/Routing/Router.php(764): Illuminate/Routing/Router->runRoute(Object(Illuminate/Http/Request), Object(Illuminate/Routing/Route))
#32 C:/xampp/htdocs/PROYECT-MAIN-main/vendor/laravel/framework/src/Illuminate/Routing/Router.php(753): Illuminate/Routing/Router->dispatchToRoute(Object(Illuminate/Http/Request))
#33 C:/xampp/htdocs/PROYECT-MAIN-main/vendor/laravel/framework/src/Illuminate/Foundation/Http/Kernel.php(200): Illuminate/Routing/Router->dispatch(Object(Illuminate/Http/Request))
#34 C:/xampp/htdocs/PROYECT-MAIN-main/vendor/laravel/framework/src/Illuminate/Pipeline/Pipeline.php(180): Illuminate/Foundation/Http/Kernel->Illuminate/Foundation/Http/{closure}(Object(Illuminate/Http/Request))
#35 C:/xampp/htdocs/PROYECT-MAIN-main/vendor/laravel/framework/src/Illuminate/Foundation/Http/Middleware/TransformsRequest.php(21): Illuminate/Pipeline/Pipeline->Illuminate/Pipeline/{closure}(Object(Illuminate/Http/Request))
#36 C:/xampp/htdocs/PROYECT-MAIN-main/vendor/laravel/framework/src/Illuminate/Foundation/Http/Middleware/ConvertEmptyStringsToNull.php(31): Illuminate/Foundation/Http/Middleware/TransformsRequest->handle(Object(Illuminate/Http/Request), Object(Closure))
#37 C:/xampp/htdocs/PROYECT-MAIN-main/vendor/laravel/framework/src/Illuminate/Pipeline/Pipeline.php(219): Illuminate/Foundation/Http/Middleware/ConvertEmptyStringsToNull->handle(Object(Illuminate/Http/Request), Object(Closure))
#38 C:/xampp/htdocs/PROYECT-MAIN-main/vendor/laravel/framework/src/Illuminate/Foundation/Http/Middleware/TransformsRequest.php(21): Illuminate/Pipeline/Pipeline->Illuminate/Pipeline/{closure}(Object(Illuminate/Http/Request))
#39 C:/xampp/htdocs/PROYECT-MAIN-main/vendor/laravel/framework/src/Illuminate/Foundation/Http/Middleware/TrimStrings.php(51): Illuminate/Foundation/Http/Middleware/TransformsRequest->handle(Object(Illuminate/Http/Request), Object(Closure))
#40 C:/xampp/htdocs/PROYECT-MAIN-main/vendor/laravel/framework/src/Illuminate/Pipeline/Pipeline.php(219): Illuminate/Foundation/Http/Middleware/TrimStrings->handle(Object(Illuminate/Http/Request), Object(Closure))
#41 C:/xampp/htdocs/PROYECT-MAIN-main/vendor/laravel/framework/src/Illuminate/Http/Middleware/ValidatePostSize.php(27): Illuminate/Pipeline/Pipeline->Illuminate/Pipeline/{closure}(Object(Illuminate/Http/Request))
#42 C:/xampp/htdocs/PROYECT-MAIN-main/vendor/laravel/framework/src/Illuminate/Pipeline/Pipeline.php(219): Illuminate/Http/Middleware/ValidatePostSize->handle(Object(Illuminate/Http/Request), Object(Closure))
#43 C:/xampp/htdocs/PROYECT-MAIN-main/vendor/laravel/framework/src/Illuminate/Foundation/Http/Middleware/PreventRequestsDuringMaintenance.php(109): Illuminate/Pipeline/Pipeline->Illuminate/Pipeline/{closure}(Object(Illuminate/Http/Request))
#44 C:/xampp/htdocs/PROYECT-MAIN-main/vendor/laravel/framework/src/Illuminate/Pipeline/Pipeline.php(219): Illuminate/Foundation/Http/Middleware/PreventRequestsDuringMaintenance->handle(Object(Illuminate/Http/Request), Object(Closure))
#45 C:/xampp/htdocs/PROYECT-MAIN-main/vendor/laravel/framework/src/Illuminate/Http/Middleware/HandleCors.php(61): Illuminate/Pipeline/Pipeline->Illuminate/Pipeline/{closure}(Object(Illuminate/Http/Request))
#46 C:/xampp/htdocs/PROYECT-MAIN-main/vendor/laravel/framework/src/Illuminate/Pipeline/Pipeline.php(219): Illuminate/Http/Middleware/HandleCors->handle(Object(Illuminate/Http/Request), Object(Closure))
#47 C:/xampp/htdocs/PROYECT-MAIN-main/vendor/laravel/framework/src/Illuminate/Http/Middleware/TrustProxies.php(58): Illuminate/Pipeline/Pipeline->Illuminate/Pipeline/{closure}(Object(Illuminate/Http/Request))
#48 C:/xampp/htdocs/PROYECT-MAIN-main/vendor/laravel/framework/src/Illuminate/Pipeline/Pipeline.php(219): Illuminate/Http/Middleware/TrustProxies->handle(Object(Illuminate/Http/Request), Object(Closure))
#49 C:/xampp/htdocs/PROYECT-MAIN-main/vendor/laravel/framework/src/Illuminate/Foundation/Http/Middleware/InvokeDeferredCallbacks.php(22): Illuminate/Pipeline/Pipeline->Illuminate/Pipeline/{closure}(Object(Illuminate/Http/Request))
#50 C:/xampp/htdocs/PROYECT-MAIN-main/vendor/laravel/framework/src/Illuminate/Pipeline/Pipeline.php(219): Illuminate/Foundation/Http/Middleware/InvokeDeferredCallbacks->handle(Object(Illuminate/Http/Request), Object(Closure))
#51 C:/xampp/htdocs/PROYECT-MAIN-main/vendor/laravel/framework/src/Illuminate/Http/Middleware/ValidatePathEncoding.php(26): Illuminate/Pipeline/Pipeline->Illuminate/Pipeline/{closure}(Object(Illuminate/Http/Request))
#52 C:/xampp/htdocs/PROYECT-MAIN-main/vendor/laravel/framework/src/Illuminate/Pipeline/Pipeline.php(219): Illuminate/Http/Middleware/ValidatePathEncoding->handle(Object(Illuminate/Http/Request), Object(Closure))
#53 C:/xampp/htdocs/PROYECT-MAIN-main/vendor/laravel/framework/src/Illuminate/Pipeline/Pipeline.php(137): Illuminate/Pipeline/Pipeline->Illuminate/Pipeline/{closure}(Object(Illuminate/Http/Request))
#54 C:/xampp/htdocs/PROYECT-MAIN-main/vendor/laravel/framework/src/Illuminate/Foundation/Http/Kernel.php(175): Illuminate/Pipeline/Pipeline->then(Object(Closure))
#55 C:/xampp/htdocs/PROYECT-MAIN-main/vendor/laravel/framework/src/Illuminate/Foundation/Http/Kernel.php(144): Illuminate/Foundation/Http/Kernel->sendRequestThroughRouter(Object(Illuminate/Http/Request))
#56 C:/xampp/htdocs/PROYECT-MAIN-main/vendor/laravel/framework/src/Illuminate/Foundation/Application.php(1220): Illuminate/Foundation/Http/Kernel->handle(Object(Illuminate/Http/Request))
#57 C:/xampp/htdocs/PROYECT-MAIN-main/public/index.php(20): Illuminate/Foundation/Application->handleRequest(Object(Illuminate/Http/Request))
#58 C:/xampp/htdocs/PROYECT-MAIN-main/vendor/laravel/framework/src/Illuminate/Foundation/resources/server.php(23): require_once('C://xampp//htdocs...')
#59 {main}

[previous exception] [object] (ParseError(code: 0): syntax error, unexpected end of file at C:/xampp/htdocs/PROYECT-MAIN-main/storage/framework/views/05f4f6f7f3e5da74c9de22ce457c026c.php:463)
[stacktrace]
#0 C:/xampp/htdocs/PROYECT-MAIN-main/vendor/laravel/framework/src/Illuminate/Filesystem/Filesystem.php(124): Illuminate/Filesystem/Filesystem::Illuminate/Filesystem/{closure}()
#1 C:/xampp/htdocs/PROYECT-MAIN-main/vendor/laravel/framework/src/Illuminate/View/Engines/PhpEngine.php(57): Illuminate/Filesystem/Filesystem->getRequire('C://xampp//htdocs...', Array)
#2 C:/xampp/htdocs/PROYECT-MAIN-main/vendor/laravel/framework/src/Illuminate/View/Engines/CompilerEngine.php(76): Illuminate/View/Engines/PhpEngine->evaluatePath('C://xampp//htdocs...', Array)
#3 C:/xampp/htdocs/PROYECT-MAIN-main/vendor/laravel/framework/src/Illuminate/View/View.php(208): Illuminate/View/Engines/CompilerEngine->get('C://xampp//htdocs...', Array)
#4 C:/xampp/htdocs/PROYECT-MAIN-main/vendor/laravel/framework/src/Illuminate/View/View.php(191): Illuminate/View/View->getContents()
#5 C:/xampp/htdocs/PROYECT-MAIN-main/vendor/laravel/framework/src/Illuminate/View/View.php(160): Illuminate/View/View->renderContents()
#6 C:/xampp/htdocs/PROYECT-MAIN-main/vendor/laravel/framework/src/Illuminate/Http/Response.php(78): Illuminate/View/View->render()
#7 C:/xampp/htdocs/PROYECT-MAIN-main/vendor/laravel/framework/src/Illuminate/Http/Response.php(34): Illuminate/Http/Response->setContent(Object(Illuminate/View/View))
#8 C:/xampp/htdocs/PROYECT-MAIN-main/vendor/laravel/framework/src/Illuminate/Routing/Router.php(939): Illuminate/Http/Response->__construct(Object(Illuminate/View/View), 200, Array)
#9 C:/xampp/htdocs/PROYECT-MAIN-main/vendor/laravel/framework/src/Illuminate/Routing/Router.php(906): Illuminate/Routing/Router::toResponse(Object(Illuminate/Http/Request), Object(Illuminate/View/View))
#10 C:/xampp/htdocs/PROYECT-MAIN-main/vendor/laravel/framework/src/Illuminate/Routing/Router.php(821): Illuminate/Routing/Router->prepareResponse(Object(Illuminate/Http/Request), Object(Illuminate/View/View))
#11 C:/xampp/htdocs/PROYECT-MAIN-main/vendor/laravel/framework/src/Illuminate/Pipeline/Pipeline.php(180): Illuminate/Routing/Router->Illuminate/Routing/{closure}(Object(Illuminate/Http/Request))
#12 C:/xampp/htdocs/PROYECT-MAIN-main/vendor/laravel/framework/src/Illuminate/Auth/Middleware/EnsureEmailIsVerified.php(41): Illuminate/Pipeline/Pipeline->Illuminate/Pipeline/{closure}(Object(Illuminate/Http/Request))
#13 C:/xampp/htdocs/PROYECT-MAIN-main/vendor/laravel/framework/src/Illuminate/Pipeline/Pipeline.php(219): Illuminate/Auth/Middleware/EnsureEmailIsVerified->handle(Object(Illuminate/Http/Request), Object(Closure))
#14 C:/xampp/htdocs/PROYECT-MAIN-main/vendor/laravel/framework/src/Illuminate/Routing/Middleware/SubstituteBindings.php(50): Illuminate/Pipeline/Pipeline->Illuminate/Pipeline/{closure}(Object(Illuminate/Http/Request))
#15 C:/xampp/htdocs/PROYECT-MAIN-main/vendor/laravel/framework/src/Illuminate/Pipeline/Pipeline.php(219): Illuminate/Routing/Middleware/SubstituteBindings->handle(Object(Illuminate/Http/Request), Object(Closure))
#16 C:/xampp/htdocs/PROYECT-MAIN-main/vendor/laravel/framework/src/Illuminate/Auth/Middleware/Authenticate.php(63): Illuminate/Pipeline/Pipeline->Illuminate/Pipeline/{closure}(Object(Illuminate/Http/Request))
#17 C:/xampp/htdocs/PROYECT-MAIN-main/vendor/laravel/framework/src/Illuminate/Pipeline/Pipeline.php(219): Illuminate/Auth/Middleware/Authenticate->handle(Object(Illuminate/Http/Request), Object(Closure))
#18 C:/xampp/htdocs/PROYECT-MAIN-main/vendor/laravel/framework/src/Illuminate/Foundation/Http/Middleware/VerifyCsrfToken.php(87): Illuminate/Pipeline/Pipeline->Illuminate/Pipeline/{closure}(Object(Illuminate/Http/Request))
#19 C:/xampp/htdocs/PROYECT-MAIN-main/vendor/laravel/framework/src/Illuminate/Pipeline/Pipeline.php(219): Illuminate/Foundation/Http/Middleware/VerifyCsrfToken->handle(Object(Illuminate/Http/Request), Object(Closure))
#20 C:/xampp/htdocs/PROYECT-MAIN-main/vendor/laravel/framework/src/Illuminate/View/Middleware/ShareErrorsFromSession.php(48): Illuminate/Pipeline/Pipeline->Illuminate/Pipeline/{closure}(Object(Illuminate/Http/Request))
#21 C:/xampp/htdocs/PROYECT-MAIN-main/vendor/laravel/framework/src/Illuminate/Pipeline/Pipeline.php(219): Illuminate/View/Middleware/ShareErrorsFromSession->handle(Object(Illuminate/Http/Request), Object(Closure))
#22 C:/xampp/htdocs/PROYECT-MAIN-main/vendor/laravel/framework/src/Illuminate/Session/Middleware/StartSession.php(120): Illuminate/Pipeline/Pipeline->Illuminate/Pipeline/{closure}(Object(Illuminate/Http/Request))
#23 C:/xampp/htdocs/PROYECT-MAIN-main/vendor/laravel/framework/src/Illuminate/Session/Middleware/StartSession.php(63): Illuminate/Session/Middleware/StartSession->handleStatefulRequest(Object(Illuminate/Http/Request), Object(Illuminate/Session/Store), Object(Closure))
#24 C:/xampp/htdocs/PROYECT-MAIN-main/vendor/laravel/framework/src/Illuminate/Pipeline/Pipeline.php(219): Illuminate/Session/Middleware/StartSession->handle(Object(Illuminate/Http/Request), Object(Closure))
#25 C:/xampp/htdocs/PROYECT-MAIN-main/vendor/laravel/framework/src/Illuminate/Cookie/Middleware/AddQueuedCookiesToResponse.php(36): Illuminate/Pipeline/Pipeline->Illuminate/Pipeline/{closure}(Object(Illuminate/Http/Request))
#26 C:/xampp/htdocs/PROYECT-MAIN-main/vendor/laravel/framework/src/Illuminate/Pipeline/Pipeline.php(219): Illuminate/Cookie/Middleware/AddQueuedCookiesToResponse->handle(Object(Illuminate/Http/Request), Object(Closure))
#27 C:/xampp/htdocs/PROYECT-MAIN-main/vendor/laravel/framework/src/Illuminate/Cookie/Middleware/EncryptCookies.php(74): Illuminate/Pipeline/Pipeline->Illuminate/Pipeline/{closure}(Object(Illuminate/Http/Request))
#28 C:/xampp/htdocs/PROYECT-MAIN-main/vendor/laravel/framework/src/Illuminate/Pipeline/Pipeline.php(219): Illuminate/Cookie/Middleware/EncryptCookies->handle(Object(Illuminate/Http/Request), Object(Closure))
#29 C:/xampp/htdocs/PROYECT-MAIN-main/vendor/laravel/framework/src/Illuminate/Pipeline/Pipeline.php(137): Illuminate/Pipeline/Pipeline->Illuminate/Pipeline/{closure}(Object(Illuminate/Http/Request))
#30 C:/xampp/htdocs/PROYECT-MAIN-main/vendor/laravel/framework/src/Illuminate/Routing/Router.php(821): Illuminate/Pipeline/Pipeline->then(Object(Closure))
#31 C:/xampp/htdocs/PROYECT-MAIN-main/vendor/laravel/framework/src/Illuminate/Routing/Router.php(800): Illuminate/Routing/Router->runRouteWithinStack(Object(Illuminate/Routing/Route), Object(Illuminate/Http/Request))
#32 C:/xampp/htdocs/PROYECT-MAIN-main/vendor/laravel/framework/src/Illuminate/Routing/Router.php(764): Illuminate/Routing/Router->runRoute(Object(Illuminate/Http/Request), Object(Illuminate/Routing/Route))
#33 C:/xampp/htdocs/PROYECT-MAIN-main/vendor/laravel/framework/src/Illuminate/Routing/Router.php(753): Illuminate/Routing/Router->dispatchToRoute(Object(Illuminate/Http/Request))
#34 C:/xampp/htdocs/PROYECT-MAIN-main/vendor/laravel/framework/src/Illuminate/Foundation/Http/Kernel.php(200): Illuminate/Routing/Router->dispatch(Object(Illuminate/Http/Request))
#35 C:/xampp/htdocs/PROYECT-MAIN-main/vendor/laravel/framework/src/Illuminate/Pipeline/Pipeline.php(180): Illuminate/Foundation/Http/Kernel->Illuminate/Foundation/Http/{closure}(Object(Illuminate/Http/Request))
#36 C:/xampp/htdocs/PROYECT-MAIN-main/vendor/laravel/framework/src/Illuminate/Foundation/Http/Middleware/TransformsRequest.php(21): Illuminate/Pipeline/Pipeline->Illuminate/Pipeline/{closure}(Object(Illuminate/Http/Request))
#37 C:/xampp/htdocs/PROYECT-MAIN-main/vendor/laravel/framework/src/Illuminate/Foundation/Http/Middleware/ConvertEmptyStringsToNull.php(31): Illuminate/Foundation/Http/Middleware/TransformsRequest->handle(Object(Illuminate/Http/Request), Object(Closure))
#38 C:/xampp/htdocs/PROYECT-MAIN-main/vendor/laravel/framework/src/Illuminate/Pipeline/Pipeline.php(219): Illuminate/Foundation/Http/Middleware/ConvertEmptyStringsToNull->handle(Object(Illuminate/Http/Request), Object(Closure))
#39 C:/xampp/htdocs/PROYECT-MAIN-main/vendor/laravel/framework/src/Illuminate/Foundation/Http/Middleware/TransformsRequest.php(21): Illuminate/Pipeline/Pipeline->Illuminate/Pipeline/{closure}(Object(Illuminate/Http/Request))
#40 C:/xampp/htdocs/PROYECT-MAIN-main/vendor/laravel/framework/src/Illuminate/Foundation/Http/Middleware/TrimStrings.php(51): Illuminate/Foundation/Http/Middleware/TransformsRequest->handle(Object(Illuminate/Http/Request), Object(Closure))
#41 C:/xampp/htdocs/PROYECT-MAIN-main/vendor/laravel/framework/src/Illuminate/Pipeline/Pipeline.php(219): Illuminate/Foundation/Http/Middleware/TrimStrings->handle(Object(Illuminate/Http/Request), Object(Closure))
#42 C:/xampp/htdocs/PROYECT-MAIN-main/vendor/laravel/framework/src/Illuminate/Http/Middleware/ValidatePostSize.php(27): Illuminate/Pipeline/Pipeline->Illuminate/Pipeline/{closure}(Object(Illuminate/Http/Request))
#43 C:/xampp/htdocs/PROYECT-MAIN-main/vendor/laravel/framework/src/Illuminate/Pipeline/Pipeline.php(219): Illuminate/Http/Middleware/ValidatePostSize->handle(Object(Illuminate/Http/Request), Object(Closure))
#44 C:/xampp/htdocs/PROYECT-MAIN-main/vendor/laravel/framework/src/Illuminate/Foundation/Http/Middleware/PreventRequestsDuringMaintenance.php(109): Illuminate/Pipeline/Pipeline->Illuminate/Pipeline/{closure}(Object(Illuminate/Http/Request))
#45 C:/xampp/htdocs/PROYECT-MAIN-main/vendor/laravel/framework/src/Illuminate/Pipeline/Pipeline.php(219): Illuminate/Foundation/Http/Middleware/PreventRequestsDuringMaintenance->handle(Object(Illuminate/Http/Request), Object(Closure))
#46 C:/xampp/htdocs/PROYECT-MAIN-main/vendor/laravel/framework/src/Illuminate/Http/Middleware/HandleCors.php(61): Illuminate/Pipeline/Pipeline->Illuminate/Pipeline/{closure}(Object(Illuminate/Http/Request))
#47 C:/xampp/htdocs/PROYECT-MAIN-main/vendor/laravel/framework/src/Illuminate/Pipeline/Pipeline.php(219): Illuminate/Http/Middleware/HandleCors->handle(Object(Illuminate/Http/Request), Object(Closure))
#48 C:/xampp/htdocs/PROYECT-MAIN-main/vendor/laravel/framework/src/Illuminate/Http/Middleware/TrustProxies.php(58): Illuminate/Pipeline/Pipeline->Illuminate/Pipeline/{closure}(Object(Illuminate/Http/Request))
#49 C:/xampp/htdocs/PROYECT-MAIN-main/vendor/laravel/framework/src/Illuminate/Pipeline/Pipeline.php(219): Illuminate/Http/Middleware/TrustProxies->handle(Object(Illuminate/Http/Request), Object(Closure))
#50 C:/xampp/htdocs/PROYECT-MAIN-main/vendor/laravel/framework/src/Illuminate/Foundation/Http/Middleware/InvokeDeferredCallbacks.php(22): Illuminate/Pipeline/Pipeline->Illuminate/Pipeline/{closure}(Object(Illuminate/Http/Request))
#51 C:/xampp/htdocs/PROYECT-MAIN-main/vendor/laravel/framework/src/Illuminate/Pipeline/Pipeline.php(219): Illuminate/Foundation/Http/Middleware/InvokeDeferredCallbacks->handle(Object(Illuminate/Http/Request), Object(Closure))
#52 C:/xampp/htdocs/PROYECT-MAIN-main/vendor/laravel/framework/src/Illuminate/Http/Middleware/ValidatePathEncoding.php(26): Illuminate/Pipeline/Pipeline->Illuminate/Pipeline/{closure}(Object(Illuminate/Http/Request))
#53 C:/xampp/htdocs/PROYECT-MAIN-main/vendor/laravel/framework/src/Illuminate/Pipeline/Pipeline.php(219): Illuminate/Http/Middleware/ValidatePathEncoding->handle(Object(Illuminate/Http/Request), Object(Closure))
#54 C:/xampp/htdocs/PROYECT-MAIN-main/vendor/laravel/framework/src/Illuminate/Pipeline/Pipeline.php(137): Illuminate/Pipeline/Pipeline->Illuminate/Pipeline/{closure}(Object(Illuminate/Http/Request))
#55 C:/xampp/htdocs/PROYECT-MAIN-main/vendor/laravel/framework/src/Illuminate/Foundation/Http/Kernel.php(175): Illuminate/Pipeline/Pipeline->then(Object(Closure))
#56 C:/xampp/htdocs/PROYECT-MAIN-main/vendor/laravel/framework/src/Illuminate/Foundation/Http/Kernel.php(144): Illuminate/Foundation/Http/Kernel->sendRequestThroughRouter(Object(Illuminate/Http/Request))
#57 C:/xampp/htdocs/PROYECT-MAIN-main/vendor/laravel/framework/src/Illuminate/Foundation/Application.php(1220): Illuminate/Foundation/Http/Kernel->handle(Object(Illuminate/Http/Request))
#58 C:/xampp/htdocs/PROYECT-MAIN-main/public/index.php(20): Illuminate/Foundation/Application->handleRequest(Object(Illuminate/Http/Request))
#59 C:/xampp/htdocs/PROYECT-MAIN-main/vendor/laravel/framework/src/Illuminate/Foundation/resources/server.php(23): require_once('C://xampp//htdocs...')
#60 {main}
"} 
[2026-06-04 20:33:58] local.ERROR: syntax error, unexpected end of file (View: C:\xampp\htdocs\PROYECT-MAIN-main\resources\views\dashboard.blade.php) {"userId":1,"exception":"[object] (Illuminate\\View\\ViewException(code: 0): syntax error, unexpected end of file (View: C:\\xampp\\htdocs\\PROYECT-MAIN-main\\resources\\views\\dashboard.blade.php) at C:/xampp/htdocs/PROYECT-MAIN-main/storage/framework/views/05f4f6f7f3e5da74c9de22ce457c026c.php:463)
[stacktrace]
#0 C:/xampp/htdocs/PROYECT-MAIN-main/vendor/laravel/framework/src/Illuminate/View/Engines/PhpEngine.php(59): Illuminate/View/Engines/CompilerEngine->handleViewException(Object(ParseError), 1)
#1 C:/xampp/htdocs/PROYECT-MAIN-main/vendor/laravel/framework/src/Illuminate/View/Engines/CompilerEngine.php(76): Illuminate/View/Engines/PhpEngine->evaluatePath('C://xampp//htdocs...', Array)
#2 C:/xampp/htdocs/PROYECT-MAIN-main/vendor/laravel/framework/src/Illuminate/View/View.php(208): Illuminate/View/Engines/CompilerEngine->get('C://xampp//htdocs...', Array)
#3 C:/xampp/htdocs/PROYECT-MAIN-main/vendor/laravel/framework/src/Illuminate/View/View.php(191): Illuminate/View/View->getContents()
#4 C:/xampp/htdocs/PROYECT-MAIN-main/vendor/laravel/framework/src/Illuminate/View/View.php(160): Illuminate/View/View->renderContents()
#5 C:/xampp/htdocs/PROYECT-MAIN-main/vendor/laravel/framework/src/Illuminate/Http/Response.php(78): Illuminate/View/View->render()
#6 C:/xampp/htdocs/PROYECT-MAIN-main/vendor/laravel/framework/src/Illuminate/Http/Response.php(34): Illuminate/Http/Response->setContent(Object(Illuminate/View/View))
#7 C:/xampp/htdocs/PROYECT-MAIN-main/vendor/laravel/framework/src/Illuminate/Routing/Router.php(939): Illuminate/Http/Response->__construct(Object(Illuminate/View/View), 200, Array)
#8 C:/xampp/htdocs/PROYECT-MAIN-main/vendor/laravel/framework/src/Illuminate/Routing/Router.php(906): Illuminate/Routing/Router::toResponse(Object(Illuminate/Http/Request), Object(Illuminate/View/View))
#9 C:/xampp/htdocs/PROYECT-MAIN-main/vendor/laravel/framework/src/Illuminate/Routing/Router.php(821): Illuminate/Routing/Router->prepareResponse(Object(Illuminate/Http/Request), Object(Illuminate/View/View))
#10 C:/xampp/htdocs/PROYECT-MAIN-main/vendor/laravel/framework/src/Illuminate/Pipeline/Pipeline.php(180): Illuminate/Routing/Router->Illuminate/Routing/{closure}(Object(Illuminate/Http/Request))
#11 C:/xampp/htdocs/PROYECT-MAIN-main/vendor/laravel/framework/src/Illuminate/Auth/Middleware/EnsureEmailIsVerified.php(41): Illuminate/Pipeline/Pipeline->Illuminate/Pipeline/{closure}(Object(Illuminate/Http/Request))
#12 C:/xampp/htdocs/PROYECT-MAIN-main/vendor/laravel/framework/src/Illuminate/Pipeline/Pipeline.php(219): Illuminate/Auth/Middleware/EnsureEmailIsVerified->handle(Object(Illuminate/Http/Request), Object(Closure))
#13 C:/xampp/htdocs/PROYECT-MAIN-main/vendor/laravel/framework/src/Illuminate/Routing/Middleware/SubstituteBindings.php(50): Illuminate/Pipeline/Pipeline->Illuminate/Pipeline/{closure}(Object(Illuminate/Http/Request))
#14 C:/xampp/htdocs/PROYECT-MAIN-main/vendor/laravel/framework/src/Illuminate/Pipeline/Pipeline.php(219): Illuminate/Routing/Middleware/SubstituteBindings->handle(Object(Illuminate/Http/Request), Object(Closure))
#15 C:/xampp/htdocs/PROYECT-MAIN-main/vendor/laravel/framework/src/Illuminate/Auth/Middleware/Authenticate.php(63): Illuminate/Pipeline/Pipeline->Illuminate/Pipeline/{closure}(Object(Illuminate/Http/Request))
#16 C:/xampp/htdocs/PROYECT-MAIN-main/vendor/laravel/framework/src/Illuminate/Pipeline/Pipeline.php(219): Illuminate/Auth/Middleware/Authenticate->handle(Object(Illuminate/Http/Request), Object(Closure))
#17 C:/xampp/htdocs/PROYECT-MAIN-main/vendor/laravel/framework/src/Illuminate/Foundation/Http/Middleware/VerifyCsrfToken.php(87): Illuminate/Pipeline/Pipeline->Illuminate/Pipeline/{closure}(Object(Illuminate/Http/Request))
#18 C:/xampp/htdocs/PROYECT-MAIN-main/vendor/laravel/framework/src/Illuminate/Pipeline/Pipeline.php(219): Illuminate/Foundation/Http/Middleware/VerifyCsrfToken->handle(Object(Illuminate/Http/Request), Object(Closure))
#19 C:/xampp/htdocs/PROYECT-MAIN-main/vendor/laravel/framework/src/Illuminate/View/Middleware/ShareErrorsFromSession.php(48): Illuminate/Pipeline/Pipeline->Illuminate/Pipeline/{closure}(Object(Illuminate/Http/Request))
#20 C:/xampp/htdocs/PROYECT-MAIN-main/vendor/laravel/framework/src/Illuminate/Pipeline/Pipeline.php(219): Illuminate/View/Middleware/ShareErrorsFromSession->handle(Object(Illuminate/Http/Request), Object(Closure))
#21 C:/xampp/htdocs/PROYECT-MAIN-main/vendor/laravel/framework/src/Illuminate/Session/Middleware/StartSession.php(120): Illuminate/Pipeline/Pipeline->Illuminate/Pipeline/{closure}(Object(Illuminate/Http/Request))
#22 C:/xampp/htdocs/PROYECT-MAIN-main/vendor/laravel/framework/src/Illuminate/Session/Middleware/StartSession.php(63): Illuminate/Session/Middleware/StartSession->handleStatefulRequest(Object(Illuminate/Http/Request), Object(Illuminate/Session/Store), Object(Closure))
#23 C:/xampp/htdocs/PROYECT-MAIN-main/vendor/laravel/framework/src/Illuminate/Pipeline/Pipeline.php(219): Illuminate/Session/Middleware/StartSession->handle(Object(Illuminate/Http/Request), Object(Closure))
#24 C:/xampp/htdocs/PROYECT-MAIN-main/vendor/laravel/framework/src/Illuminate/Cookie/Middleware/AddQueuedCookiesToResponse.php(36): Illuminate/Pipeline/Pipeline->Illuminate/Pipeline/{closure}(Object(Illuminate/Http/Request))
#25 C:/xampp/htdocs/PROYECT-MAIN-main/vendor/laravel/framework/src/Illuminate/Pipeline/Pipeline.php(219): Illuminate/Cookie/Middleware/AddQueuedCookiesToResponse->handle(Object(Illuminate/Http/Request), Object(Closure))
#26 C:/xampp/htdocs/PROYECT-MAIN-main/vendor/laravel/framework/src/Illuminate/Cookie/Middleware/EncryptCookies.php(74): Illuminate/Pipeline/Pipeline->Illuminate/Pipeline/{closure}(Object(Illuminate/Http/Request))
#27 C:/xampp/htdocs/PROYECT-MAIN-main/vendor/laravel/framework/src/Illuminate/Pipeline/Pipeline.php(219): Illuminate/Cookie/Middleware/EncryptCookies->handle(Object(Illuminate/Http/Request), Object(Closure))
#28 C:/xampp/htdocs/PROYECT-MAIN-main/vendor/laravel/framework/src/Illuminate/Pipeline/Pipeline.php(137): Illuminate/Pipeline/Pipeline->Illuminate/Pipeline/{closure}(Object(Illuminate/Http/Request))
#29 C:/xampp/htdocs/PROYECT-MAIN-main/vendor/laravel/framework/src/Illuminate/Routing/Router.php(821): Illuminate/Pipeline/Pipeline->then(Object(Closure))
#30 C:/xampp/htdocs/PROYECT-MAIN-main/vendor/laravel/framework/src/Illuminate/Routing/Router.php(800): Illuminate/Routing/Router->runRouteWithinStack(Object(Illuminate/Routing/Route), Object(Illuminate/Http/Request))
#31 C:/xampp/htdocs/PROYECT-MAIN-main/vendor/laravel/framework/src/Illuminate/Routing/Router.php(764): Illuminate/Routing/Router->runRoute(Object(Illuminate/Http/Request), Object(Illuminate/Routing/Route))
#32 C:/xampp/htdocs/PROYECT-MAIN-main/vendor/laravel/framework/src/Illuminate/Routing/Router.php(753): Illuminate/Routing/Router->dispatchToRoute(Object(Illuminate/Http/Request))
#33 C:/xampp/htdocs/PROYECT-MAIN-main/vendor/laravel/framework/src/Illuminate/Foundation/Http/Kernel.php(200): Illuminate/Routing/Router->dispatch(Object(Illuminate/Http/Request))
#34 C:/xampp/htdocs/PROYECT-MAIN-main/vendor/laravel/framework/src/Illuminate/Pipeline/Pipeline.php(180): Illuminate/Foundation/Http/Kernel->Illuminate/Foundation/Http/{closure}(Object(Illuminate/Http/Request))
#35 C:/xampp/htdocs/PROYECT-MAIN-main/vendor/laravel/framework/src/Illuminate/Foundation/Http/Middleware/TransformsRequest.php(21): Illuminate/Pipeline/Pipeline->Illuminate/Pipeline/{closure}(Object(Illuminate/Http/Request))
#36 C:/xampp/htdocs/PROYECT-MAIN-main/vendor/laravel/framework/src/Illuminate/Foundation/Http/Middleware/ConvertEmptyStringsToNull.php(31): Illuminate/Foundation/Http/Middleware/TransformsRequest->handle(Object(Illuminate/Http/Request), Object(Closure))
#37 C:/xampp/htdocs/PROYECT-MAIN-main/vendor/laravel/framework/src/Illuminate/Pipeline/Pipeline.php(219): Illuminate/Foundation/Http/Middleware/ConvertEmptyStringsToNull->handle(Object(Illuminate/Http/Request), Object(Closure))
#38 C:/xampp/htdocs/PROYECT-MAIN-main/vendor/laravel/framework/src/Illuminate/Foundation/Http/Middleware/TransformsRequest.php(21): Illuminate/Pipeline/Pipeline->Illuminate/Pipeline/{closure}(Object(Illuminate/Http/Request))
#39 C:/xampp/htdocs/PROYECT-MAIN-main/vendor/laravel/framework/src/Illuminate/Foundation/Http/Middleware/TrimStrings.php(51): Illuminate/Foundation/Http/Middleware/TransformsRequest->handle(Object(Illuminate/Http/Request), Object(Closure))
#40 C:/xampp/htdocs/PROYECT-MAIN-main/vendor/laravel/framework/src/Illuminate/Pipeline/Pipeline.php(219): Illuminate/Foundation/Http/Middleware/TrimStrings->handle(Object(Illuminate/Http/Request), Object(Closure))
#41 C:/xampp/htdocs/PROYECT-MAIN-main/vendor/laravel/framework/src/Illuminate/Http/Middleware/ValidatePostSize.php(27): Illuminate/Pipeline/Pipeline->Illuminate/Pipeline/{closure}(Object(Illuminate/Http/Request))
#42 C:/xampp/htdocs/PROYECT-MAIN-main/vendor/laravel/framework/src/Illuminate/Pipeline/Pipeline.php(219): Illuminate/Http/Middleware/ValidatePostSize->handle(Object(Illuminate/Http/Request), Object(Closure))
#43 C:/xampp/htdocs/PROYECT-MAIN-main/vendor/laravel/framework/src/Illuminate/Foundation/Http/Middleware/PreventRequestsDuringMaintenance.php(109): Illuminate/Pipeline/Pipeline->Illuminate/Pipeline/{closure}(Object(Illuminate/Http/Request))
#44 C:/xampp/htdocs/PROYECT-MAIN-main/vendor/laravel/framework/src/Illuminate/Pipeline/Pipeline.php(219): Illuminate/Foundation/Http/Middleware/PreventRequestsDuringMaintenance->handle(Object(Illuminate/Http/Request), Object(Closure))
#45 C:/xampp/htdocs/PROYECT-MAIN-main/vendor/laravel/framework/src/Illuminate/Http/Middleware/HandleCors.php(61): Illuminate/Pipeline/Pipeline->Illuminate/Pipeline/{closure}(Object(Illuminate/Http/Request))
#46 C:/xampp/htdocs/PROYECT-MAIN-main/vendor/laravel/framework/src/Illuminate/Pipeline/Pipeline.php(219): Illuminate/Http/Middleware/HandleCors->handle(Object(Illuminate/Http/Request), Object(Closure))
#47 C:/xampp/htdocs/PROYECT-MAIN-main/vendor/laravel/framework/src/Illuminate/Http/Middleware/TrustProxies.php(58): Illuminate/Pipeline/Pipeline->Illuminate/Pipeline/{closure}(Object(Illuminate/Http/Request))
#48 C:/xampp/htdocs/PROYECT-MAIN-main/vendor/laravel/framework/src/Illuminate/Pipeline/Pipeline.php(219): Illuminate/Http/Middleware/TrustProxies->handle(Object(Illuminate/Http/Request), Object(Closure))
#49 C:/xampp/htdocs/PROYECT-MAIN-main/vendor/laravel/framework/src/Illuminate/Foundation/Http/Middleware/InvokeDeferredCallbacks.php(22): Illuminate/Pipeline/Pipeline->Illuminate/Pipeline/{closure}(Object(Illuminate/Http/Request))
#50 C:/xampp/htdocs/PROYECT-MAIN-main/vendor/laravel/framework/src/Illuminate/Pipeline/Pipeline.php(219): Illuminate/Foundation/Http/Middleware/InvokeDeferredCallbacks->handle(Object(Illuminate/Http/Request), Object(Closure))
#51 C:/xampp/htdocs/PROYECT-MAIN-main/vendor/laravel/framework/src/Illuminate/Http/Middleware/ValidatePathEncoding.php(26): Illuminate/Pipeline/Pipeline->Illuminate/Pipeline/{closure}(Object(Illuminate/Http/Request))
#52 C:/xampp/htdocs/PROYECT-MAIN-main/vendor/laravel/framework/src/Illuminate/Pipeline/Pipeline.php(219): Illuminate/Http/Middleware/ValidatePathEncoding->handle(Object(Illuminate/Http/Request), Object(Closure))
#53 C:/xampp/htdocs/PROYECT-MAIN-main/vendor/laravel/framework/src/Illuminate/Pipeline/Pipeline.php(137): Illuminate/Pipeline/Pipeline->Illuminate/Pipeline/{closure}(Object(Illuminate/Http/Request))
#54 C:/xampp/htdocs/PROYECT-MAIN-main/vendor/laravel/framework/src/Illuminate/Foundation/Http/Kernel.php(175): Illuminate/Pipeline/Pipeline->then(Object(Closure))
#55 C:/xampp/htdocs/PROYECT-MAIN-main/vendor/laravel/framework/src/Illuminate/Foundation/Http/Kernel.php(144): Illuminate/Foundation/Http/Kernel->sendRequestThroughRouter(Object(Illuminate/Http/Request))
#56 C:/xampp/htdocs/PROYECT-MAIN-main/vendor/laravel/framework/src/Illuminate/Foundation/Application.php(1220): Illuminate/Foundation/Http/Kernel->handle(Object(Illuminate/Http/Request))
#57 C:/xampp/htdocs/PROYECT-MAIN-main/public/index.php(20): Illuminate/Foundation/Application->handleRequest(Object(Illuminate/Http/Request))
#58 C:/xampp/htdocs/PROYECT-MAIN-main/vendor/laravel/framework/src/Illuminate/Foundation/resources/server.php(23): require_once('C://xampp//htdocs...')
#59 {main}

[previous exception] [object] (ParseError(code: 0): syntax error, unexpected end of file at C:/xampp/htdocs/PROYECT-MAIN-main/storage/framework/views/05f4f6f7f3e5da74c9de22ce457c026c.php:463)
[stacktrace]
#0 C:/xampp/htdocs/PROYECT-MAIN-main/vendor/laravel/framework/src/Illuminate/Filesystem/Filesystem.php(124): Illuminate/Filesystem/Filesystem::Illuminate/Filesystem/{closure}()
#1 C:/xampp/htdocs/PROYECT-MAIN-main/vendor/laravel/framework/src/Illuminate/View/Engines/PhpEngine.php(57): Illuminate/Filesystem/Filesystem->getRequire('C://xampp//htdocs...', Array)
#2 C:/xampp/htdocs/PROYECT-MAIN-main/vendor/laravel/framework/src/Illuminate/View/Engines/CompilerEngine.php(76): Illuminate/View/Engines/PhpEngine->evaluatePath('C://xampp//htdocs...', Array)
#3 C:/xampp/htdocs/PROYECT-MAIN-main/vendor/laravel/framework/src/Illuminate/View/View.php(208): Illuminate/View/Engines/CompilerEngine->get('C://xampp//htdocs...', Array)
#4 C:/xampp/htdocs/PROYECT-MAIN-main/vendor/laravel/framework/src/Illuminate/View/View.php(191): Illuminate/View/View->getContents()
#5 C:/xampp/htdocs/PROYECT-MAIN-main/vendor/laravel/framework/src/Illuminate/View/View.php(160): Illuminate/View/View->renderContents()
#6 C:/xampp/htdocs/PROYECT-MAIN-main/vendor/laravel/framework/src/Illuminate/Http/Response.php(78): Illuminate/View/View->render()
#7 C:/xampp/htdocs/PROYECT-MAIN-main/vendor/laravel/framework/src/Illuminate/Http/Response.php(34): Illuminate/Http/Response->setContent(Object(Illuminate/View/View))
#8 C:/xampp/htdocs/PROYECT-MAIN-main/vendor/laravel/framework/src/Illuminate/Routing/Router.php(939): Illuminate/Http/Response->__construct(Object(Illuminate/View/View), 200, Array)
#9 C:/xampp/htdocs/PROYECT-MAIN-main/vendor/laravel/framework/src/Illuminate/Routing/Router.php(906): Illuminate/Routing/Router::toResponse(Object(Illuminate/Http/Request), Object(Illuminate/View/View))
#10 C:/xampp/htdocs/PROYECT-MAIN-main/vendor/laravel/framework/src/Illuminate/Routing/Router.php(821): Illuminate/Routing/Router->prepareResponse(Object(Illuminate/Http/Request), Object(Illuminate/View/View))
#11 C:/xampp/htdocs/PROYECT-MAIN-main/vendor/laravel/framework/src/Illuminate/Pipeline/Pipeline.php(180): Illuminate/Routing/Router->Illuminate/Routing/{closure}(Object(Illuminate/Http/Request))
#12 C:/xampp/htdocs/PROYECT-MAIN-main/vendor/laravel/framework/src/Illuminate/Auth/Middleware/EnsureEmailIsVerified.php(41): Illuminate/Pipeline/Pipeline->Illuminate/Pipeline/{closure}(Object(Illuminate/Http/Request))
#13 C:/xampp/htdocs/PROYECT-MAIN-main/vendor/laravel/framework/src/Illuminate/Pipeline/Pipeline.php(219): Illuminate/Auth/Middleware/EnsureEmailIsVerified->handle(Object(Illuminate/Http/Request), Object(Closure))
#14 C:/xampp/htdocs/PROYECT-MAIN-main/vendor/laravel/framework/src/Illuminate/Routing/Middleware/SubstituteBindings.php(50): Illuminate/Pipeline/Pipeline->Illuminate/Pipeline/{closure}(Object(Illuminate/Http/Request))
#15 C:/xampp/htdocs/PROYECT-MAIN-main/vendor/laravel/framework/src/Illuminate/Pipeline/Pipeline.php(219): Illuminate/Routing/Middleware/SubstituteBindings->handle(Object(Illuminate/Http/Request), Object(Closure))
#16 C:/xampp/htdocs/PROYECT-MAIN-main/vendor/laravel/framework/src/Illuminate/Auth/Middleware/Authenticate.php(63): Illuminate/Pipeline/Pipeline->Illuminate/Pipeline/{closure}(Object(Illuminate/Http/Request))
#17 C:/xampp/htdocs/PROYECT-MAIN-main/vendor/laravel/framework/src/Illuminate/Pipeline/Pipeline.php(219): Illuminate/Auth/Middleware/Authenticate->handle(Object(Illuminate/Http/Request), Object(Closure))
#18 C:/xampp/htdocs/PROYECT-MAIN-main/vendor/laravel/framework/src/Illuminate/Foundation/Http/Middleware/VerifyCsrfToken.php(87): Illuminate/Pipeline/Pipeline->Illuminate/Pipeline/{closure}(Object(Illuminate/Http/Request))
#19 C:/xampp/htdocs/PROYECT-MAIN-main/vendor/laravel/framework/src/Illuminate/Pipeline/Pipeline.php(219): Illuminate/Foundation/Http/Middleware/VerifyCsrfToken->handle(Object(Illuminate/Http/Request), Object(Closure))
#20 C:/xampp/htdocs/PROYECT-MAIN-main/vendor/laravel/framework/src/Illuminate/View/Middleware/ShareErrorsFromSession.php(48): Illuminate/Pipeline/Pipeline->Illuminate/Pipeline/{closure}(Object(Illuminate/Http/Request))
#21 C:/xampp/htdocs/PROYECT-MAIN-main/vendor/laravel/framework/src/Illuminate/Pipeline/Pipeline.php(219): Illuminate/View/Middleware/ShareErrorsFromSession->handle(Object(Illuminate/Http/Request), Object(Closure))
#22 C:/xampp/htdocs/PROYECT-MAIN-main/vendor/laravel/framework/src/Illuminate/Session/Middleware/StartSession.php(120): Illuminate/Pipeline/Pipeline->Illuminate/Pipeline/{closure}(Object(Illuminate/Http/Request))
#23 C:/xampp/htdocs/PROYECT-MAIN-main/vendor/laravel/framework/src/Illuminate/Session/Middleware/StartSession.php(63): Illuminate/Session/Middleware/StartSession->handleStatefulRequest(Object(Illuminate/Http/Request), Object(Illuminate/Session/Store), Object(Closure))
#24 C:/xampp/htdocs/PROYECT-MAIN-main/vendor/laravel/framework/src/Illuminate/Pipeline/Pipeline.php(219): Illuminate/Session/Middleware/StartSession->handle(Object(Illuminate/Http/Request), Object(Closure))
#25 C:/xampp/htdocs/PROYECT-MAIN-main/vendor/laravel/framework/src/Illuminate/Cookie/Middleware/AddQueuedCookiesToResponse.php(36): Illuminate/Pipeline/Pipeline->Illuminate/Pipeline/{closure}(Object(Illuminate/Http/Request))
#26 C:/xampp/htdocs/PROYECT-MAIN-main/vendor/laravel/framework/src/Illuminate/Pipeline/Pipeline.php(219): Illuminate/Cookie/Middleware/AddQueuedCookiesToResponse->handle(Object(Illuminate/Http/Request), Object(Closure))
#27 C:/xampp/htdocs/PROYECT-MAIN-main/vendor/laravel/framework/src/Illuminate/Cookie/Middleware/EncryptCookies.php(74): Illuminate/Pipeline/Pipeline->Illuminate/Pipeline/{closure}(Object(Illuminate/Http/Request))
#28 C:/xampp/htdocs/PROYECT-MAIN-main/vendor/laravel/framework/src/Illuminate/Pipeline/Pipeline.php(219): Illuminate/Cookie/Middleware/EncryptCookies->handle(Object(Illuminate/Http/Request), Object(Closure))
#29 C:/xampp/htdocs/PROYECT-MAIN-main/vendor/laravel/framework/src/Illuminate/Pipeline/Pipeline.php(137): Illuminate/Pipeline/Pipeline->Illuminate/Pipeline/{closure}(Object(Illuminate/Http/Request))
#30 C:/xampp/htdocs/PROYECT-MAIN-main/vendor/laravel/framework/src/Illuminate/Routing/Router.php(821): Illuminate/Pipeline/Pipeline->then(Object(Closure))
#31 C:/xampp/htdocs/PROYECT-MAIN-main/vendor/laravel/framework/src/Illuminate/Routing/Router.php(800): Illuminate/Routing/Router->runRouteWithinStack(Object(Illuminate/Routing/Route), Object(Illuminate/Http/Request))
#32 C:/xampp/htdocs/PROYECT-MAIN-main/vendor/laravel/framework/src/Illuminate/Routing/Router.php(764): Illuminate/Routing/Router->runRoute(Object(Illuminate/Http/Request), Object(Illuminate/Routing/Route))
#33 C:/xampp/htdocs/PROYECT-MAIN-main/vendor/laravel/framework/src/Illuminate/Routing/Router.php(753): Illuminate/Routing/Router->dispatchToRoute(Object(Illuminate/Http/Request))
#34 C:/xampp/htdocs/PROYECT-MAIN-main/vendor/laravel/framework/src/Illuminate/Foundation/Http/Kernel.php(200): Illuminate/Routing/Router->dispatch(Object(Illuminate/Http/Request))
#35 C:/xampp/htdocs/PROYECT-MAIN-main/vendor/laravel/framework/src/Illuminate/Pipeline/Pipeline.php(180): Illuminate/Foundation/Http/Kernel->Illuminate/Foundation/Http/{closure}(Object(Illuminate/Http/Request))
#36 C:/xampp/htdocs/PROYECT-MAIN-main/vendor/laravel/framework/src/Illuminate/Foundation/Http/Middleware/TransformsRequest.php(21): Illuminate/Pipeline/Pipeline->Illuminate/Pipeline/{closure}(Object(Illuminate/Http/Request))
#37 C:/xampp/htdocs/PROYECT-MAIN-main/vendor/laravel/framework/src/Illuminate/Foundation/Http/Middleware/ConvertEmptyStringsToNull.php(31): Illuminate/Foundation/Http/Middleware/TransformsRequest->handle(Object(Illuminate/Http/Request), Object(Closure))
#38 C:/xampp/htdocs/PROYECT-MAIN-main/vendor/laravel/framework/src/Illuminate/Pipeline/Pipeline.php(219): Illuminate/Foundation/Http/Middleware/ConvertEmptyStringsToNull->handle(Object(Illuminate/Http/Request), Object(Closure))
#39 C:/xampp/htdocs/PROYECT-MAIN-main/vendor/laravel/framework/src/Illuminate/Foundation/Http/Middleware/TransformsRequest.php(21): Illuminate/Pipeline/Pipeline->Illuminate/Pipeline/{closure}(Object(Illuminate/Http/Request))
#40 C:/xampp/htdocs/PROYECT-MAIN-main/vendor/laravel/framework/src/Illuminate/Foundation/Http/Middleware/TrimStrings.php(51): Illuminate/Foundation/Http/Middleware/TransformsRequest->handle(Object(Illuminate/Http/Request), Object(Closure))
#41 C:/xampp/htdocs/PROYECT-MAIN-main/vendor/laravel/framework/src/Illuminate/Pipeline/Pipeline.php(219): Illuminate/Foundation/Http/Middleware/TrimStrings->handle(Object(Illuminate/Http/Request), Object(Closure))
#42 C:/xampp/htdocs/PROYECT-MAIN-main/vendor/laravel/framework/src/Illuminate/Http/Middleware/ValidatePostSize.php(27): Illuminate/Pipeline/Pipeline->Illuminate/Pipeline/{closure}(Object(Illuminate/Http/Request))
#43 C:/xampp/htdocs/PROYECT-MAIN-main/vendor/laravel/framework/src/Illuminate/Pipeline/Pipeline.php(219): Illuminate/Http/Middleware/ValidatePostSize->handle(Object(Illuminate/Http/Request), Object(Closure))
#44 C:/xampp/htdocs/PROYECT-MAIN-main/vendor/laravel/framework/src/Illuminate/Foundation/Http/Middleware/PreventRequestsDuringMaintenance.php(109): Illuminate/Pipeline/Pipeline->Illuminate/Pipeline/{closure}(Object(Illuminate/Http/Request))
#45 C:/xampp/htdocs/PROYECT-MAIN-main/vendor/laravel/framework/src/Illuminate/Pipeline/Pipeline.php(219): Illuminate/Foundation/Http/Middleware/PreventRequestsDuringMaintenance->handle(Object(Illuminate/Http/Request), Object(Closure))
#46 C:/xampp/htdocs/PROYECT-MAIN-main/vendor/laravel/framework/src/Illuminate/Http/Middleware/HandleCors.php(61): Illuminate/Pipeline/Pipeline->Illuminate/Pipeline/{closure}(Object(Illuminate/Http/Request))
#47 C:/xampp/htdocs/PROYECT-MAIN-main/vendor/laravel/framework/src/Illuminate/Pipeline/Pipeline.php(219): Illuminate/Http/Middleware/HandleCors->handle(Object(Illuminate/Http/Request), Object(Closure))
#48 C:/xampp/htdocs/PROYECT-MAIN-main/vendor/laravel/framework/src/Illuminate/Http/Middleware/TrustProxies.php(58): Illuminate/Pipeline/Pipeline->Illuminate/Pipeline/{closure}(Object(Illuminate/Http/Request))
#49 C:/xampp/htdocs/PROYECT-MAIN-main/vendor/laravel/framework/src/Illuminate/Pipeline/Pipeline.php(219): Illuminate/Http/Middleware/TrustProxies->handle(Object(Illuminate/Http/Request), Object(Closure))
#50 C:/xampp/htdocs/PROYECT-MAIN-main/vendor/laravel/framework/src/Illuminate/Foundation/Http/Middleware/InvokeDeferredCallbacks.php(22): Illuminate/Pipeline/Pipeline->Illuminate/Pipeline/{closure}(Object(Illuminate/Http/Request))
#51 C:/xampp/htdocs/PROYECT-MAIN-main/vendor/laravel/framework/src/Illuminate/Pipeline/Pipeline.php(219): Illuminate/Foundation/Http/Middleware/InvokeDeferredCallbacks->handle(Object(Illuminate/Http/Request), Object(Closure))
#52 C:/xampp/htdocs/PROYECT-MAIN-main/vendor/laravel/framework/src/Illuminate/Http/Middleware/ValidatePathEncoding.php(26): Illuminate/Pipeline/Pipeline->Illuminate/Pipeline/{closure}(Object(Illuminate/Http/Request))
#53 C:/xampp/htdocs/PROYECT-MAIN-main/vendor/laravel/framework/src/Illuminate/Pipeline/Pipeline.php(219): Illuminate/Http/Middleware/ValidatePathEncoding->handle(Object(Illuminate/Http/Request), Object(Closure))
#54 C:/xampp/htdocs/PROYECT-MAIN-main/vendor/laravel/framework/src/Illuminate/Pipeline/Pipeline.php(137): Illuminate/Pipeline/Pipeline->Illuminate/Pipeline/{closure}(Object(Illuminate/Http/Request))
#55 C:/xampp/htdocs/PROYECT-MAIN-main/vendor/laravel/framework/src/Illuminate/Foundation/Http/Kernel.php(175): Illuminate/Pipeline/Pipeline->then(Object(Closure))
#56 C:/xampp/htdocs/PROYECT-MAIN-main/vendor/laravel/framework/src/Illuminate/Foundation/Http/Kernel.php(144): Illuminate/Foundation/Http/Kernel->sendRequestThroughRouter(Object(Illuminate/Http/Request))
#57 C:/xampp/htdocs/PROYECT-MAIN-main/vendor/laravel/framework/src/Illuminate/Foundation/Application.php(1220): Illuminate/Foundation/Http/Kernel->handle(Object(Illuminate/Http/Request))
#58 C:/xampp/htdocs/PROYECT-MAIN-main/public/index.php(20): Illuminate/Foundation/Application->handleRequest(Object(Illuminate/Http/Request))
#59 C:/xampp/htdocs/PROYECT-MAIN-main/vendor/laravel/framework/src/Illuminate/Foundation/resources/server.php(23): require_once('C://xampp//htdocs...')
#60 {main}
"} 
[2026-06-04 21:29:34] local.ERROR: SQLSTATE[23000]: Integrity constraint violation: 19 UNIQUE constraint failed: roles.name (Connection: sqlite, Database: C:\xampp\htdocs\PROYECT-MAIN-main\database\database.sqlite, SQL: insert into "roles" ("name", "updated_at", "created_at") values (admin, 2026-06-04 21:29:33, 2026-06-04 21:29:33)) {"exception":"[object] (Illuminate\\Database\\UniqueConstraintViolationException(code: 23000): SQLSTATE[23000]: Integrity constraint violation: 19 UNIQUE constraint failed: roles.name (Connection: sqlite, Database: C:\\xampp\\htdocs\\PROYECT-MAIN-main\\database\\database.sqlite, SQL: insert into \"roles\" (\"name\", \"updated_at\", \"created_at\") values (admin, 2026-06-04 21:29:33, 2026-06-04 21:29:33)) at C:/xampp/htdocs/PROYECT-MAIN-main/vendor/laravel/framework/src/Illuminate/Database/Connection.php:838)
[stacktrace]
#0 C:/xampp/htdocs/PROYECT-MAIN-main/vendor/laravel/framework/src/Illuminate/Database/Connection.php(794): Illuminate/Database/Connection->runQueryCallback('insert into \"ro...', Array, Object(Closure))
#1 C:/xampp/htdocs/PROYECT-MAIN-main/vendor/laravel/framework/src/Illuminate/Database/Connection.php(573): Illuminate/Database/Connection->run('insert into \"ro...', Array, Object(Closure))
#2 C:/xampp/htdocs/PROYECT-MAIN-main/vendor/laravel/framework/src/Illuminate/Database/Connection.php(537): Illuminate/Database/Connection->statement('insert into \"ro...', Array)
#3 C:/xampp/htdocs/PROYECT-MAIN-main/vendor/laravel/framework/src/Illuminate/Database/Query/Processors/Processor.php(32): Illuminate/Database/Connection->insert('insert into \"ro...', Array)
#4 C:/xampp/htdocs/PROYECT-MAIN-main/vendor/laravel/framework/src/Illuminate/Database/Query/Builder.php(4170): Illuminate/Database/Query/Processors/Processor->processInsertGetId(Object(Illuminate/Database/Query/Builder), 'insert into \"ro...', Array, 'id')
#5 C:/xampp/htdocs/PROYECT-MAIN-main/vendor/laravel/framework/src/Illuminate/Database/Eloquent/Builder.php(2237): Illuminate/Database/Query/Builder->insertGetId(Array, 'id')
#6 C:/xampp/htdocs/PROYECT-MAIN-main/vendor/laravel/framework/src/Illuminate/Database/Eloquent/Model.php(1436): Illuminate/Database/Eloquent/Builder->__call('insertGetId', Array)
#7 C:/xampp/htdocs/PROYECT-MAIN-main/vendor/laravel/framework/src/Illuminate/Database/Eloquent/Model.php(1401): Illuminate/Database/Eloquent/Model->insertAndSetId(Object(Illuminate/Database/Eloquent/Builder), Array)
#8 C:/xampp/htdocs/PROYECT-MAIN-main/vendor/laravel/framework/src/Illuminate/Database/Eloquent/Model.php(1240): Illuminate/Database/Eloquent/Model->performInsert(Object(Illuminate/Database/Eloquent/Builder))
#9 C:/xampp/htdocs/PROYECT-MAIN-main/vendor/laravel/framework/src/Illuminate/Database/Eloquent/Builder.php(1219): Illuminate/Database/Eloquent/Model->save()
#10 C:/xampp/htdocs/PROYECT-MAIN-main/vendor/laravel/framework/src/Illuminate/Support/helpers.php(393): Illuminate/Database/Eloquent/Builder->Illuminate/Database/Eloquent/{closure}(Object(App/Models/Role))
#11 C:/xampp/htdocs/PROYECT-MAIN-main/vendor/laravel/framework/src/Illuminate/Database/Eloquent/Builder.php(1218): tap(Object(App/Models/Role), Object(Closure))
#12 C:/xampp/htdocs/PROYECT-MAIN-main/vendor/laravel/framework/src/Illuminate/Support/Traits/ForwardsCalls.php(23): Illuminate/Database/Eloquent/Builder->create(Array)
#13 C:/xampp/htdocs/PROYECT-MAIN-main/vendor/laravel/framework/src/Illuminate/Database/Eloquent/Model.php(2544): Illuminate/Database/Eloquent/Model->forwardCallTo(Object(Illuminate/Database/Eloquent/Builder), 'create', Array)
#14 C:/xampp/htdocs/PROYECT-MAIN-main/vendor/laravel/framework/src/Illuminate/Database/Eloquent/Model.php(2560): Illuminate/Database/Eloquent/Model->__call('create', Array)
#15 C:/xampp/htdocs/PROYECT-MAIN-main/database/seeders/RoleSeeder.php(15): Illuminate/Database/Eloquent/Model::__callStatic('create', Array)
#16 C:/xampp/htdocs/PROYECT-MAIN-main/vendor/laravel/framework/src/Illuminate/Container/BoundMethod.php(36): Database/Seeders/RoleSeeder->run()
#17 C:/xampp/htdocs/PROYECT-MAIN-main/vendor/laravel/framework/src/Illuminate/Container/Util.php(43): Illuminate/Container/BoundMethod::Illuminate/Container/{closure}()
#18 C:/xampp/htdocs/PROYECT-MAIN-main/vendor/laravel/framework/src/Illuminate/Container/BoundMethod.php(96): Illuminate/Container/Util::unwrapIfClosure(Object(Closure))
#19 C:/xampp/htdocs/PROYECT-MAIN-main/vendor/laravel/framework/src/Illuminate/Container/BoundMethod.php(35): Illuminate/Container/BoundMethod::callBoundMethod(Object(Illuminate/Foundation/Application), Array, Object(Closure))
#20 C:/xampp/htdocs/PROYECT-MAIN-main/vendor/laravel/framework/src/Illuminate/Container/Container.php(799): Illuminate/Container/BoundMethod::call(Object(Illuminate/Foundation/Application), Array, Array, NULL)
#21 C:/xampp/htdocs/PROYECT-MAIN-main/vendor/laravel/framework/src/Illuminate/Database/Seeder.php(184): Illuminate/Container/Container->call(Array, Array)
#22 C:/xampp/htdocs/PROYECT-MAIN-main/vendor/laravel/framework/src/Illuminate/Database/Seeder.php(193): Illuminate/Database/Seeder->Illuminate/Database/{closure}()
#23 C:/xampp/htdocs/PROYECT-MAIN-main/vendor/laravel/framework/src/Illuminate/Database/Seeder.php(59): Illuminate/Database/Seeder->__invoke(Array)
#24 C:/xampp/htdocs/PROYECT-MAIN-main/database/seeders/DatabaseSeeder.php(18): Illuminate/Database/Seeder->call('Database//Seeder...')
#25 C:/xampp/htdocs/PROYECT-MAIN-main/vendor/laravel/framework/src/Illuminate/Container/BoundMethod.php(36): Database/Seeders/DatabaseSeeder->run()
#26 C:/xampp/htdocs/PROYECT-MAIN-main/vendor/laravel/framework/src/Illuminate/Container/Util.php(43): Illuminate/Container/BoundMethod::Illuminate/Container/{closure}()
#27 C:/xampp/htdocs/PROYECT-MAIN-main/vendor/laravel/framework/src/Illuminate/Container/BoundMethod.php(96): Illuminate/Container/Util::unwrapIfClosure(Object(Closure))
#28 C:/xampp/htdocs/PROYECT-MAIN-main/vendor/laravel/framework/src/Illuminate/Container/BoundMethod.php(35): Illuminate/Container/BoundMethod::callBoundMethod(Object(Illuminate/Foundation/Application), Array, Object(Closure))
#29 C:/xampp/htdocs/PROYECT-MAIN-main/vendor/laravel/framework/src/Illuminate/Container/Container.php(799): Illuminate/Container/BoundMethod::call(Object(Illuminate/Foundation/Application), Array, Array, NULL)
#30 C:/xampp/htdocs/PROYECT-MAIN-main/vendor/laravel/framework/src/Illuminate/Database/Seeder.php(184): Illuminate/Container/Container->call(Array, Array)
#31 C:/xampp/htdocs/PROYECT-MAIN-main/vendor/laravel/framework/src/Illuminate/Database/Eloquent/Concerns/HasEvents.php(454): Illuminate/Database/Seeder->Illuminate/Database/{closure}()
#32 C:/xampp/htdocs/PROYECT-MAIN-main/vendor/laravel/framework/src/Illuminate/Database/Console/Seeds/WithoutModelEvents.php(17): Illuminate/Database/Eloquent/Model::withoutEvents(Object(Closure))
#33 C:/xampp/htdocs/PROYECT-MAIN-main/vendor/laravel/framework/src/Illuminate/Database/Seeder.php(193): Database/Seeders/DatabaseSeeder->Illuminate/Database/Console/Seeds/{closure}()
#34 C:/xampp/htdocs/PROYECT-MAIN-main/vendor/laravel/framework/src/Illuminate/Database/Console/Seeds/SeedCommand.php(71): Illuminate/Database/Seeder->__invoke()
#35 C:/xampp/htdocs/PROYECT-MAIN-main/vendor/laravel/framework/src/Illuminate/Database/Eloquent/Concerns/GuardsAttributes.php(157): Illuminate/Database/Console/Seeds/SeedCommand->Illuminate/Database/Console/Seeds/{closure}()
#36 C:/xampp/htdocs/PROYECT-MAIN-main/vendor/laravel/framework/src/Illuminate/Database/Console/Seeds/SeedCommand.php(70): Illuminate/Database/Eloquent/Model::unguarded(Object(Closure))
#37 C:/xampp/htdocs/PROYECT-MAIN-main/vendor/laravel/framework/src/Illuminate/Container/BoundMethod.php(36): Illuminate/Database/Console/Seeds/SeedCommand->handle()
#38 C:/xampp/htdocs/PROYECT-MAIN-main/vendor/laravel/framework/src/Illuminate/Container/Util.php(43): Illuminate/Container/BoundMethod::Illuminate/Container/{closure}()
#39 C:/xampp/htdocs/PROYECT-MAIN-main/vendor/laravel/framework/src/Illuminate/Container/BoundMethod.php(96): Illuminate/Container/Util::unwrapIfClosure(Object(Closure))
#40 C:/xampp/htdocs/PROYECT-MAIN-main/vendor/laravel/framework/src/Illuminate/Container/BoundMethod.php(35): Illuminate/Container/BoundMethod::callBoundMethod(Object(Illuminate/Foundation/Application), Array, Object(Closure))
#41 C:/xampp/htdocs/PROYECT-MAIN-main/vendor/laravel/framework/src/Illuminate/Container/Container.php(799): Illuminate/Container/BoundMethod::call(Object(Illuminate/Foundation/Application), Array, Array, NULL)
#42 C:/xampp/htdocs/PROYECT-MAIN-main/vendor/laravel/framework/src/Illuminate/Console/Command.php(211): Illuminate/Container/Container->call(Array)
#43 C:/xampp/htdocs/PROYECT-MAIN-main/vendor/symfony/console/Command/Command.php(341): Illuminate/Console/Command->execute(Object(Symfony/Component/Console/Input/ArgvInput), Object(Illuminate/Console/OutputStyle))
#44 C:/xampp/htdocs/PROYECT-MAIN-main/vendor/laravel/framework/src/Illuminate/Console/Command.php(180): Symfony/Component/Console/Command/Command->run(Object(Symfony/Component/Console/Input/ArgvInput), Object(Illuminate/Console/OutputStyle))
#45 C:/xampp/htdocs/PROYECT-MAIN-main/vendor/symfony/console/Application.php(1117): Illuminate/Console/Command->run(Object(Symfony/Component/Console/Input/ArgvInput), Object(Symfony/Component/Console/Output/ConsoleOutput))
#46 C:/xampp/htdocs/PROYECT-MAIN-main/vendor/symfony/console/Application.php(356): Symfony/Component/Console/Application->doRunCommand(Object(Illuminate/Database/Console/Seeds/SeedCommand), Object(Symfony/Component/Console/Input/ArgvInput), Object(Symfony/Component/Console/Output/ConsoleOutput))
#47 C:/xampp/htdocs/PROYECT-MAIN-main/vendor/symfony/console/Application.php(195): Symfony/Component/Console/Application->doRun(Object(Symfony/Component/Console/Input/ArgvInput), Object(Symfony/Component/Console/Output/ConsoleOutput))
#48 C:/xampp/htdocs/PROYECT-MAIN-main/vendor/laravel/framework/src/Illuminate/Foundation/Console/Kernel.php(198): Symfony/Component/Console/Application->run(Object(Symfony/Component/Console/Input/ArgvInput), Object(Symfony/Component/Console/Output/ConsoleOutput))
#49 C:/xampp/htdocs/PROYECT-MAIN-main/vendor/laravel/framework/src/Illuminate/Foundation/Application.php(1235): Illuminate/Foundation/Console/Kernel->handle(Object(Symfony/Component/Console/Input/ArgvInput), Object(Symfony/Component/Console/Output/ConsoleOutput))
#50 C:/xampp/htdocs/PROYECT-MAIN-main/artisan(16): Illuminate/Foundation/Application->handleCommand(Object(Symfony/Component/Console/Input/ArgvInput))
#51 {main}

[previous exception] [object] (PDOException(code: 23000): SQLSTATE[23000]: Integrity constraint violation: 19 UNIQUE constraint failed: roles.name at C:/xampp/htdocs/PROYECT-MAIN-main/vendor/laravel/framework/src/Illuminate/Database/Connection.php:584)
[stacktrace]
#0 C:/xampp/htdocs/PROYECT-MAIN-main/vendor/laravel/framework/src/Illuminate/Database/Connection.php(584): PDOStatement->execute()
#1 C:/xampp/htdocs/PROYECT-MAIN-main/vendor/laravel/framework/src/Illuminate/Database/Connection.php(827): Illuminate/Database/Connection->Illuminate/Database/{closure}('insert into \"ro...', Array)
#2 C:/xampp/htdocs/PROYECT-MAIN-main/vendor/laravel/framework/src/Illuminate/Database/Connection.php(794): Illuminate/Database/Connection->runQueryCallback('insert into \"ro...', Array, Object(Closure))
#3 C:/xampp/htdocs/PROYECT-MAIN-main/vendor/laravel/framework/src/Illuminate/Database/Connection.php(573): Illuminate/Database/Connection->run('insert into \"ro...', Array, Object(Closure))
#4 C:/xampp/htdocs/PROYECT-MAIN-main/vendor/laravel/framework/src/Illuminate/Database/Connection.php(537): Illuminate/Database/Connection->statement('insert into \"ro...', Array)
#5 C:/xampp/htdocs/PROYECT-MAIN-main/vendor/laravel/framework/src/Illuminate/Database/Query/Processors/Processor.php(32): Illuminate/Database/Connection->insert('insert into \"ro...', Array)
#6 C:/xampp/htdocs/PROYECT-MAIN-main/vendor/laravel/framework/src/Illuminate/Database/Query/Builder.php(4170): Illuminate/Database/Query/Processors/Processor->processInsertGetId(Object(Illuminate/Database/Query/Builder), 'insert into \"ro...', Array, 'id')
#7 C:/xampp/htdocs/PROYECT-MAIN-main/vendor/laravel/framework/src/Illuminate/Database/Eloquent/Builder.php(2237): Illuminate/Database/Query/Builder->insertGetId(Array, 'id')
#8 C:/xampp/htdocs/PROYECT-MAIN-main/vendor/laravel/framework/src/Illuminate/Database/Eloquent/Model.php(1436): Illuminate/Database/Eloquent/Builder->__call('insertGetId', Array)
#9 C:/xampp/htdocs/PROYECT-MAIN-main/vendor/laravel/framework/src/Illuminate/Database/Eloquent/Model.php(1401): Illuminate/Database/Eloquent/Model->insertAndSetId(Object(Illuminate/Database/Eloquent/Builder), Array)
#10 C:/xampp/htdocs/PROYECT-MAIN-main/vendor/laravel/framework/src/Illuminate/Database/Eloquent/Model.php(1240): Illuminate/Database/Eloquent/Model->performInsert(Object(Illuminate/Database/Eloquent/Builder))
#11 C:/xampp/htdocs/PROYECT-MAIN-main/vendor/laravel/framework/src/Illuminate/Database/Eloquent/Builder.php(1219): Illuminate/Database/Eloquent/Model->save()
#12 C:/xampp/htdocs/PROYECT-MAIN-main/vendor/laravel/framework/src/Illuminate/Support/helpers.php(393): Illuminate/Database/Eloquent/Builder->Illuminate/Database/Eloquent/{closure}(Object(App/Models/Role))
#13 C:/xampp/htdocs/PROYECT-MAIN-main/vendor/laravel/framework/src/Illuminate/Database/Eloquent/Builder.php(1218): tap(Object(App/Models/Role), Object(Closure))
#14 C:/xampp/htdocs/PROYECT-MAIN-main/vendor/laravel/framework/src/Illuminate/Support/Traits/ForwardsCalls.php(23): Illuminate/Database/Eloquent/Builder->create(Array)
#15 C:/xampp/htdocs/PROYECT-MAIN-main/vendor/laravel/framework/src/Illuminate/Database/Eloquent/Model.php(2544): Illuminate/Database/Eloquent/Model->forwardCallTo(Object(Illuminate/Database/Eloquent/Builder), 'create', Array)
#16 C:/xampp/htdocs/PROYECT-MAIN-main/vendor/laravel/framework/src/Illuminate/Database/Eloquent/Model.php(2560): Illuminate/Database/Eloquent/Model->__call('create', Array)
#17 C:/xampp/htdocs/PROYECT-MAIN-main/database/seeders/RoleSeeder.php(15): Illuminate/Database/Eloquent/Model::__callStatic('create', Array)
#18 C:/xampp/htdocs/PROYECT-MAIN-main/vendor/laravel/framework/src/Illuminate/Container/BoundMethod.php(36): Database/Seeders/RoleSeeder->run()
#19 C:/xampp/htdocs/PROYECT-MAIN-main/vendor/laravel/framework/src/Illuminate/Container/Util.php(43): Illuminate/Container/BoundMethod::Illuminate/Container/{closure}()
#20 C:/xampp/htdocs/PROYECT-MAIN-main/vendor/laravel/framework/src/Illuminate/Container/BoundMethod.php(96): Illuminate/Container/Util::unwrapIfClosure(Object(Closure))
#21 C:/xampp/htdocs/PROYECT-MAIN-main/vendor/laravel/framework/src/Illuminate/Container/BoundMethod.php(35): Illuminate/Container/BoundMethod::callBoundMethod(Object(Illuminate/Foundation/Application), Array, Object(Closure))
#22 C:/xampp/htdocs/PROYECT-MAIN-main/vendor/laravel/framework/src/Illuminate/Container/Container.php(799): Illuminate/Container/BoundMethod::call(Object(Illuminate/Foundation/Application), Array, Array, NULL)
#23 C:/xampp/htdocs/PROYECT-MAIN-main/vendor/laravel/framework/src/Illuminate/Database/Seeder.php(184): Illuminate/Container/Container->call(Array, Array)
#24 C:/xampp/htdocs/PROYECT-MAIN-main/vendor/laravel/framework/src/Illuminate/Database/Seeder.php(193): Illuminate/Database/Seeder->Illuminate/Database/{closure}()
#25 C:/xampp/htdocs/PROYECT-MAIN-main/vendor/laravel/framework/src/Illuminate/Database/Seeder.php(59): Illuminate/Database/Seeder->__invoke(Array)
#26 C:/xampp/htdocs/PROYECT-MAIN-main/database/seeders/DatabaseSeeder.php(18): Illuminate/Database/Seeder->call('Database//Seeder...')
#27 C:/xampp/htdocs/PROYECT-MAIN-main/vendor/laravel/framework/src/Illuminate/Container/BoundMethod.php(36): Database/Seeders/DatabaseSeeder->run()
#28 C:/xampp/htdocs/PROYECT-MAIN-main/vendor/laravel/framework/src/Illuminate/Container/Util.php(43): Illuminate/Container/BoundMethod::Illuminate/Container/{closure}()
#29 C:/xampp/htdocs/PROYECT-MAIN-main/vendor/laravel/framework/src/Illuminate/Container/BoundMethod.php(96): Illuminate/Container/Util::unwrapIfClosure(Object(Closure))
#30 C:/xampp/htdocs/PROYECT-MAIN-main/vendor/laravel/framework/src/Illuminate/Container/BoundMethod.php(35): Illuminate/Container/BoundMethod::callBoundMethod(Object(Illuminate/Foundation/Application), Array, Object(Closure))
#31 C:/xampp/htdocs/PROYECT-MAIN-main/vendor/laravel/framework/src/Illuminate/Container/Container.php(799): Illuminate/Container/BoundMethod::call(Object(Illuminate/Foundation/Application), Array, Array, NULL)
#32 C:/xampp/htdocs/PROYECT-MAIN-main/vendor/laravel/framework/src/Illuminate/Database/Seeder.php(184): Illuminate/Container/Container->call(Array, Array)
#33 C:/xampp/htdocs/PROYECT-MAIN-main/vendor/laravel/framework/src/Illuminate/Database/Eloquent/Concerns/HasEvents.php(454): Illuminate/Database/Seeder->Illuminate/Database/{closure}()
#34 C:/xampp/htdocs/PROYECT-MAIN-main/vendor/laravel/framework/src/Illuminate/Database/Console/Seeds/WithoutModelEvents.php(17): Illuminate/Database/Eloquent/Model::withoutEvents(Object(Closure))
#35 C:/xampp/htdocs/PROYECT-MAIN-main/vendor/laravel/framework/src/Illuminate/Database/Seeder.php(193): Database/Seeders/DatabaseSeeder->Illuminate/Database/Console/Seeds/{closure}()
#36 C:/xampp/htdocs/PROYECT-MAIN-main/vendor/laravel/framework/src/Illuminate/Database/Console/Seeds/SeedCommand.php(71): Illuminate/Database/Seeder->__invoke()
#37 C:/xampp/htdocs/PROYECT-MAIN-main/vendor/laravel/framework/src/Illuminate/Database/Eloquent/Concerns/GuardsAttributes.php(157): Illuminate/Database/Console/Seeds/SeedCommand->Illuminate/Database/Console/Seeds/{closure}()
#38 C:/xampp/htdocs/PROYECT-MAIN-main/vendor/laravel/framework/src/Illuminate/Database/Console/Seeds/SeedCommand.php(70): Illuminate/Database/Eloquent/Model::unguarded(Object(Closure))
#39 C:/xampp/htdocs/PROYECT-MAIN-main/vendor/laravel/framework/src/Illuminate/Container/BoundMethod.php(36): Illuminate/Database/Console/Seeds/SeedCommand->handle()
#40 C:/xampp/htdocs/PROYECT-MAIN-main/vendor/laravel/framework/src/Illuminate/Container/Util.php(43): Illuminate/Container/BoundMethod::Illuminate/Container/{closure}()
#41 C:/xampp/htdocs/PROYECT-MAIN-main/vendor/laravel/framework/src/Illuminate/Container/BoundMethod.php(96): Illuminate/Container/Util::unwrapIfClosure(Object(Closure))
#42 C:/xampp/htdocs/PROYECT-MAIN-main/vendor/laravel/framework/src/Illuminate/Container/BoundMethod.php(35): Illuminate/Container/BoundMethod::callBoundMethod(Object(Illuminate/Foundation/Application), Array, Object(Closure))
#43 C:/xampp/htdocs/PROYECT-MAIN-main/vendor/laravel/framework/src/Illuminate/Container/Container.php(799): Illuminate/Container/BoundMethod::call(Object(Illuminate/Foundation/Application), Array, Array, NULL)
#44 C:/xampp/htdocs/PROYECT-MAIN-main/vendor/laravel/framework/src/Illuminate/Console/Command.php(211): Illuminate/Container/Container->call(Array)
#45 C:/xampp/htdocs/PROYECT-MAIN-main/vendor/symfony/console/Command/Command.php(341): Illuminate/Console/Command->execute(Object(Symfony/Component/Console/Input/ArgvInput), Object(Illuminate/Console/OutputStyle))
#46 C:/xampp/htdocs/PROYECT-MAIN-main/vendor/laravel/framework/src/Illuminate/Console/Command.php(180): Symfony/Component/Console/Command/Command->run(Object(Symfony/Component/Console/Input/ArgvInput), Object(Illuminate/Console/OutputStyle))
#47 C:/xampp/htdocs/PROYECT-MAIN-main/vendor/symfony/console/Application.php(1117): Illuminate/Console/Command->run(Object(Symfony/Component/Console/Input/ArgvInput), Object(Symfony/Component/Console/Output/ConsoleOutput))
#48 C:/xampp/htdocs/PROYECT-MAIN-main/vendor/symfony/console/Application.php(356): Symfony/Component/Console/Application->doRunCommand(Object(Illuminate/Database/Console/Seeds/SeedCommand), Object(Symfony/Component/Console/Input/ArgvInput), Object(Symfony/Component/Console/Output/ConsoleOutput))
#49 C:/xampp/htdocs/PROYECT-MAIN-main/vendor/symfony/console/Application.php(195): Symfony/Component/Console/Application->doRun(Object(Symfony/Component/Console/Input/ArgvInput), Object(Symfony/Component/Console/Output/ConsoleOutput))
#50 C:/xampp/htdocs/PROYECT-MAIN-main/vendor/laravel/framework/src/Illuminate/Foundation/Console/Kernel.php(198): Symfony/Component/Console/Application->run(Object(Symfony/Component/Console/Input/ArgvInput), Object(Symfony/Component/Console/Output/ConsoleOutput))
#51 C:/xampp/htdocs/PROYECT-MAIN-main/vendor/laravel/framework/src/Illuminate/Foundation/Application.php(1235): Illuminate/Foundation/Console/Kernel->handle(Object(Symfony/Component/Console/Input/ArgvInput), Object(Symfony/Component/Console/Output/ConsoleOutput))
#52 C:/xampp/htdocs/PROYECT-MAIN-main/artisan(16): Illuminate/Foundation/Application->handleCommand(Object(Symfony/Component/Console/Input/ArgvInput))
#53 {main}
"} 
[2026-06-09 19:23:44] local.ERROR: syntax error, unexpected token "else", expecting end of file (View: C:\xampp\htdocs\PROYECTO-MAIN-main-main\resources\views\dashboard.blade.php) {"userId":1,"exception":"[object] (Illuminate\\View\\ViewException(code: 0): syntax error, unexpected token \"else\", expecting end of file (View: C:\\xampp\\htdocs\\PROYECTO-MAIN-main-main\\resources\\views\\dashboard.blade.php) at C:/xampp/htdocs/PROYECTO-MAIN-main-main/storage/framework/views/ef3b83c061a4160468e1bb78f51851fc.php:474)
[stacktrace]
#0 C:/xampp/htdocs/PROYECTO-MAIN-main-main/vendor/laravel/framework/src/Illuminate/View/Engines/PhpEngine.php(59): Illuminate/View/Engines/CompilerEngine->handleViewException(Object(ParseError), 1)
#1 C:/xampp/htdocs/PROYECTO-MAIN-main-main/vendor/laravel/framework/src/Illuminate/View/Engines/CompilerEngine.php(76): Illuminate/View/Engines/PhpEngine->evaluatePath('C://xampp//htdocs...', Array)
#2 C:/xampp/htdocs/PROYECTO-MAIN-main-main/vendor/laravel/framework/src/Illuminate/View/View.php(208): Illuminate/View/Engines/CompilerEngine->get('C://xampp//htdocs...', Array)
#3 C:/xampp/htdocs/PROYECTO-MAIN-main-main/vendor/laravel/framework/src/Illuminate/View/View.php(191): Illuminate/View/View->getContents()
#4 C:/xampp/htdocs/PROYECTO-MAIN-main-main/vendor/laravel/framework/src/Illuminate/View/View.php(160): Illuminate/View/View->renderContents()
#5 C:/xampp/htdocs/PROYECTO-MAIN-main-main/vendor/laravel/framework/src/Illuminate/Http/Response.php(78): Illuminate/View/View->render()
#6 C:/xampp/htdocs/PROYECTO-MAIN-main-main/vendor/laravel/framework/src/Illuminate/Http/Response.php(34): Illuminate/Http/Response->setContent(Object(Illuminate/View/View))
#7 C:/xampp/htdocs/PROYECTO-MAIN-main-main/vendor/laravel/framework/src/Illuminate/Routing/Router.php(939): Illuminate/Http/Response->__construct(Object(Illuminate/View/View), 200, Array)
#8 C:/xampp/htdocs/PROYECTO-MAIN-main-main/vendor/laravel/framework/src/Illuminate/Routing/Router.php(906): Illuminate/Routing/Router::toResponse(Object(Illuminate/Http/Request), Object(Illuminate/View/View))
#9 C:/xampp/htdocs/PROYECTO-MAIN-main-main/vendor/laravel/framework/src/Illuminate/Routing/Router.php(821): Illuminate/Routing/Router->prepareResponse(Object(Illuminate/Http/Request), Object(Illuminate/View/View))
#10 C:/xampp/htdocs/PROYECTO-MAIN-main-main/vendor/laravel/framework/src/Illuminate/Pipeline/Pipeline.php(180): Illuminate/Routing/Router->Illuminate/Routing/{closure}(Object(Illuminate/Http/Request))
#11 C:/xampp/htdocs/PROYECTO-MAIN-main-main/vendor/laravel/framework/src/Illuminate/Auth/Middleware/EnsureEmailIsVerified.php(41): Illuminate/Pipeline/Pipeline->Illuminate/Pipeline/{closure}(Object(Illuminate/Http/Request))
#12 C:/xampp/htdocs/PROYECTO-MAIN-main-main/vendor/laravel/framework/src/Illuminate/Pipeline/Pipeline.php(219): Illuminate/Auth/Middleware/EnsureEmailIsVerified->handle(Object(Illuminate/Http/Request), Object(Closure))
#13 C:/xampp/htdocs/PROYECTO-MAIN-main-main/vendor/laravel/framework/src/Illuminate/Routing/Middleware/SubstituteBindings.php(50): Illuminate/Pipeline/Pipeline->Illuminate/Pipeline/{closure}(Object(Illuminate/Http/Request))
#14 C:/xampp/htdocs/PROYECTO-MAIN-main-main/vendor/laravel/framework/src/Illuminate/Pipeline/Pipeline.php(219): Illuminate/Routing/Middleware/SubstituteBindings->handle(Object(Illuminate/Http/Request), Object(Closure))
#15 C:/xampp/htdocs/PROYECTO-MAIN-main-main/vendor/laravel/framework/src/Illuminate/Auth/Middleware/Authenticate.php(63): Illuminate/Pipeline/Pipeline->Illuminate/Pipeline/{closure}(Object(Illuminate/Http/Request))
#16 C:/xampp/htdocs/PROYECTO-MAIN-main-main/vendor/laravel/framework/src/Illuminate/Pipeline/Pipeline.php(219): Illuminate/Auth/Middleware/Authenticate->handle(Object(Illuminate/Http/Request), Object(Closure))
#17 C:/xampp/htdocs/PROYECTO-MAIN-main-main/vendor/laravel/framework/src/Illuminate/Foundation/Http/Middleware/VerifyCsrfToken.php(87): Illuminate/Pipeline/Pipeline->Illuminate/Pipeline/{closure}(Object(Illuminate/Http/Request))
#18 C:/xampp/htdocs/PROYECTO-MAIN-main-main/vendor/laravel/framework/src/Illuminate/Pipeline/Pipeline.php(219): Illuminate/Foundation/Http/Middleware/VerifyCsrfToken->handle(Object(Illuminate/Http/Request), Object(Closure))
#19 C:/xampp/htdocs/PROYECTO-MAIN-main-main/vendor/laravel/framework/src/Illuminate/View/Middleware/ShareErrorsFromSession.php(48): Illuminate/Pipeline/Pipeline->Illuminate/Pipeline/{closure}(Object(Illuminate/Http/Request))
#20 C:/xampp/htdocs/PROYECTO-MAIN-main-main/vendor/laravel/framework/src/Illuminate/Pipeline/Pipeline.php(219): Illuminate/View/Middleware/ShareErrorsFromSession->handle(Object(Illuminate/Http/Request), Object(Closure))
#21 C:/xampp/htdocs/PROYECTO-MAIN-main-main/vendor/laravel/framework/src/Illuminate/Session/Middleware/StartSession.php(120): Illuminate/Pipeline/Pipeline->Illuminate/Pipeline/{closure}(Object(Illuminate/Http/Request))
#22 C:/xampp/htdocs/PROYECTO-MAIN-main-main/vendor/laravel/framework/src/Illuminate/Session/Middleware/StartSession.php(63): Illuminate/Session/Middleware/StartSession->handleStatefulRequest(Object(Illuminate/Http/Request), Object(Illuminate/Session/Store), Object(Closure))
#23 C:/xampp/htdocs/PROYECTO-MAIN-main-main/vendor/laravel/framework/src/Illuminate/Pipeline/Pipeline.php(219): Illuminate/Session/Middleware/StartSession->handle(Object(Illuminate/Http/Request), Object(Closure))
#24 C:/xampp/htdocs/PROYECTO-MAIN-main-main/vendor/laravel/framework/src/Illuminate/Cookie/Middleware/AddQueuedCookiesToResponse.php(36): Illuminate/Pipeline/Pipeline->Illuminate/Pipeline/{closure}(Object(Illuminate/Http/Request))
#25 C:/xampp/htdocs/PROYECTO-MAIN-main-main/vendor/laravel/framework/src/Illuminate/Pipeline/Pipeline.php(219): Illuminate/Cookie/Middleware/AddQueuedCookiesToResponse->handle(Object(Illuminate/Http/Request), Object(Closure))
#26 C:/xampp/htdocs/PROYECTO-MAIN-main-main/vendor/laravel/framework/src/Illuminate/Cookie/Middleware/EncryptCookies.php(74): Illuminate/Pipeline/Pipeline->Illuminate/Pipeline/{closure}(Object(Illuminate/Http/Request))
#27 C:/xampp/htdocs/PROYECTO-MAIN-main-main/vendor/laravel/framework/src/Illuminate/Pipeline/Pipeline.php(219): Illuminate/Cookie/Middleware/EncryptCookies->handle(Object(Illuminate/Http/Request), Object(Closure))
#28 C:/xampp/htdocs/PROYECTO-MAIN-main-main/vendor/laravel/framework/src/Illuminate/Pipeline/Pipeline.php(137): Illuminate/Pipeline/Pipeline->Illuminate/Pipeline/{closure}(Object(Illuminate/Http/Request))
#29 C:/xampp/htdocs/PROYECTO-MAIN-main-main/vendor/laravel/framework/src/Illuminate/Routing/Router.php(821): Illuminate/Pipeline/Pipeline->then(Object(Closure))
#30 C:/xampp/htdocs/PROYECTO-MAIN-main-main/vendor/laravel/framework/src/Illuminate/Routing/Router.php(800): Illuminate/Routing/Router->runRouteWithinStack(Object(Illuminate/Routing/Route), Object(Illuminate/Http/Request))
#31 C:/xampp/htdocs/PROYECTO-MAIN-main-main/vendor/laravel/framework/src/Illuminate/Routing/Router.php(764): Illuminate/Routing/Router->runRoute(Object(Illuminate/Http/Request), Object(Illuminate/Routing/Route))
#32 C:/xampp/htdocs/PROYECTO-MAIN-main-main/vendor/laravel/framework/src/Illuminate/Routing/Router.php(753): Illuminate/Routing/Router->dispatchToRoute(Object(Illuminate/Http/Request))
#33 C:/xampp/htdocs/PROYECTO-MAIN-main-main/vendor/laravel/framework/src/Illuminate/Foundation/Http/Kernel.php(200): Illuminate/Routing/Router->dispatch(Object(Illuminate/Http/Request))
#34 C:/xampp/htdocs/PROYECTO-MAIN-main-main/vendor/laravel/framework/src/Illuminate/Pipeline/Pipeline.php(180): Illuminate/Foundation/Http/Kernel->Illuminate/Foundation/Http/{closure}(Object(Illuminate/Http/Request))
#35 C:/xampp/htdocs/PROYECTO-MAIN-main-main/vendor/laravel/framework/src/Illuminate/Foundation/Http/Middleware/TransformsRequest.php(21): Illuminate/Pipeline/Pipeline->Illuminate/Pipeline/{closure}(Object(Illuminate/Http/Request))
#36 C:/xampp/htdocs/PROYECTO-MAIN-main-main/vendor/laravel/framework/src/Illuminate/Foundation/Http/Middleware/ConvertEmptyStringsToNull.php(31): Illuminate/Foundation/Http/Middleware/TransformsRequest->handle(Object(Illuminate/Http/Request), Object(Closure))
#37 C:/xampp/htdocs/PROYECTO-MAIN-main-main/vendor/laravel/framework/src/Illuminate/Pipeline/Pipeline.php(219): Illuminate/Foundation/Http/Middleware/ConvertEmptyStringsToNull->handle(Object(Illuminate/Http/Request), Object(Closure))
#38 C:/xampp/htdocs/PROYECTO-MAIN-main-main/vendor/laravel/framework/src/Illuminate/Foundation/Http/Middleware/TransformsRequest.php(21): Illuminate/Pipeline/Pipeline->Illuminate/Pipeline/{closure}(Object(Illuminate/Http/Request))
#39 C:/xampp/htdocs/PROYECTO-MAIN-main-main/vendor/laravel/framework/src/Illuminate/Foundation/Http/Middleware/TrimStrings.php(51): Illuminate/Foundation/Http/Middleware/TransformsRequest->handle(Object(Illuminate/Http/Request), Object(Closure))
#40 C:/xampp/htdocs/PROYECTO-MAIN-main-main/vendor/laravel/framework/src/Illuminate/Pipeline/Pipeline.php(219): Illuminate/Foundation/Http/Middleware/TrimStrings->handle(Object(Illuminate/Http/Request), Object(Closure))
#41 C:/xampp/htdocs/PROYECTO-MAIN-main-main/vendor/laravel/framework/src/Illuminate/Http/Middleware/ValidatePostSize.php(27): Illuminate/Pipeline/Pipeline->Illuminate/Pipeline/{closure}(Object(Illuminate/Http/Request))
#42 C:/xampp/htdocs/PROYECTO-MAIN-main-main/vendor/laravel/framework/src/Illuminate/Pipeline/Pipeline.php(219): Illuminate/Http/Middleware/ValidatePostSize->handle(Object(Illuminate/Http/Request), Object(Closure))
#43 C:/xampp/htdocs/PROYECTO-MAIN-main-main/vendor/laravel/framework/src/Illuminate/Foundation/Http/Middleware/PreventRequestsDuringMaintenance.php(109): Illuminate/Pipeline/Pipeline->Illuminate/Pipeline/{closure}(Object(Illuminate/Http/Request))
#44 C:/xampp/htdocs/PROYECTO-MAIN-main-main/vendor/laravel/framework/src/Illuminate/Pipeline/Pipeline.php(219): Illuminate/Foundation/Http/Middleware/PreventRequestsDuringMaintenance->handle(Object(Illuminate/Http/Request), Object(Closure))
#45 C:/xampp/htdocs/PROYECTO-MAIN-main-main/vendor/laravel/framework/src/Illuminate/Http/Middleware/HandleCors.php(61): Illuminate/Pipeline/Pipeline->Illuminate/Pipeline/{closure}(Object(Illuminate/Http/Request))
#46 C:/xampp/htdocs/PROYECTO-MAIN-main-main/vendor/laravel/framework/src/Illuminate/Pipeline/Pipeline.php(219): Illuminate/Http/Middleware/HandleCors->handle(Object(Illuminate/Http/Request), Object(Closure))
#47 C:/xampp/htdocs/PROYECTO-MAIN-main-main/vendor/laravel/framework/src/Illuminate/Http/Middleware/TrustProxies.php(58): Illuminate/Pipeline/Pipeline->Illuminate/Pipeline/{closure}(Object(Illuminate/Http/Request))
#48 C:/xampp/htdocs/PROYECTO-MAIN-main-main/vendor/laravel/framework/src/Illuminate/Pipeline/Pipeline.php(219): Illuminate/Http/Middleware/TrustProxies->handle(Object(Illuminate/Http/Request), Object(Closure))
#49 C:/xampp/htdocs/PROYECTO-MAIN-main-main/vendor/laravel/framework/src/Illuminate/Foundation/Http/Middleware/InvokeDeferredCallbacks.php(22): Illuminate/Pipeline/Pipeline->Illuminate/Pipeline/{closure}(Object(Illuminate/Http/Request))
#50 C:/xampp/htdocs/PROYECTO-MAIN-main-main/vendor/laravel/framework/src/Illuminate/Pipeline/Pipeline.php(219): Illuminate/Foundation/Http/Middleware/InvokeDeferredCallbacks->handle(Object(Illuminate/Http/Request), Object(Closure))
#51 C:/xampp/htdocs/PROYECTO-MAIN-main-main/vendor/laravel/framework/src/Illuminate/Http/Middleware/ValidatePathEncoding.php(26): Illuminate/Pipeline/Pipeline->Illuminate/Pipeline/{closure}(Object(Illuminate/Http/Request))
#52 C:/xampp/htdocs/PROYECTO-MAIN-main-main/vendor/laravel/framework/src/Illuminate/Pipeline/Pipeline.php(219): Illuminate/Http/Middleware/ValidatePathEncoding->handle(Object(Illuminate/Http/Request), Object(Closure))
#53 C:/xampp/htdocs/PROYECTO-MAIN-main-main/vendor/laravel/framework/src/Illuminate/Pipeline/Pipeline.php(137): Illuminate/Pipeline/Pipeline->Illuminate/Pipeline/{closure}(Object(Illuminate/Http/Request))
#54 C:/xampp/htdocs/PROYECTO-MAIN-main-main/vendor/laravel/framework/src/Illuminate/Foundation/Http/Kernel.php(175): Illuminate/Pipeline/Pipeline->then(Object(Closure))
#55 C:/xampp/htdocs/PROYECTO-MAIN-main-main/vendor/laravel/framework/src/Illuminate/Foundation/Http/Kernel.php(144): Illuminate/Foundation/Http/Kernel->sendRequestThroughRouter(Object(Illuminate/Http/Request))
#56 C:/xampp/htdocs/PROYECTO-MAIN-main-main/vendor/laravel/framework/src/Illuminate/Foundation/Application.php(1220): Illuminate/Foundation/Http/Kernel->handle(Object(Illuminate/Http/Request))
#57 C:/xampp/htdocs/PROYECTO-MAIN-main-main/public/index.php(20): Illuminate/Foundation/Application->handleRequest(Object(Illuminate/Http/Request))
#58 C:/xampp/htdocs/PROYECTO-MAIN-main-main/vendor/laravel/framework/src/Illuminate/Foundation/resources/server.php(23): require_once('C://xampp//htdocs...')
#59 {main}

[previous exception] [object] (ParseError(code: 0): syntax error, unexpected token \"else\", expecting end of file at C:/xampp/htdocs/PROYECTO-MAIN-main-main/storage/framework/views/ef3b83c061a4160468e1bb78f51851fc.php:474)
[stacktrace]
#0 C:/xampp/htdocs/PROYECTO-MAIN-main-main/vendor/laravel/framework/src/Illuminate/Filesystem/Filesystem.php(124): Illuminate/Filesystem/Filesystem::Illuminate/Filesystem/{closure}()
#1 C:/xampp/htdocs/PROYECTO-MAIN-main-main/vendor/laravel/framework/src/Illuminate/View/Engines/PhpEngine.php(57): Illuminate/Filesystem/Filesystem->getRequire('C://xampp//htdocs...', Array)
#2 C:/xampp/htdocs/PROYECTO-MAIN-main-main/vendor/laravel/framework/src/Illuminate/View/Engines/CompilerEngine.php(76): Illuminate/View/Engines/PhpEngine->evaluatePath('C://xampp//htdocs...', Array)
#3 C:/xampp/htdocs/PROYECTO-MAIN-main-main/vendor/laravel/framework/src/Illuminate/View/View.php(208): Illuminate/View/Engines/CompilerEngine->get('C://xampp//htdocs...', Array)
#4 C:/xampp/htdocs/PROYECTO-MAIN-main-main/vendor/laravel/framework/src/Illuminate/View/View.php(191): Illuminate/View/View->getContents()
#5 C:/xampp/htdocs/PROYECTO-MAIN-main-main/vendor/laravel/framework/src/Illuminate/View/View.php(160): Illuminate/View/View->renderContents()
#6 C:/xampp/htdocs/PROYECTO-MAIN-main-main/vendor/laravel/framework/src/Illuminate/Http/Response.php(78): Illuminate/View/View->render()
#7 C:/xampp/htdocs/PROYECTO-MAIN-main-main/vendor/laravel/framework/src/Illuminate/Http/Response.php(34): Illuminate/Http/Response->setContent(Object(Illuminate/View/View))
#8 C:/xampp/htdocs/PROYECTO-MAIN-main-main/vendor/laravel/framework/src/Illuminate/Routing/Router.php(939): Illuminate/Http/Response->__construct(Object(Illuminate/View/View), 200, Array)
#9 C:/xampp/htdocs/PROYECTO-MAIN-main-main/vendor/laravel/framework/src/Illuminate/Routing/Router.php(906): Illuminate/Routing/Router::toResponse(Object(Illuminate/Http/Request), Object(Illuminate/View/View))
#10 C:/xampp/htdocs/PROYECTO-MAIN-main-main/vendor/laravel/framework/src/Illuminate/Routing/Router.php(821): Illuminate/Routing/Router->prepareResponse(Object(Illuminate/Http/Request), Object(Illuminate/View/View))
#11 C:/xampp/htdocs/PROYECTO-MAIN-main-main/vendor/laravel/framework/src/Illuminate/Pipeline/Pipeline.php(180): Illuminate/Routing/Router->Illuminate/Routing/{closure}(Object(Illuminate/Http/Request))
#12 C:/xampp/htdocs/PROYECTO-MAIN-main-main/vendor/laravel/framework/src/Illuminate/Auth/Middleware/EnsureEmailIsVerified.php(41): Illuminate/Pipeline/Pipeline->Illuminate/Pipeline/{closure}(Object(Illuminate/Http/Request))
#13 C:/xampp/htdocs/PROYECTO-MAIN-main-main/vendor/laravel/framework/src/Illuminate/Pipeline/Pipeline.php(219): Illuminate/Auth/Middleware/EnsureEmailIsVerified->handle(Object(Illuminate/Http/Request), Object(Closure))
#14 C:/xampp/htdocs/PROYECTO-MAIN-main-main/vendor/laravel/framework/src/Illuminate/Routing/Middleware/SubstituteBindings.php(50): Illuminate/Pipeline/Pipeline->Illuminate/Pipeline/{closure}(Object(Illuminate/Http/Request))
#15 C:/xampp/htdocs/PROYECTO-MAIN-main-main/vendor/laravel/framework/src/Illuminate/Pipeline/Pipeline.php(219): Illuminate/Routing/Middleware/SubstituteBindings->handle(Object(Illuminate/Http/Request), Object(Closure))
#16 C:/xampp/htdocs/PROYECTO-MAIN-main-main/vendor/laravel/framework/src/Illuminate/Auth/Middleware/Authenticate.php(63): Illuminate/Pipeline/Pipeline->Illuminate/Pipeline/{closure}(Object(Illuminate/Http/Request))
#17 C:/xampp/htdocs/PROYECTO-MAIN-main-main/vendor/laravel/framework/src/Illuminate/Pipeline/Pipeline.php(219): Illuminate/Auth/Middleware/Authenticate->handle(Object(Illuminate/Http/Request), Object(Closure))
#18 C:/xampp/htdocs/PROYECTO-MAIN-main-main/vendor/laravel/framework/src/Illuminate/Foundation/Http/Middleware/VerifyCsrfToken.php(87): Illuminate/Pipeline/Pipeline->Illuminate/Pipeline/{closure}(Object(Illuminate/Http/Request))
#19 C:/xampp/htdocs/PROYECTO-MAIN-main-main/vendor/laravel/framework/src/Illuminate/Pipeline/Pipeline.php(219): Illuminate/Foundation/Http/Middleware/VerifyCsrfToken->handle(Object(Illuminate/Http/Request), Object(Closure))
#20 C:/xampp/htdocs/PROYECTO-MAIN-main-main/vendor/laravel/framework/src/Illuminate/View/Middleware/ShareErrorsFromSession.php(48): Illuminate/Pipeline/Pipeline->Illuminate/Pipeline/{closure}(Object(Illuminate/Http/Request))
#21 C:/xampp/htdocs/PROYECTO-MAIN-main-main/vendor/laravel/framework/src/Illuminate/Pipeline/Pipeline.php(219): Illuminate/View/Middleware/ShareErrorsFromSession->handle(Object(Illuminate/Http/Request), Object(Closure))
#22 C:/xampp/htdocs/PROYECTO-MAIN-main-main/vendor/laravel/framework/src/Illuminate/Session/Middleware/StartSession.php(120): Illuminate/Pipeline/Pipeline->Illuminate/Pipeline/{closure}(Object(Illuminate/Http/Request))
#23 C:/xampp/htdocs/PROYECTO-MAIN-main-main/vendor/laravel/framework/src/Illuminate/Session/Middleware/StartSession.php(63): Illuminate/Session/Middleware/StartSession->handleStatefulRequest(Object(Illuminate/Http/Request), Object(Illuminate/Session/Store), Object(Closure))
#24 C:/xampp/htdocs/PROYECTO-MAIN-main-main/vendor/laravel/framework/src/Illuminate/Pipeline/Pipeline.php(219): Illuminate/Session/Middleware/StartSession->handle(Object(Illuminate/Http/Request), Object(Closure))
#25 C:/xampp/htdocs/PROYECTO-MAIN-main-main/vendor/laravel/framework/src/Illuminate/Cookie/Middleware/AddQueuedCookiesToResponse.php(36): Illuminate/Pipeline/Pipeline->Illuminate/Pipeline/{closure}(Object(Illuminate/Http/Request))
#26 C:/xampp/htdocs/PROYECTO-MAIN-main-main/vendor/laravel/framework/src/Illuminate/Pipeline/Pipeline.php(219): Illuminate/Cookie/Middleware/AddQueuedCookiesToResponse->handle(Object(Illuminate/Http/Request), Object(Closure))
#27 C:/xampp/htdocs/PROYECTO-MAIN-main-main/vendor/laravel/framework/src/Illuminate/Cookie/Middleware/EncryptCookies.php(74): Illuminate/Pipeline/Pipeline->Illuminate/Pipeline/{closure}(Object(Illuminate/Http/Request))
#28 C:/xampp/htdocs/PROYECTO-MAIN-main-main/vendor/laravel/framework/src/Illuminate/Pipeline/Pipeline.php(219): Illuminate/Cookie/Middleware/EncryptCookies->handle(Object(Illuminate/Http/Request), Object(Closure))
#29 C:/xampp/htdocs/PROYECTO-MAIN-main-main/vendor/laravel/framework/src/Illuminate/Pipeline/Pipeline.php(137): Illuminate/Pipeline/Pipeline->Illuminate/Pipeline/{closure}(Object(Illuminate/Http/Request))
#30 C:/xampp/htdocs/PROYECTO-MAIN-main-main/vendor/laravel/framework/src/Illuminate/Routing/Router.php(821): Illuminate/Pipeline/Pipeline->then(Object(Closure))
#31 C:/xampp/htdocs/PROYECTO-MAIN-main-main/vendor/laravel/framework/src/Illuminate/Routing/Router.php(800): Illuminate/Routing/Router->runRouteWithinStack(Object(Illuminate/Routing/Route), Object(Illuminate/Http/Request))
#32 C:/xampp/htdocs/PROYECTO-MAIN-main-main/vendor/laravel/framework/src/Illuminate/Routing/Router.php(764): Illuminate/Routing/Router->runRoute(Object(Illuminate/Http/Request), Object(Illuminate/Routing/Route))
#33 C:/xampp/htdocs/PROYECTO-MAIN-main-main/vendor/laravel/framework/src/Illuminate/Routing/Router.php(753): Illuminate/Routing/Router->dispatchToRoute(Object(Illuminate/Http/Request))
#34 C:/xampp/htdocs/PROYECTO-MAIN-main-main/vendor/laravel/framework/src/Illuminate/Foundation/Http/Kernel.php(200): Illuminate/Routing/Router->dispatch(Object(Illuminate/Http/Request))
#35 C:/xampp/htdocs/PROYECTO-MAIN-main-main/vendor/laravel/framework/src/Illuminate/Pipeline/Pipeline.php(180): Illuminate/Foundation/Http/Kernel->Illuminate/Foundation/Http/{closure}(Object(Illuminate/Http/Request))
#36 C:/xampp/htdocs/PROYECTO-MAIN-main-main/vendor/laravel/framework/src/Illuminate/Foundation/Http/Middleware/TransformsRequest.php(21): Illuminate/Pipeline/Pipeline->Illuminate/Pipeline/{closure}(Object(Illuminate/Http/Request))
#37 C:/xampp/htdocs/PROYECTO-MAIN-main-main/vendor/laravel/framework/src/Illuminate/Foundation/Http/Middleware/ConvertEmptyStringsToNull.php(31): Illuminate/Foundation/Http/Middleware/TransformsRequest->handle(Object(Illuminate/Http/Request), Object(Closure))
#38 C:/xampp/htdocs/PROYECTO-MAIN-main-main/vendor/laravel/framework/src/Illuminate/Pipeline/Pipeline.php(219): Illuminate/Foundation/Http/Middleware/ConvertEmptyStringsToNull->handle(Object(Illuminate/Http/Request), Object(Closure))
#39 C:/xampp/htdocs/PROYECTO-MAIN-main-main/vendor/laravel/framework/src/Illuminate/Foundation/Http/Middleware/TransformsRequest.php(21): Illuminate/Pipeline/Pipeline->Illuminate/Pipeline/{closure}(Object(Illuminate/Http/Request))
#40 C:/xampp/htdocs/PROYECTO-MAIN-main-main/vendor/laravel/framework/src/Illuminate/Foundation/Http/Middleware/TrimStrings.php(51): Illuminate/Foundation/Http/Middleware/TransformsRequest->handle(Object(Illuminate/Http/Request), Object(Closure))
#41 C:/xampp/htdocs/PROYECTO-MAIN-main-main/vendor/laravel/framework/src/Illuminate/Pipeline/Pipeline.php(219): Illuminate/Foundation/Http/Middleware/TrimStrings->handle(Object(Illuminate/Http/Request), Object(Closure))
#42 C:/xampp/htdocs/PROYECTO-MAIN-main-main/vendor/laravel/framework/src/Illuminate/Http/Middleware/ValidatePostSize.php(27): Illuminate/Pipeline/Pipeline->Illuminate/Pipeline/{closure}(Object(Illuminate/Http/Request))
#43 C:/xampp/htdocs/PROYECTO-MAIN-main-main/vendor/laravel/framework/src/Illuminate/Pipeline/Pipeline.php(219): Illuminate/Http/Middleware/ValidatePostSize->handle(Object(Illuminate/Http/Request), Object(Closure))
#44 C:/xampp/htdocs/PROYECTO-MAIN-main-main/vendor/laravel/framework/src/Illuminate/Foundation/Http/Middleware/PreventRequestsDuringMaintenance.php(109): Illuminate/Pipeline/Pipeline->Illuminate/Pipeline/{closure}(Object(Illuminate/Http/Request))
#45 C:/xampp/htdocs/PROYECTO-MAIN-main-main/vendor/laravel/framework/src/Illuminate/Pipeline/Pipeline.php(219): Illuminate/Foundation/Http/Middleware/PreventRequestsDuringMaintenance->handle(Object(Illuminate/Http/Request), Object(Closure))
#46 C:/xampp/htdocs/PROYECTO-MAIN-main-main/vendor/laravel/framework/src/Illuminate/Http/Middleware/HandleCors.php(61): Illuminate/Pipeline/Pipeline->Illuminate/Pipeline/{closure}(Object(Illuminate/Http/Request))
#47 C:/xampp/htdocs/PROYECTO-MAIN-main-main/vendor/laravel/framework/src/Illuminate/Pipeline/Pipeline.php(219): Illuminate/Http/Middleware/HandleCors->handle(Object(Illuminate/Http/Request), Object(Closure))
#48 C:/xampp/htdocs/PROYECTO-MAIN-main-main/vendor/laravel/framework/src/Illuminate/Http/Middleware/TrustProxies.php(58): Illuminate/Pipeline/Pipeline->Illuminate/Pipeline/{closure}(Object(Illuminate/Http/Request))
#49 C:/xampp/htdocs/PROYECTO-MAIN-main-main/vendor/laravel/framework/src/Illuminate/Pipeline/Pipeline.php(219): Illuminate/Http/Middleware/TrustProxies->handle(Object(Illuminate/Http/Request), Object(Closure))
#50 C:/xampp/htdocs/PROYECTO-MAIN-main-main/vendor/laravel/framework/src/Illuminate/Foundation/Http/Middleware/InvokeDeferredCallbacks.php(22): Illuminate/Pipeline/Pipeline->Illuminate/Pipeline/{closure}(Object(Illuminate/Http/Request))
#51 C:/xampp/htdocs/PROYECTO-MAIN-main-main/vendor/laravel/framework/src/Illuminate/Pipeline/Pipeline.php(219): Illuminate/Foundation/Http/Middleware/InvokeDeferredCallbacks->handle(Object(Illuminate/Http/Request), Object(Closure))
#52 C:/xampp/htdocs/PROYECTO-MAIN-main-main/vendor/laravel/framework/src/Illuminate/Http/Middleware/ValidatePathEncoding.php(26): Illuminate/Pipeline/Pipeline->Illuminate/Pipeline/{closure}(Object(Illuminate/Http/Request))
#53 C:/xampp/htdocs/PROYECTO-MAIN-main-main/vendor/laravel/framework/src/Illuminate/Pipeline/Pipeline.php(219): Illuminate/Http/Middleware/ValidatePathEncoding->handle(Object(Illuminate/Http/Request), Object(Closure))
#54 C:/xampp/htdocs/PROYECTO-MAIN-main-main/vendor/laravel/framework/src/Illuminate/Pipeline/Pipeline.php(137): Illuminate/Pipeline/Pipeline->Illuminate/Pipeline/{closure}(Object(Illuminate/Http/Request))
#55 C:/xampp/htdocs/PROYECTO-MAIN-main-main/vendor/laravel/framework/src/Illuminate/Foundation/Http/Kernel.php(175): Illuminate/Pipeline/Pipeline->then(Object(Closure))
#56 C:/xampp/htdocs/PROYECTO-MAIN-main-main/vendor/laravel/framework/src/Illuminate/Foundation/Http/Kernel.php(144): Illuminate/Foundation/Http/Kernel->sendRequestThroughRouter(Object(Illuminate/Http/Request))
#57 C:/xampp/htdocs/PROYECTO-MAIN-main-main/vendor/laravel/framework/src/Illuminate/Foundation/Application.php(1220): Illuminate/Foundation/Http/Kernel->handle(Object(Illuminate/Http/Request))
#58 C:/xampp/htdocs/PROYECTO-MAIN-main-main/public/index.php(20): Illuminate/Foundation/Application->handleRequest(Object(Illuminate/Http/Request))
#59 C:/xampp/htdocs/PROYECTO-MAIN-main-main/vendor/laravel/framework/src/Illuminate/Foundation/resources/server.php(23): require_once('C://xampp//htdocs...')
#60 {main}
"} 
[2026-06-09 19:24:14] local.ERROR: syntax error, unexpected token "else", expecting end of file (View: C:\xampp\htdocs\PROYECTO-MAIN-main-main\resources\views\dashboard.blade.php) {"userId":1,"exception":"[object] (Illuminate\\View\\ViewException(code: 0): syntax error, unexpected token \"else\", expecting end of file (View: C:\\xampp\\htdocs\\PROYECTO-MAIN-main-main\\resources\\views\\dashboard.blade.php) at C:/xampp/htdocs/PROYECTO-MAIN-main-main/storage/framework/views/ef3b83c061a4160468e1bb78f51851fc.php:473)
[stacktrace]
#0 C:/xampp/htdocs/PROYECTO-MAIN-main-main/vendor/laravel/framework/src/Illuminate/View/Engines/PhpEngine.php(59): Illuminate/View/Engines/CompilerEngine->handleViewException(Object(ParseError), 1)
#1 C:/xampp/htdocs/PROYECTO-MAIN-main-main/vendor/laravel/framework/src/Illuminate/View/Engines/CompilerEngine.php(76): Illuminate/View/Engines/PhpEngine->evaluatePath('C://xampp//htdocs...', Array)
#2 C:/xampp/htdocs/PROYECTO-MAIN-main-main/vendor/laravel/framework/src/Illuminate/View/View.php(208): Illuminate/View/Engines/CompilerEngine->get('C://xampp//htdocs...', Array)
#3 C:/xampp/htdocs/PROYECTO-MAIN-main-main/vendor/laravel/framework/src/Illuminate/View/View.php(191): Illuminate/View/View->getContents()
#4 C:/xampp/htdocs/PROYECTO-MAIN-main-main/vendor/laravel/framework/src/Illuminate/View/View.php(160): Illuminate/View/View->renderContents()
#5 C:/xampp/htdocs/PROYECTO-MAIN-main-main/vendor/laravel/framework/src/Illuminate/Http/Response.php(78): Illuminate/View/View->render()
#6 C:/xampp/htdocs/PROYECTO-MAIN-main-main/vendor/laravel/framework/src/Illuminate/Http/Response.php(34): Illuminate/Http/Response->setContent(Object(Illuminate/View/View))
#7 C:/xampp/htdocs/PROYECTO-MAIN-main-main/vendor/laravel/framework/src/Illuminate/Routing/Router.php(939): Illuminate/Http/Response->__construct(Object(Illuminate/View/View), 200, Array)
#8 C:/xampp/htdocs/PROYECTO-MAIN-main-main/vendor/laravel/framework/src/Illuminate/Routing/Router.php(906): Illuminate/Routing/Router::toResponse(Object(Illuminate/Http/Request), Object(Illuminate/View/View))
#9 C:/xampp/htdocs/PROYECTO-MAIN-main-main/vendor/laravel/framework/src/Illuminate/Routing/Router.php(821): Illuminate/Routing/Router->prepareResponse(Object(Illuminate/Http/Request), Object(Illuminate/View/View))
#10 C:/xampp/htdocs/PROYECTO-MAIN-main-main/vendor/laravel/framework/src/Illuminate/Pipeline/Pipeline.php(180): Illuminate/Routing/Router->Illuminate/Routing/{closure}(Object(Illuminate/Http/Request))
#11 C:/xampp/htdocs/PROYECTO-MAIN-main-main/vendor/laravel/framework/src/Illuminate/Auth/Middleware/EnsureEmailIsVerified.php(41): Illuminate/Pipeline/Pipeline->Illuminate/Pipeline/{closure}(Object(Illuminate/Http/Request))
#12 C:/xampp/htdocs/PROYECTO-MAIN-main-main/vendor/laravel/framework/src/Illuminate/Pipeline/Pipeline.php(219): Illuminate/Auth/Middleware/EnsureEmailIsVerified->handle(Object(Illuminate/Http/Request), Object(Closure))
#13 C:/xampp/htdocs/PROYECTO-MAIN-main-main/vendor/laravel/framework/src/Illuminate/Routing/Middleware/SubstituteBindings.php(50): Illuminate/Pipeline/Pipeline->Illuminate/Pipeline/{closure}(Object(Illuminate/Http/Request))
#14 C:/xampp/htdocs/PROYECTO-MAIN-main-main/vendor/laravel/framework/src/Illuminate/Pipeline/Pipeline.php(219): Illuminate/Routing/Middleware/SubstituteBindings->handle(Object(Illuminate/Http/Request), Object(Closure))
#15 C:/xampp/htdocs/PROYECTO-MAIN-main-main/vendor/laravel/framework/src/Illuminate/Auth/Middleware/Authenticate.php(63): Illuminate/Pipeline/Pipeline->Illuminate/Pipeline/{closure}(Object(Illuminate/Http/Request))
#16 C:/xampp/htdocs/PROYECTO-MAIN-main-main/vendor/laravel/framework/src/Illuminate/Pipeline/Pipeline.php(219): Illuminate/Auth/Middleware/Authenticate->handle(Object(Illuminate/Http/Request), Object(Closure))
#17 C:/xampp/htdocs/PROYECTO-MAIN-main-main/vendor/laravel/framework/src/Illuminate/Foundation/Http/Middleware/VerifyCsrfToken.php(87): Illuminate/Pipeline/Pipeline->Illuminate/Pipeline/{closure}(Object(Illuminate/Http/Request))
#18 C:/xampp/htdocs/PROYECTO-MAIN-main-main/vendor/laravel/framework/src/Illuminate/Pipeline/Pipeline.php(219): Illuminate/Foundation/Http/Middleware/VerifyCsrfToken->handle(Object(Illuminate/Http/Request), Object(Closure))
#19 C:/xampp/htdocs/PROYECTO-MAIN-main-main/vendor/laravel/framework/src/Illuminate/View/Middleware/ShareErrorsFromSession.php(48): Illuminate/Pipeline/Pipeline->Illuminate/Pipeline/{closure}(Object(Illuminate/Http/Request))
#20 C:/xampp/htdocs/PROYECTO-MAIN-main-main/vendor/laravel/framework/src/Illuminate/Pipeline/Pipeline.php(219): Illuminate/View/Middleware/ShareErrorsFromSession->handle(Object(Illuminate/Http/Request), Object(Closure))
#21 C:/xampp/htdocs/PROYECTO-MAIN-main-main/vendor/laravel/framework/src/Illuminate/Session/Middleware/StartSession.php(120): Illuminate/Pipeline/Pipeline->Illuminate/Pipeline/{closure}(Object(Illuminate/Http/Request))
#22 C:/xampp/htdocs/PROYECTO-MAIN-main-main/vendor/laravel/framework/src/Illuminate/Session/Middleware/StartSession.php(63): Illuminate/Session/Middleware/StartSession->handleStatefulRequest(Object(Illuminate/Http/Request), Object(Illuminate/Session/Store), Object(Closure))
#23 C:/xampp/htdocs/PROYECTO-MAIN-main-main/vendor/laravel/framework/src/Illuminate/Pipeline/Pipeline.php(219): Illuminate/Session/Middleware/StartSession->handle(Object(Illuminate/Http/Request), Object(Closure))
#24 C:/xampp/htdocs/PROYECTO-MAIN-main-main/vendor/laravel/framework/src/Illuminate/Cookie/Middleware/AddQueuedCookiesToResponse.php(36): Illuminate/Pipeline/Pipeline->Illuminate/Pipeline/{closure}(Object(Illuminate/Http/Request))
#25 C:/xampp/htdocs/PROYECTO-MAIN-main-main/vendor/laravel/framework/src/Illuminate/Pipeline/Pipeline.php(219): Illuminate/Cookie/Middleware/AddQueuedCookiesToResponse->handle(Object(Illuminate/Http/Request), Object(Closure))
#26 C:/xampp/htdocs/PROYECTO-MAIN-main-main/vendor/laravel/framework/src/Illuminate/Cookie/Middleware/EncryptCookies.php(74): Illuminate/Pipeline/Pipeline->Illuminate/Pipeline/{closure}(Object(Illuminate/Http/Request))
#27 C:/xampp/htdocs/PROYECTO-MAIN-main-main/vendor/laravel/framework/src/Illuminate/Pipeline/Pipeline.php(219): Illuminate/Cookie/Middleware/EncryptCookies->handle(Object(Illuminate/Http/Request), Object(Closure))
#28 C:/xampp/htdocs/PROYECTO-MAIN-main-main/vendor/laravel/framework/src/Illuminate/Pipeline/Pipeline.php(137): Illuminate/Pipeline/Pipeline->Illuminate/Pipeline/{closure}(Object(Illuminate/Http/Request))
#29 C:/xampp/htdocs/PROYECTO-MAIN-main-main/vendor/laravel/framework/src/Illuminate/Routing/Router.php(821): Illuminate/Pipeline/Pipeline->then(Object(Closure))
#30 C:/xampp/htdocs/PROYECTO-MAIN-main-main/vendor/laravel/framework/src/Illuminate/Routing/Router.php(800): Illuminate/Routing/Router->runRouteWithinStack(Object(Illuminate/Routing/Route), Object(Illuminate/Http/Request))
#31 C:/xampp/htdocs/PROYECTO-MAIN-main-main/vendor/laravel/framework/src/Illuminate/Routing/Router.php(764): Illuminate/Routing/Router->runRoute(Object(Illuminate/Http/Request), Object(Illuminate/Routing/Route))
#32 C:/xampp/htdocs/PROYECTO-MAIN-main-main/vendor/laravel/framework/src/Illuminate/Routing/Router.php(753): Illuminate/Routing/Router->dispatchToRoute(Object(Illuminate/Http/Request))
#33 C:/xampp/htdocs/PROYECTO-MAIN-main-main/vendor/laravel/framework/src/Illuminate/Foundation/Http/Kernel.php(200): Illuminate/Routing/Router->dispatch(Object(Illuminate/Http/Request))
#34 C:/xampp/htdocs/PROYECTO-MAIN-main-main/vendor/laravel/framework/src/Illuminate/Pipeline/Pipeline.php(180): Illuminate/Foundation/Http/Kernel->Illuminate/Foundation/Http/{closure}(Object(Illuminate/Http/Request))
#35 C:/xampp/htdocs/PROYECTO-MAIN-main-main/vendor/laravel/framework/src/Illuminate/Foundation/Http/Middleware/TransformsRequest.php(21): Illuminate/Pipeline/Pipeline->Illuminate/Pipeline/{closure}(Object(Illuminate/Http/Request))
#36 C:/xampp/htdocs/PROYECTO-MAIN-main-main/vendor/laravel/framework/src/Illuminate/Foundation/Http/Middleware/ConvertEmptyStringsToNull.php(31): Illuminate/Foundation/Http/Middleware/TransformsRequest->handle(Object(Illuminate/Http/Request), Object(Closure))
#37 C:/xampp/htdocs/PROYECTO-MAIN-main-main/vendor/laravel/framework/src/Illuminate/Pipeline/Pipeline.php(219): Illuminate/Foundation/Http/Middleware/ConvertEmptyStringsToNull->handle(Object(Illuminate/Http/Request), Object(Closure))
#38 C:/xampp/htdocs/PROYECTO-MAIN-main-main/vendor/laravel/framework/src/Illuminate/Foundation/Http/Middleware/TransformsRequest.php(21): Illuminate/Pipeline/Pipeline->Illuminate/Pipeline/{closure}(Object(Illuminate/Http/Request))
#39 C:/xampp/htdocs/PROYECTO-MAIN-main-main/vendor/laravel/framework/src/Illuminate/Foundation/Http/Middleware/TrimStrings.php(51): Illuminate/Foundation/Http/Middleware/TransformsRequest->handle(Object(Illuminate/Http/Request), Object(Closure))
#40 C:/xampp/htdocs/PROYECTO-MAIN-main-main/vendor/laravel/framework/src/Illuminate/Pipeline/Pipeline.php(219): Illuminate/Foundation/Http/Middleware/TrimStrings->handle(Object(Illuminate/Http/Request), Object(Closure))
#41 C:/xampp/htdocs/PROYECTO-MAIN-main-main/vendor/laravel/framework/src/Illuminate/Http/Middleware/ValidatePostSize.php(27): Illuminate/Pipeline/Pipeline->Illuminate/Pipeline/{closure}(Object(Illuminate/Http/Request))
#42 C:/xampp/htdocs/PROYECTO-MAIN-main-main/vendor/laravel/framework/src/Illuminate/Pipeline/Pipeline.php(219): Illuminate/Http/Middleware/ValidatePostSize->handle(Object(Illuminate/Http/Request), Object(Closure))
#43 C:/xampp/htdocs/PROYECTO-MAIN-main-main/vendor/laravel/framework/src/Illuminate/Foundation/Http/Middleware/PreventRequestsDuringMaintenance.php(109): Illuminate/Pipeline/Pipeline->Illuminate/Pipeline/{closure}(Object(Illuminate/Http/Request))
#44 C:/xampp/htdocs/PROYECTO-MAIN-main-main/vendor/laravel/framework/src/Illuminate/Pipeline/Pipeline.php(219): Illuminate/Foundation/Http/Middleware/PreventRequestsDuringMaintenance->handle(Object(Illuminate/Http/Request), Object(Closure))
#45 C:/xampp/htdocs/PROYECTO-MAIN-main-main/vendor/laravel/framework/src/Illuminate/Http/Middleware/HandleCors.php(61): Illuminate/Pipeline/Pipeline->Illuminate/Pipeline/{closure}(Object(Illuminate/Http/Request))
#46 C:/xampp/htdocs/PROYECTO-MAIN-main-main/vendor/laravel/framework/src/Illuminate/Pipeline/Pipeline.php(219): Illuminate/Http/Middleware/HandleCors->handle(Object(Illuminate/Http/Request), Object(Closure))
#47 C:/xampp/htdocs/PROYECTO-MAIN-main-main/vendor/laravel/framework/src/Illuminate/Http/Middleware/TrustProxies.php(58): Illuminate/Pipeline/Pipeline->Illuminate/Pipeline/{closure}(Object(Illuminate/Http/Request))
#48 C:/xampp/htdocs/PROYECTO-MAIN-main-main/vendor/laravel/framework/src/Illuminate/Pipeline/Pipeline.php(219): Illuminate/Http/Middleware/TrustProxies->handle(Object(Illuminate/Http/Request), Object(Closure))
#49 C:/xampp/htdocs/PROYECTO-MAIN-main-main/vendor/laravel/framework/src/Illuminate/Foundation/Http/Middleware/InvokeDeferredCallbacks.php(22): Illuminate/Pipeline/Pipeline->Illuminate/Pipeline/{closure}(Object(Illuminate/Http/Request))
#50 C:/xampp/htdocs/PROYECTO-MAIN-main-main/vendor/laravel/framework/src/Illuminate/Pipeline/Pipeline.php(219): Illuminate/Foundation/Http/Middleware/InvokeDeferredCallbacks->handle(Object(Illuminate/Http/Request), Object(Closure))
#51 C:/xampp/htdocs/PROYECTO-MAIN-main-main/vendor/laravel/framework/src/Illuminate/Http/Middleware/ValidatePathEncoding.php(26): Illuminate/Pipeline/Pipeline->Illuminate/Pipeline/{closure}(Object(Illuminate/Http/Request))
#52 C:/xampp/htdocs/PROYECTO-MAIN-main-main/vendor/laravel/framework/src/Illuminate/Pipeline/Pipeline.php(219): Illuminate/Http/Middleware/ValidatePathEncoding->handle(Object(Illuminate/Http/Request), Object(Closure))
#53 C:/xampp/htdocs/PROYECTO-MAIN-main-main/vendor/laravel/framework/src/Illuminate/Pipeline/Pipeline.php(137): Illuminate/Pipeline/Pipeline->Illuminate/Pipeline/{closure}(Object(Illuminate/Http/Request))
#54 C:/xampp/htdocs/PROYECTO-MAIN-main-main/vendor/laravel/framework/src/Illuminate/Foundation/Http/Kernel.php(175): Illuminate/Pipeline/Pipeline->then(Object(Closure))
#55 C:/xampp/htdocs/PROYECTO-MAIN-main-main/vendor/laravel/framework/src/Illuminate/Foundation/Http/Kernel.php(144): Illuminate/Foundation/Http/Kernel->sendRequestThroughRouter(Object(Illuminate/Http/Request))
#56 C:/xampp/htdocs/PROYECTO-MAIN-main-main/vendor/laravel/framework/src/Illuminate/Foundation/Application.php(1220): Illuminate/Foundation/Http/Kernel->handle(Object(Illuminate/Http/Request))
#57 C:/xampp/htdocs/PROYECTO-MAIN-main-main/public/index.php(20): Illuminate/Foundation/Application->handleRequest(Object(Illuminate/Http/Request))
#58 C:/xampp/htdocs/PROYECTO-MAIN-main-main/vendor/laravel/framework/src/Illuminate/Foundation/resources/server.php(23): require_once('C://xampp//htdocs...')
#59 {main}

[previous exception] [object] (ParseError(code: 0): syntax error, unexpected token \"else\", expecting end of file at C:/xampp/htdocs/PROYECTO-MAIN-main-main/storage/framework/views/ef3b83c061a4160468e1bb78f51851fc.php:473)
[stacktrace]
#0 C:/xampp/htdocs/PROYECTO-MAIN-main-main/vendor/laravel/framework/src/Illuminate/Filesystem/Filesystem.php(124): Illuminate/Filesystem/Filesystem::Illuminate/Filesystem/{closure}()
#1 C:/xampp/htdocs/PROYECTO-MAIN-main-main/vendor/laravel/framework/src/Illuminate/View/Engines/PhpEngine.php(57): Illuminate/Filesystem/Filesystem->getRequire('C://xampp//htdocs...', Array)
#2 C:/xampp/htdocs/PROYECTO-MAIN-main-main/vendor/laravel/framework/src/Illuminate/View/Engines/CompilerEngine.php(76): Illuminate/View/Engines/PhpEngine->evaluatePath('C://xampp//htdocs...', Array)
#3 C:/xampp/htdocs/PROYECTO-MAIN-main-main/vendor/laravel/framework/src/Illuminate/View/View.php(208): Illuminate/View/Engines/CompilerEngine->get('C://xampp//htdocs...', Array)
#4 C:/xampp/htdocs/PROYECTO-MAIN-main-main/vendor/laravel/framework/src/Illuminate/View/View.php(191): Illuminate/View/View->getContents()
#5 C:/xampp/htdocs/PROYECTO-MAIN-main-main/vendor/laravel/framework/src/Illuminate/View/View.php(160): Illuminate/View/View->renderContents()
#6 C:/xampp/htdocs/PROYECTO-MAIN-main-main/vendor/laravel/framework/src/Illuminate/Http/Response.php(78): Illuminate/View/View->render()
#7 C:/xampp/htdocs/PROYECTO-MAIN-main-main/vendor/laravel/framework/src/Illuminate/Http/Response.php(34): Illuminate/Http/Response->setContent(Object(Illuminate/View/View))
#8 C:/xampp/htdocs/PROYECTO-MAIN-main-main/vendor/laravel/framework/src/Illuminate/Routing/Router.php(939): Illuminate/Http/Response->__construct(Object(Illuminate/View/View), 200, Array)
#9 C:/xampp/htdocs/PROYECTO-MAIN-main-main/vendor/laravel/framework/src/Illuminate/Routing/Router.php(906): Illuminate/Routing/Router::toResponse(Object(Illuminate/Http/Request), Object(Illuminate/View/View))
#10 C:/xampp/htdocs/PROYECTO-MAIN-main-main/vendor/laravel/framework/src/Illuminate/Routing/Router.php(821): Illuminate/Routing/Router->prepareResponse(Object(Illuminate/Http/Request), Object(Illuminate/View/View))
#11 C:/xampp/htdocs/PROYECTO-MAIN-main-main/vendor/laravel/framework/src/Illuminate/Pipeline/Pipeline.php(180): Illuminate/Routing/Router->Illuminate/Routing/{closure}(Object(Illuminate/Http/Request))
#12 C:/xampp/htdocs/PROYECTO-MAIN-main-main/vendor/laravel/framework/src/Illuminate/Auth/Middleware/EnsureEmailIsVerified.php(41): Illuminate/Pipeline/Pipeline->Illuminate/Pipeline/{closure}(Object(Illuminate/Http/Request))
#13 C:/xampp/htdocs/PROYECTO-MAIN-main-main/vendor/laravel/framework/src/Illuminate/Pipeline/Pipeline.php(219): Illuminate/Auth/Middleware/EnsureEmailIsVerified->handle(Object(Illuminate/Http/Request), Object(Closure))
#14 C:/xampp/htdocs/PROYECTO-MAIN-main-main/vendor/laravel/framework/src/Illuminate/Routing/Middleware/SubstituteBindings.php(50): Illuminate/Pipeline/Pipeline->Illuminate/Pipeline/{closure}(Object(Illuminate/Http/Request))
#15 C:/xampp/htdocs/PROYECTO-MAIN-main-main/vendor/laravel/framework/src/Illuminate/Pipeline/Pipeline.php(219): Illuminate/Routing/Middleware/SubstituteBindings->handle(Object(Illuminate/Http/Request), Object(Closure))
#16 C:/xampp/htdocs/PROYECTO-MAIN-main-main/vendor/laravel/framework/src/Illuminate/Auth/Middleware/Authenticate.php(63): Illuminate/Pipeline/Pipeline->Illuminate/Pipeline/{closure}(Object(Illuminate/Http/Request))
#17 C:/xampp/htdocs/PROYECTO-MAIN-main-main/vendor/laravel/framework/src/Illuminate/Pipeline/Pipeline.php(219): Illuminate/Auth/Middleware/Authenticate->handle(Object(Illuminate/Http/Request), Object(Closure))
#18 C:/xampp/htdocs/PROYECTO-MAIN-main-main/vendor/laravel/framework/src/Illuminate/Foundation/Http/Middleware/VerifyCsrfToken.php(87): Illuminate/Pipeline/Pipeline->Illuminate/Pipeline/{closure}(Object(Illuminate/Http/Request))
#19 C:/xampp/htdocs/PROYECTO-MAIN-main-main/vendor/laravel/framework/src/Illuminate/Pipeline/Pipeline.php(219): Illuminate/Foundation/Http/Middleware/VerifyCsrfToken->handle(Object(Illuminate/Http/Request), Object(Closure))
#20 C:/xampp/htdocs/PROYECTO-MAIN-main-main/vendor/laravel/framework/src/Illuminate/View/Middleware/ShareErrorsFromSession.php(48): Illuminate/Pipeline/Pipeline->Illuminate/Pipeline/{closure}(Object(Illuminate/Http/Request))
#21 C:/xampp/htdocs/PROYECTO-MAIN-main-main/vendor/laravel/framework/src/Illuminate/Pipeline/Pipeline.php(219): Illuminate/View/Middleware/ShareErrorsFromSession->handle(Object(Illuminate/Http/Request), Object(Closure))
#22 C:/xampp/htdocs/PROYECTO-MAIN-main-main/vendor/laravel/framework/src/Illuminate/Session/Middleware/StartSession.php(120): Illuminate/Pipeline/Pipeline->Illuminate/Pipeline/{closure}(Object(Illuminate/Http/Request))
#23 C:/xampp/htdocs/PROYECTO-MAIN-main-main/vendor/laravel/framework/src/Illuminate/Session/Middleware/StartSession.php(63): Illuminate/Session/Middleware/StartSession->handleStatefulRequest(Object(Illuminate/Http/Request), Object(Illuminate/Session/Store), Object(Closure))
#24 C:/xampp/htdocs/PROYECTO-MAIN-main-main/vendor/laravel/framework/src/Illuminate/Pipeline/Pipeline.php(219): Illuminate/Session/Middleware/StartSession->handle(Object(Illuminate/Http/Request), Object(Closure))
#25 C:/xampp/htdocs/PROYECTO-MAIN-main-main/vendor/laravel/framework/src/Illuminate/Cookie/Middleware/AddQueuedCookiesToResponse.php(36): Illuminate/Pipeline/Pipeline->Illuminate/Pipeline/{closure}(Object(Illuminate/Http/Request))
#26 C:/xampp/htdocs/PROYECTO-MAIN-main-main/vendor/laravel/framework/src/Illuminate/Pipeline/Pipeline.php(219): Illuminate/Cookie/Middleware/AddQueuedCookiesToResponse->handle(Object(Illuminate/Http/Request), Object(Closure))
#27 C:/xampp/htdocs/PROYECTO-MAIN-main-main/vendor/laravel/framework/src/Illuminate/Cookie/Middleware/EncryptCookies.php(74): Illuminate/Pipeline/Pipeline->Illuminate/Pipeline/{closure}(Object(Illuminate/Http/Request))
#28 C:/xampp/htdocs/PROYECTO-MAIN-main-main/vendor/laravel/framework/src/Illuminate/Pipeline/Pipeline.php(219): Illuminate/Cookie/Middleware/EncryptCookies->handle(Object(Illuminate/Http/Request), Object(Closure))
#29 C:/xampp/htdocs/PROYECTO-MAIN-main-main/vendor/laravel/framework/src/Illuminate/Pipeline/Pipeline.php(137): Illuminate/Pipeline/Pipeline->Illuminate/Pipeline/{closure}(Object(Illuminate/Http/Request))
#30 C:/xampp/htdocs/PROYECTO-MAIN-main-main/vendor/laravel/framework/src/Illuminate/Routing/Router.php(821): Illuminate/Pipeline/Pipeline->then(Object(Closure))
#31 C:/xampp/htdocs/PROYECTO-MAIN-main-main/vendor/laravel/framework/src/Illuminate/Routing/Router.php(800): Illuminate/Routing/Router->runRouteWithinStack(Object(Illuminate/Routing/Route), Object(Illuminate/Http/Request))
#32 C:/xampp/htdocs/PROYECTO-MAIN-main-main/vendor/laravel/framework/src/Illuminate/Routing/Router.php(764): Illuminate/Routing/Router->runRoute(Object(Illuminate/Http/Request), Object(Illuminate/Routing/Route))
#33 C:/xampp/htdocs/PROYECTO-MAIN-main-main/vendor/laravel/framework/src/Illuminate/Routing/Router.php(753): Illuminate/Routing/Router->dispatchToRoute(Object(Illuminate/Http/Request))
#34 C:/xampp/htdocs/PROYECTO-MAIN-main-main/vendor/laravel/framework/src/Illuminate/Foundation/Http/Kernel.php(200): Illuminate/Routing/Router->dispatch(Object(Illuminate/Http/Request))
#35 C:/xampp/htdocs/PROYECTO-MAIN-main-main/vendor/laravel/framework/src/Illuminate/Pipeline/Pipeline.php(180): Illuminate/Foundation/Http/Kernel->Illuminate/Foundation/Http/{closure}(Object(Illuminate/Http/Request))
#36 C:/xampp/htdocs/PROYECTO-MAIN-main-main/vendor/laravel/framework/src/Illuminate/Foundation/Http/Middleware/TransformsRequest.php(21): Illuminate/Pipeline/Pipeline->Illuminate/Pipeline/{closure}(Object(Illuminate/Http/Request))
#37 C:/xampp/htdocs/PROYECTO-MAIN-main-main/vendor/laravel/framework/src/Illuminate/Foundation/Http/Middleware/ConvertEmptyStringsToNull.php(31): Illuminate/Foundation/Http/Middleware/TransformsRequest->handle(Object(Illuminate/Http/Request), Object(Closure))
#38 C:/xampp/htdocs/PROYECTO-MAIN-main-main/vendor/laravel/framework/src/Illuminate/Pipeline/Pipeline.php(219): Illuminate/Foundation/Http/Middleware/ConvertEmptyStringsToNull->handle(Object(Illuminate/Http/Request), Object(Closure))
#39 C:/xampp/htdocs/PROYECTO-MAIN-main-main/vendor/laravel/framework/src/Illuminate/Foundation/Http/Middleware/TransformsRequest.php(21): Illuminate/Pipeline/Pipeline->Illuminate/Pipeline/{closure}(Object(Illuminate/Http/Request))
#40 C:/xampp/htdocs/PROYECTO-MAIN-main-main/vendor/laravel/framework/src/Illuminate/Foundation/Http/Middleware/TrimStrings.php(51): Illuminate/Foundation/Http/Middleware/TransformsRequest->handle(Object(Illuminate/Http/Request), Object(Closure))
#41 C:/xampp/htdocs/PROYECTO-MAIN-main-main/vendor/laravel/framework/src/Illuminate/Pipeline/Pipeline.php(219): Illuminate/Foundation/Http/Middleware/TrimStrings->handle(Object(Illuminate/Http/Request), Object(Closure))
#42 C:/xampp/htdocs/PROYECTO-MAIN-main-main/vendor/laravel/framework/src/Illuminate/Http/Middleware/ValidatePostSize.php(27): Illuminate/Pipeline/Pipeline->Illuminate/Pipeline/{closure}(Object(Illuminate/Http/Request))
#43 C:/xampp/htdocs/PROYECTO-MAIN-main-main/vendor/laravel/framework/src/Illuminate/Pipeline/Pipeline.php(219): Illuminate/Http/Middleware/ValidatePostSize->handle(Object(Illuminate/Http/Request), Object(Closure))
#44 C:/xampp/htdocs/PROYECTO-MAIN-main-main/vendor/laravel/framework/src/Illuminate/Foundation/Http/Middleware/PreventRequestsDuringMaintenance.php(109): Illuminate/Pipeline/Pipeline->Illuminate/Pipeline/{closure}(Object(Illuminate/Http/Request))
#45 C:/xampp/htdocs/PROYECTO-MAIN-main-main/vendor/laravel/framework/src/Illuminate/Pipeline/Pipeline.php(219): Illuminate/Foundation/Http/Middleware/PreventRequestsDuringMaintenance->handle(Object(Illuminate/Http/Request), Object(Closure))
#46 C:/xampp/htdocs/PROYECTO-MAIN-main-main/vendor/laravel/framework/src/Illuminate/Http/Middleware/HandleCors.php(61): Illuminate/Pipeline/Pipeline->Illuminate/Pipeline/{closure}(Object(Illuminate/Http/Request))
#47 C:/xampp/htdocs/PROYECTO-MAIN-main-main/vendor/laravel/framework/src/Illuminate/Pipeline/Pipeline.php(219): Illuminate/Http/Middleware/HandleCors->handle(Object(Illuminate/Http/Request), Object(Closure))
#48 C:/xampp/htdocs/PROYECTO-MAIN-main-main/vendor/laravel/framework/src/Illuminate/Http/Middleware/TrustProxies.php(58): Illuminate/Pipeline/Pipeline->Illuminate/Pipeline/{closure}(Object(Illuminate/Http/Request))
#49 C:/xampp/htdocs/PROYECTO-MAIN-main-main/vendor/laravel/framework/src/Illuminate/Pipeline/Pipeline.php(219): Illuminate/Http/Middleware/TrustProxies->handle(Object(Illuminate/Http/Request), Object(Closure))
#50 C:/xampp/htdocs/PROYECTO-MAIN-main-main/vendor/laravel/framework/src/Illuminate/Foundation/Http/Middleware/InvokeDeferredCallbacks.php(22): Illuminate/Pipeline/Pipeline->Illuminate/Pipeline/{closure}(Object(Illuminate/Http/Request))
#51 C:/xampp/htdocs/PROYECTO-MAIN-main-main/vendor/laravel/framework/src/Illuminate/Pipeline/Pipeline.php(219): Illuminate/Foundation/Http/Middleware/InvokeDeferredCallbacks->handle(Object(Illuminate/Http/Request), Object(Closure))
#52 C:/xampp/htdocs/PROYECTO-MAIN-main-main/vendor/laravel/framework/src/Illuminate/Http/Middleware/ValidatePathEncoding.php(26): Illuminate/Pipeline/Pipeline->Illuminate/Pipeline/{closure}(Object(Illuminate/Http/Request))
#53 C:/xampp/htdocs/PROYECTO-MAIN-main-main/vendor/laravel/framework/src/Illuminate/Pipeline/Pipeline.php(219): Illuminate/Http/Middleware/ValidatePathEncoding->handle(Object(Illuminate/Http/Request), Object(Closure))
#54 C:/xampp/htdocs/PROYECTO-MAIN-main-main/vendor/laravel/framework/src/Illuminate/Pipeline/Pipeline.php(137): Illuminate/Pipeline/Pipeline->Illuminate/Pipeline/{closure}(Object(Illuminate/Http/Request))
#55 C:/xampp/htdocs/PROYECTO-MAIN-main-main/vendor/laravel/framework/src/Illuminate/Foundation/Http/Kernel.php(175): Illuminate/Pipeline/Pipeline->then(Object(Closure))
#56 C:/xampp/htdocs/PROYECTO-MAIN-main-main/vendor/laravel/framework/src/Illuminate/Foundation/Http/Kernel.php(144): Illuminate/Foundation/Http/Kernel->sendRequestThroughRouter(Object(Illuminate/Http/Request))
#57 C:/xampp/htdocs/PROYECTO-MAIN-main-main/vendor/laravel/framework/src/Illuminate/Foundation/Application.php(1220): Illuminate/Foundation/Http/Kernel->handle(Object(Illuminate/Http/Request))
#58 C:/xampp/htdocs/PROYECTO-MAIN-main-main/public/index.php(20): Illuminate/Foundation/Application->handleRequest(Object(Illuminate/Http/Request))
#59 C:/xampp/htdocs/PROYECTO-MAIN-main-main/vendor/laravel/framework/src/Illuminate/Foundation/resources/server.php(23): require_once('C://xampp//htdocs...')
#60 {main}
"} 
[2026-06-09 19:26:29] local.ERROR: syntax error, unexpected token "else", expecting end of file (View: C:\xampp\htdocs\PROYECTO-MAIN-main-main\resources\views\dashboard.blade.php) {"userId":1,"exception":"[object] (Illuminate\\View\\ViewException(code: 0): syntax error, unexpected token \"else\", expecting end of file (View: C:\\xampp\\htdocs\\PROYECTO-MAIN-main-main\\resources\\views\\dashboard.blade.php) at C:/xampp/htdocs/PROYECTO-MAIN-main-main/storage/framework/views/ef3b83c061a4160468e1bb78f51851fc.php:474)
[stacktrace]
#0 C:/xampp/htdocs/PROYECTO-MAIN-main-main/vendor/laravel/framework/src/Illuminate/View/Engines/PhpEngine.php(59): Illuminate/View/Engines/CompilerEngine->handleViewException(Object(ParseError), 1)
#1 C:/xampp/htdocs/PROYECTO-MAIN-main-main/vendor/laravel/framework/src/Illuminate/View/Engines/CompilerEngine.php(76): Illuminate/View/Engines/PhpEngine->evaluatePath('C://xampp//htdocs...', Array)
#2 C:/xampp/htdocs/PROYECTO-MAIN-main-main/vendor/laravel/framework/src/Illuminate/View/View.php(208): Illuminate/View/Engines/CompilerEngine->get('C://xampp//htdocs...', Array)
#3 C:/xampp/htdocs/PROYECTO-MAIN-main-main/vendor/laravel/framework/src/Illuminate/View/View.php(191): Illuminate/View/View->getContents()
#4 C:/xampp/htdocs/PROYECTO-MAIN-main-main/vendor/laravel/framework/src/Illuminate/View/View.php(160): Illuminate/View/View->renderContents()
#5 C:/xampp/htdocs/PROYECTO-MAIN-main-main/vendor/laravel/framework/src/Illuminate/Http/Response.php(78): Illuminate/View/View->render()
#6 C:/xampp/htdocs/PROYECTO-MAIN-main-main/vendor/laravel/framework/src/Illuminate/Http/Response.php(34): Illuminate/Http/Response->setContent(Object(Illuminate/View/View))
#7 C:/xampp/htdocs/PROYECTO-MAIN-main-main/vendor/laravel/framework/src/Illuminate/Routing/Router.php(939): Illuminate/Http/Response->__construct(Object(Illuminate/View/View), 200, Array)
#8 C:/xampp/htdocs/PROYECTO-MAIN-main-main/vendor/laravel/framework/src/Illuminate/Routing/Router.php(906): Illuminate/Routing/Router::toResponse(Object(Illuminate/Http/Request), Object(Illuminate/View/View))
#9 C:/xampp/htdocs/PROYECTO-MAIN-main-main/vendor/laravel/framework/src/Illuminate/Routing/Router.php(821): Illuminate/Routing/Router->prepareResponse(Object(Illuminate/Http/Request), Object(Illuminate/View/View))
#10 C:/xampp/htdocs/PROYECTO-MAIN-main-main/vendor/laravel/framework/src/Illuminate/Pipeline/Pipeline.php(180): Illuminate/Routing/Router->Illuminate/Routing/{closure}(Object(Illuminate/Http/Request))
#11 C:/xampp/htdocs/PROYECTO-MAIN-main-main/vendor/laravel/framework/src/Illuminate/Auth/Middleware/EnsureEmailIsVerified.php(41): Illuminate/Pipeline/Pipeline->Illuminate/Pipeline/{closure}(Object(Illuminate/Http/Request))
#12 C:/xampp/htdocs/PROYECTO-MAIN-main-main/vendor/laravel/framework/src/Illuminate/Pipeline/Pipeline.php(219): Illuminate/Auth/Middleware/EnsureEmailIsVerified->handle(Object(Illuminate/Http/Request), Object(Closure))
#13 C:/xampp/htdocs/PROYECTO-MAIN-main-main/vendor/laravel/framework/src/Illuminate/Routing/Middleware/SubstituteBindings.php(50): Illuminate/Pipeline/Pipeline->Illuminate/Pipeline/{closure}(Object(Illuminate/Http/Request))
#14 C:/xampp/htdocs/PROYECTO-MAIN-main-main/vendor/laravel/framework/src/Illuminate/Pipeline/Pipeline.php(219): Illuminate/Routing/Middleware/SubstituteBindings->handle(Object(Illuminate/Http/Request), Object(Closure))
#15 C:/xampp/htdocs/PROYECTO-MAIN-main-main/vendor/laravel/framework/src/Illuminate/Auth/Middleware/Authenticate.php(63): Illuminate/Pipeline/Pipeline->Illuminate/Pipeline/{closure}(Object(Illuminate/Http/Request))
#16 C:/xampp/htdocs/PROYECTO-MAIN-main-main/vendor/laravel/framework/src/Illuminate/Pipeline/Pipeline.php(219): Illuminate/Auth/Middleware/Authenticate->handle(Object(Illuminate/Http/Request), Object(Closure))
#17 C:/xampp/htdocs/PROYECTO-MAIN-main-main/vendor/laravel/framework/src/Illuminate/Foundation/Http/Middleware/VerifyCsrfToken.php(87): Illuminate/Pipeline/Pipeline->Illuminate/Pipeline/{closure}(Object(Illuminate/Http/Request))
#18 C:/xampp/htdocs/PROYECTO-MAIN-main-main/vendor/laravel/framework/src/Illuminate/Pipeline/Pipeline.php(219): Illuminate/Foundation/Http/Middleware/VerifyCsrfToken->handle(Object(Illuminate/Http/Request), Object(Closure))
#19 C:/xampp/htdocs/PROYECTO-MAIN-main-main/vendor/laravel/framework/src/Illuminate/View/Middleware/ShareErrorsFromSession.php(48): Illuminate/Pipeline/Pipeline->Illuminate/Pipeline/{closure}(Object(Illuminate/Http/Request))
#20 C:/xampp/htdocs/PROYECTO-MAIN-main-main/vendor/laravel/framework/src/Illuminate/Pipeline/Pipeline.php(219): Illuminate/View/Middleware/ShareErrorsFromSession->handle(Object(Illuminate/Http/Request), Object(Closure))
#21 C:/xampp/htdocs/PROYECTO-MAIN-main-main/vendor/laravel/framework/src/Illuminate/Session/Middleware/StartSession.php(120): Illuminate/Pipeline/Pipeline->Illuminate/Pipeline/{closure}(Object(Illuminate/Http/Request))
#22 C:/xampp/htdocs/PROYECTO-MAIN-main-main/vendor/laravel/framework/src/Illuminate/Session/Middleware/StartSession.php(63): Illuminate/Session/Middleware/StartSession->handleStatefulRequest(Object(Illuminate/Http/Request), Object(Illuminate/Session/Store), Object(Closure))
#23 C:/xampp/htdocs/PROYECTO-MAIN-main-main/vendor/laravel/framework/src/Illuminate/Pipeline/Pipeline.php(219): Illuminate/Session/Middleware/StartSession->handle(Object(Illuminate/Http/Request), Object(Closure))
#24 C:/xampp/htdocs/PROYECTO-MAIN-main-main/vendor/laravel/framework/src/Illuminate/Cookie/Middleware/AddQueuedCookiesToResponse.php(36): Illuminate/Pipeline/Pipeline->Illuminate/Pipeline/{closure}(Object(Illuminate/Http/Request))
#25 C:/xampp/htdocs/PROYECTO-MAIN-main-main/vendor/laravel/framework/src/Illuminate/Pipeline/Pipeline.php(219): Illuminate/Cookie/Middleware/AddQueuedCookiesToResponse->handle(Object(Illuminate/Http/Request), Object(Closure))
#26 C:/xampp/htdocs/PROYECTO-MAIN-main-main/vendor/laravel/framework/src/Illuminate/Cookie/Middleware/EncryptCookies.php(74): Illuminate/Pipeline/Pipeline->Illuminate/Pipeline/{closure}(Object(Illuminate/Http/Request))
#27 C:/xampp/htdocs/PROYECTO-MAIN-main-main/vendor/laravel/framework/src/Illuminate/Pipeline/Pipeline.php(219): Illuminate/Cookie/Middleware/EncryptCookies->handle(Object(Illuminate/Http/Request), Object(Closure))
#28 C:/xampp/htdocs/PROYECTO-MAIN-main-main/vendor/laravel/framework/src/Illuminate/Pipeline/Pipeline.php(137): Illuminate/Pipeline/Pipeline->Illuminate/Pipeline/{closure}(Object(Illuminate/Http/Request))
#29 C:/xampp/htdocs/PROYECTO-MAIN-main-main/vendor/laravel/framework/src/Illuminate/Routing/Router.php(821): Illuminate/Pipeline/Pipeline->then(Object(Closure))
#30 C:/xampp/htdocs/PROYECTO-MAIN-main-main/vendor/laravel/framework/src/Illuminate/Routing/Router.php(800): Illuminate/Routing/Router->runRouteWithinStack(Object(Illuminate/Routing/Route), Object(Illuminate/Http/Request))
#31 C:/xampp/htdocs/PROYECTO-MAIN-main-main/vendor/laravel/framework/src/Illuminate/Routing/Router.php(764): Illuminate/Routing/Router->runRoute(Object(Illuminate/Http/Request), Object(Illuminate/Routing/Route))
#32 C:/xampp/htdocs/PROYECTO-MAIN-main-main/vendor/laravel/framework/src/Illuminate/Routing/Router.php(753): Illuminate/Routing/Router->dispatchToRoute(Object(Illuminate/Http/Request))
#33 C:/xampp/htdocs/PROYECTO-MAIN-main-main/vendor/laravel/framework/src/Illuminate/Foundation/Http/Kernel.php(200): Illuminate/Routing/Router->dispatch(Object(Illuminate/Http/Request))
#34 C:/xampp/htdocs/PROYECTO-MAIN-main-main/vendor/laravel/framework/src/Illuminate/Pipeline/Pipeline.php(180): Illuminate/Foundation/Http/Kernel->Illuminate/Foundation/Http/{closure}(Object(Illuminate/Http/Request))
#35 C:/xampp/htdocs/PROYECTO-MAIN-main-main/vendor/laravel/framework/src/Illuminate/Foundation/Http/Middleware/TransformsRequest.php(21): Illuminate/Pipeline/Pipeline->Illuminate/Pipeline/{closure}(Object(Illuminate/Http/Request))
#36 C:/xampp/htdocs/PROYECTO-MAIN-main-main/vendor/laravel/framework/src/Illuminate/Foundation/Http/Middleware/ConvertEmptyStringsToNull.php(31): Illuminate/Foundation/Http/Middleware/TransformsRequest->handle(Object(Illuminate/Http/Request), Object(Closure))
#37 C:/xampp/htdocs/PROYECTO-MAIN-main-main/vendor/laravel/framework/src/Illuminate/Pipeline/Pipeline.php(219): Illuminate/Foundation/Http/Middleware/ConvertEmptyStringsToNull->handle(Object(Illuminate/Http/Request), Object(Closure))
#38 C:/xampp/htdocs/PROYECTO-MAIN-main-main/vendor/laravel/framework/src/Illuminate/Foundation/Http/Middleware/TransformsRequest.php(21): Illuminate/Pipeline/Pipeline->Illuminate/Pipeline/{closure}(Object(Illuminate/Http/Request))
#39 C:/xampp/htdocs/PROYECTO-MAIN-main-main/vendor/laravel/framework/src/Illuminate/Foundation/Http/Middleware/TrimStrings.php(51): Illuminate/Foundation/Http/Middleware/TransformsRequest->handle(Object(Illuminate/Http/Request), Object(Closure))
#40 C:/xampp/htdocs/PROYECTO-MAIN-main-main/vendor/laravel/framework/src/Illuminate/Pipeline/Pipeline.php(219): Illuminate/Foundation/Http/Middleware/TrimStrings->handle(Object(Illuminate/Http/Request), Object(Closure))
#41 C:/xampp/htdocs/PROYECTO-MAIN-main-main/vendor/laravel/framework/src/Illuminate/Http/Middleware/ValidatePostSize.php(27): Illuminate/Pipeline/Pipeline->Illuminate/Pipeline/{closure}(Object(Illuminate/Http/Request))
#42 C:/xampp/htdocs/PROYECTO-MAIN-main-main/vendor/laravel/framework/src/Illuminate/Pipeline/Pipeline.php(219): Illuminate/Http/Middleware/ValidatePostSize->handle(Object(Illuminate/Http/Request), Object(Closure))
#43 C:/xampp/htdocs/PROYECTO-MAIN-main-main/vendor/laravel/framework/src/Illuminate/Foundation/Http/Middleware/PreventRequestsDuringMaintenance.php(109): Illuminate/Pipeline/Pipeline->Illuminate/Pipeline/{closure}(Object(Illuminate/Http/Request))
#44 C:/xampp/htdocs/PROYECTO-MAIN-main-main/vendor/laravel/framework/src/Illuminate/Pipeline/Pipeline.php(219): Illuminate/Foundation/Http/Middleware/PreventRequestsDuringMaintenance->handle(Object(Illuminate/Http/Request), Object(Closure))
#45 C:/xampp/htdocs/PROYECTO-MAIN-main-main/vendor/laravel/framework/src/Illuminate/Http/Middleware/HandleCors.php(61): Illuminate/Pipeline/Pipeline->Illuminate/Pipeline/{closure}(Object(Illuminate/Http/Request))
#46 C:/xampp/htdocs/PROYECTO-MAIN-main-main/vendor/laravel/framework/src/Illuminate/Pipeline/Pipeline.php(219): Illuminate/Http/Middleware/HandleCors->handle(Object(Illuminate/Http/Request), Object(Closure))
#47 C:/xampp/htdocs/PROYECTO-MAIN-main-main/vendor/laravel/framework/src/Illuminate/Http/Middleware/TrustProxies.php(58): Illuminate/Pipeline/Pipeline->Illuminate/Pipeline/{closure}(Object(Illuminate/Http/Request))
#48 C:/xampp/htdocs/PROYECTO-MAIN-main-main/vendor/laravel/framework/src/Illuminate/Pipeline/Pipeline.php(219): Illuminate/Http/Middleware/TrustProxies->handle(Object(Illuminate/Http/Request), Object(Closure))
#49 C:/xampp/htdocs/PROYECTO-MAIN-main-main/vendor/laravel/framework/src/Illuminate/Foundation/Http/Middleware/InvokeDeferredCallbacks.php(22): Illuminate/Pipeline/Pipeline->Illuminate/Pipeline/{closure}(Object(Illuminate/Http/Request))
#50 C:/xampp/htdocs/PROYECTO-MAIN-main-main/vendor/laravel/framework/src/Illuminate/Pipeline/Pipeline.php(219): Illuminate/Foundation/Http/Middleware/InvokeDeferredCallbacks->handle(Object(Illuminate/Http/Request), Object(Closure))
#51 C:/xampp/htdocs/PROYECTO-MAIN-main-main/vendor/laravel/framework/src/Illuminate/Http/Middleware/ValidatePathEncoding.php(26): Illuminate/Pipeline/Pipeline->Illuminate/Pipeline/{closure}(Object(Illuminate/Http/Request))
#52 C:/xampp/htdocs/PROYECTO-MAIN-main-main/vendor/laravel/framework/src/Illuminate/Pipeline/Pipeline.php(219): Illuminate/Http/Middleware/ValidatePathEncoding->handle(Object(Illuminate/Http/Request), Object(Closure))
#53 C:/xampp/htdocs/PROYECTO-MAIN-main-main/vendor/laravel/framework/src/Illuminate/Pipeline/Pipeline.php(137): Illuminate/Pipeline/Pipeline->Illuminate/Pipeline/{closure}(Object(Illuminate/Http/Request))
#54 C:/xampp/htdocs/PROYECTO-MAIN-main-main/vendor/laravel/framework/src/Illuminate/Foundation/Http/Kernel.php(175): Illuminate/Pipeline/Pipeline->then(Object(Closure))
#55 C:/xampp/htdocs/PROYECTO-MAIN-main-main/vendor/laravel/framework/src/Illuminate/Foundation/Http/Kernel.php(144): Illuminate/Foundation/Http/Kernel->sendRequestThroughRouter(Object(Illuminate/Http/Request))
#56 C:/xampp/htdocs/PROYECTO-MAIN-main-main/vendor/laravel/framework/src/Illuminate/Foundation/Application.php(1220): Illuminate/Foundation/Http/Kernel->handle(Object(Illuminate/Http/Request))
#57 C:/xampp/htdocs/PROYECTO-MAIN-main-main/public/index.php(20): Illuminate/Foundation/Application->handleRequest(Object(Illuminate/Http/Request))
#58 C:/xampp/htdocs/PROYECTO-MAIN-main-main/vendor/laravel/framework/src/Illuminate/Foundation/resources/server.php(23): require_once('C://xampp//htdocs...')
#59 {main}

[previous exception] [object] (ParseError(code: 0): syntax error, unexpected token \"else\", expecting end of file at C:/xampp/htdocs/PROYECTO-MAIN-main-main/storage/framework/views/ef3b83c061a4160468e1bb78f51851fc.php:474)
[stacktrace]
#0 C:/xampp/htdocs/PROYECTO-MAIN-main-main/vendor/laravel/framework/src/Illuminate/Filesystem/Filesystem.php(124): Illuminate/Filesystem/Filesystem::Illuminate/Filesystem/{closure}()
#1 C:/xampp/htdocs/PROYECTO-MAIN-main-main/vendor/laravel/framework/src/Illuminate/View/Engines/PhpEngine.php(57): Illuminate/Filesystem/Filesystem->getRequire('C://xampp//htdocs...', Array)
#2 C:/xampp/htdocs/PROYECTO-MAIN-main-main/vendor/laravel/framework/src/Illuminate/View/Engines/CompilerEngine.php(76): Illuminate/View/Engines/PhpEngine->evaluatePath('C://xampp//htdocs...', Array)
#3 C:/xampp/htdocs/PROYECTO-MAIN-main-main/vendor/laravel/framework/src/Illuminate/View/View.php(208): Illuminate/View/Engines/CompilerEngine->get('C://xampp//htdocs...', Array)
#4 C:/xampp/htdocs/PROYECTO-MAIN-main-main/vendor/laravel/framework/src/Illuminate/View/View.php(191): Illuminate/View/View->getContents()
#5 C:/xampp/htdocs/PROYECTO-MAIN-main-main/vendor/laravel/framework/src/Illuminate/View/View.php(160): Illuminate/View/View->renderContents()
#6 C:/xampp/htdocs/PROYECTO-MAIN-main-main/vendor/laravel/framework/src/Illuminate/Http/Response.php(78): Illuminate/View/View->render()
#7 C:/xampp/htdocs/PROYECTO-MAIN-main-main/vendor/laravel/framework/src/Illuminate/Http/Response.php(34): Illuminate/Http/Response->setContent(Object(Illuminate/View/View))
#8 C:/xampp/htdocs/PROYECTO-MAIN-main-main/vendor/laravel/framework/src/Illuminate/Routing/Router.php(939): Illuminate/Http/Response->__construct(Object(Illuminate/View/View), 200, Array)
#9 C:/xampp/htdocs/PROYECTO-MAIN-main-main/vendor/laravel/framework/src/Illuminate/Routing/Router.php(906): Illuminate/Routing/Router::toResponse(Object(Illuminate/Http/Request), Object(Illuminate/View/View))
#10 C:/xampp/htdocs/PROYECTO-MAIN-main-main/vendor/laravel/framework/src/Illuminate/Routing/Router.php(821): Illuminate/Routing/Router->prepareResponse(Object(Illuminate/Http/Request), Object(Illuminate/View/View))
#11 C:/xampp/htdocs/PROYECTO-MAIN-main-main/vendor/laravel/framework/src/Illuminate/Pipeline/Pipeline.php(180): Illuminate/Routing/Router->Illuminate/Routing/{closure}(Object(Illuminate/Http/Request))
#12 C:/xampp/htdocs/PROYECTO-MAIN-main-main/vendor/laravel/framework/src/Illuminate/Auth/Middleware/EnsureEmailIsVerified.php(41): Illuminate/Pipeline/Pipeline->Illuminate/Pipeline/{closure}(Object(Illuminate/Http/Request))
#13 C:/xampp/htdocs/PROYECTO-MAIN-main-main/vendor/laravel/framework/src/Illuminate/Pipeline/Pipeline.php(219): Illuminate/Auth/Middleware/EnsureEmailIsVerified->handle(Object(Illuminate/Http/Request), Object(Closure))
#14 C:/xampp/htdocs/PROYECTO-MAIN-main-main/vendor/laravel/framework/src/Illuminate/Routing/Middleware/SubstituteBindings.php(50): Illuminate/Pipeline/Pipeline->Illuminate/Pipeline/{closure}(Object(Illuminate/Http/Request))
#15 C:/xampp/htdocs/PROYECTO-MAIN-main-main/vendor/laravel/framework/src/Illuminate/Pipeline/Pipeline.php(219): Illuminate/Routing/Middleware/SubstituteBindings->handle(Object(Illuminate/Http/Request), Object(Closure))
#16 C:/xampp/htdocs/PROYECTO-MAIN-main-main/vendor/laravel/framework/src/Illuminate/Auth/Middleware/Authenticate.php(63): Illuminate/Pipeline/Pipeline->Illuminate/Pipeline/{closure}(Object(Illuminate/Http/Request))
#17 C:/xampp/htdocs/PROYECTO-MAIN-main-main/vendor/laravel/framework/src/Illuminate/Pipeline/Pipeline.php(219): Illuminate/Auth/Middleware/Authenticate->handle(Object(Illuminate/Http/Request), Object(Closure))
#18 C:/xampp/htdocs/PROYECTO-MAIN-main-main/vendor/laravel/framework/src/Illuminate/Foundation/Http/Middleware/VerifyCsrfToken.php(87): Illuminate/Pipeline/Pipeline->Illuminate/Pipeline/{closure}(Object(Illuminate/Http/Request))
#19 C:/xampp/htdocs/PROYECTO-MAIN-main-main/vendor/laravel/framework/src/Illuminate/Pipeline/Pipeline.php(219): Illuminate/Foundation/Http/Middleware/VerifyCsrfToken->handle(Object(Illuminate/Http/Request), Object(Closure))
#20 C:/xampp/htdocs/PROYECTO-MAIN-main-main/vendor/laravel/framework/src/Illuminate/View/Middleware/ShareErrorsFromSession.php(48): Illuminate/Pipeline/Pipeline->Illuminate/Pipeline/{closure}(Object(Illuminate/Http/Request))
#21 C:/xampp/htdocs/PROYECTO-MAIN-main-main/vendor/laravel/framework/src/Illuminate/Pipeline/Pipeline.php(219): Illuminate/View/Middleware/ShareErrorsFromSession->handle(Object(Illuminate/Http/Request), Object(Closure))
#22 C:/xampp/htdocs/PROYECTO-MAIN-main-main/vendor/laravel/framework/src/Illuminate/Session/Middleware/StartSession.php(120): Illuminate/Pipeline/Pipeline->Illuminate/Pipeline/{closure}(Object(Illuminate/Http/Request))
#23 C:/xampp/htdocs/PROYECTO-MAIN-main-main/vendor/laravel/framework/src/Illuminate/Session/Middleware/StartSession.php(63): Illuminate/Session/Middleware/StartSession->handleStatefulRequest(Object(Illuminate/Http/Request), Object(Illuminate/Session/Store), Object(Closure))
#24 C:/xampp/htdocs/PROYECTO-MAIN-main-main/vendor/laravel/framework/src/Illuminate/Pipeline/Pipeline.php(219): Illuminate/Session/Middleware/StartSession->handle(Object(Illuminate/Http/Request), Object(Closure))
#25 C:/xampp/htdocs/PROYECTO-MAIN-main-main/vendor/laravel/framework/src/Illuminate/Cookie/Middleware/AddQueuedCookiesToResponse.php(36): Illuminate/Pipeline/Pipeline->Illuminate/Pipeline/{closure}(Object(Illuminate/Http/Request))
#26 C:/xampp/htdocs/PROYECTO-MAIN-main-main/vendor/laravel/framework/src/Illuminate/Pipeline/Pipeline.php(219): Illuminate/Cookie/Middleware/AddQueuedCookiesToResponse->handle(Object(Illuminate/Http/Request), Object(Closure))
#27 C:/xampp/htdocs/PROYECTO-MAIN-main-main/vendor/laravel/framework/src/Illuminate/Cookie/Middleware/EncryptCookies.php(74): Illuminate/Pipeline/Pipeline->Illuminate/Pipeline/{closure}(Object(Illuminate/Http/Request))
#28 C:/xampp/htdocs/PROYECTO-MAIN-main-main/vendor/laravel/framework/src/Illuminate/Pipeline/Pipeline.php(219): Illuminate/Cookie/Middleware/EncryptCookies->handle(Object(Illuminate/Http/Request), Object(Closure))
#29 C:/xampp/htdocs/PROYECTO-MAIN-main-main/vendor/laravel/framework/src/Illuminate/Pipeline/Pipeline.php(137): Illuminate/Pipeline/Pipeline->Illuminate/Pipeline/{closure}(Object(Illuminate/Http/Request))
#30 C:/xampp/htdocs/PROYECTO-MAIN-main-main/vendor/laravel/framework/src/Illuminate/Routing/Router.php(821): Illuminate/Pipeline/Pipeline->then(Object(Closure))
#31 C:/xampp/htdocs/PROYECTO-MAIN-main-main/vendor/laravel/framework/src/Illuminate/Routing/Router.php(800): Illuminate/Routing/Router->runRouteWithinStack(Object(Illuminate/Routing/Route), Object(Illuminate/Http/Request))
#32 C:/xampp/htdocs/PROYECTO-MAIN-main-main/vendor/laravel/framework/src/Illuminate/Routing/Router.php(764): Illuminate/Routing/Router->runRoute(Object(Illuminate/Http/Request), Object(Illuminate/Routing/Route))
#33 C:/xampp/htdocs/PROYECTO-MAIN-main-main/vendor/laravel/framework/src/Illuminate/Routing/Router.php(753): Illuminate/Routing/Router->dispatchToRoute(Object(Illuminate/Http/Request))
#34 C:/xampp/htdocs/PROYECTO-MAIN-main-main/vendor/laravel/framework/src/Illuminate/Foundation/Http/Kernel.php(200): Illuminate/Routing/Router->dispatch(Object(Illuminate/Http/Request))
#35 C:/xampp/htdocs/PROYECTO-MAIN-main-main/vendor/laravel/framework/src/Illuminate/Pipeline/Pipeline.php(180): Illuminate/Foundation/Http/Kernel->Illuminate/Foundation/Http/{closure}(Object(Illuminate/Http/Request))
#36 C:/xampp/htdocs/PROYECTO-MAIN-main-main/vendor/laravel/framework/src/Illuminate/Foundation/Http/Middleware/TransformsRequest.php(21): Illuminate/Pipeline/Pipeline->Illuminate/Pipeline/{closure}(Object(Illuminate/Http/Request))
#37 C:/xampp/htdocs/PROYECTO-MAIN-main-main/vendor/laravel/framework/src/Illuminate/Foundation/Http/Middleware/ConvertEmptyStringsToNull.php(31): Illuminate/Foundation/Http/Middleware/TransformsRequest->handle(Object(Illuminate/Http/Request), Object(Closure))
#38 C:/xampp/htdocs/PROYECTO-MAIN-main-main/vendor/laravel/framework/src/Illuminate/Pipeline/Pipeline.php(219): Illuminate/Foundation/Http/Middleware/ConvertEmptyStringsToNull->handle(Object(Illuminate/Http/Request), Object(Closure))
#39 C:/xampp/htdocs/PROYECTO-MAIN-main-main/vendor/laravel/framework/src/Illuminate/Foundation/Http/Middleware/TransformsRequest.php(21): Illuminate/Pipeline/Pipeline->Illuminate/Pipeline/{closure}(Object(Illuminate/Http/Request))
#40 C:/xampp/htdocs/PROYECTO-MAIN-main-main/vendor/laravel/framework/src/Illuminate/Foundation/Http/Middleware/TrimStrings.php(51): Illuminate/Foundation/Http/Middleware/TransformsRequest->handle(Object(Illuminate/Http/Request), Object(Closure))
#41 C:/xampp/htdocs/PROYECTO-MAIN-main-main/vendor/laravel/framework/src/Illuminate/Pipeline/Pipeline.php(219): Illuminate/Foundation/Http/Middleware/TrimStrings->handle(Object(Illuminate/Http/Request), Object(Closure))
#42 C:/xampp/htdocs/PROYECTO-MAIN-main-main/vendor/laravel/framework/src/Illuminate/Http/Middleware/ValidatePostSize.php(27): Illuminate/Pipeline/Pipeline->Illuminate/Pipeline/{closure}(Object(Illuminate/Http/Request))
#43 C:/xampp/htdocs/PROYECTO-MAIN-main-main/vendor/laravel/framework/src/Illuminate/Pipeline/Pipeline.php(219): Illuminate/Http/Middleware/ValidatePostSize->handle(Object(Illuminate/Http/Request), Object(Closure))
#44 C:/xampp/htdocs/PROYECTO-MAIN-main-main/vendor/laravel/framework/src/Illuminate/Foundation/Http/Middleware/PreventRequestsDuringMaintenance.php(109): Illuminate/Pipeline/Pipeline->Illuminate/Pipeline/{closure}(Object(Illuminate/Http/Request))
#45 C:/xampp/htdocs/PROYECTO-MAIN-main-main/vendor/laravel/framework/src/Illuminate/Pipeline/Pipeline.php(219): Illuminate/Foundation/Http/Middleware/PreventRequestsDuringMaintenance->handle(Object(Illuminate/Http/Request), Object(Closure))
#46 C:/xampp/htdocs/PROYECTO-MAIN-main-main/vendor/laravel/framework/src/Illuminate/Http/Middleware/HandleCors.php(61): Illuminate/Pipeline/Pipeline->Illuminate/Pipeline/{closure}(Object(Illuminate/Http/Request))
#47 C:/xampp/htdocs/PROYECTO-MAIN-main-main/vendor/laravel/framework/src/Illuminate/Pipeline/Pipeline.php(219): Illuminate/Http/Middleware/HandleCors->handle(Object(Illuminate/Http/Request), Object(Closure))
#48 C:/xampp/htdocs/PROYECTO-MAIN-main-main/vendor/laravel/framework/src/Illuminate/Http/Middleware/TrustProxies.php(58): Illuminate/Pipeline/Pipeline->Illuminate/Pipeline/{closure}(Object(Illuminate/Http/Request))
#49 C:/xampp/htdocs/PROYECTO-MAIN-main-main/vendor/laravel/framework/src/Illuminate/Pipeline/Pipeline.php(219): Illuminate/Http/Middleware/TrustProxies->handle(Object(Illuminate/Http/Request), Object(Closure))
#50 C:/xampp/htdocs/PROYECTO-MAIN-main-main/vendor/laravel/framework/src/Illuminate/Foundation/Http/Middleware/InvokeDeferredCallbacks.php(22): Illuminate/Pipeline/Pipeline->Illuminate/Pipeline/{closure}(Object(Illuminate/Http/Request))
#51 C:/xampp/htdocs/PROYECTO-MAIN-main-main/vendor/laravel/framework/src/Illuminate/Pipeline/Pipeline.php(219): Illuminate/Foundation/Http/Middleware/InvokeDeferredCallbacks->handle(Object(Illuminate/Http/Request), Object(Closure))
#52 C:/xampp/htdocs/PROYECTO-MAIN-main-main/vendor/laravel/framework/src/Illuminate/Http/Middleware/ValidatePathEncoding.php(26): Illuminate/Pipeline/Pipeline->Illuminate/Pipeline/{closure}(Object(Illuminate/Http/Request))
#53 C:/xampp/htdocs/PROYECTO-MAIN-main-main/vendor/laravel/framework/src/Illuminate/Pipeline/Pipeline.php(219): Illuminate/Http/Middleware/ValidatePathEncoding->handle(Object(Illuminate/Http/Request), Object(Closure))
#54 C:/xampp/htdocs/PROYECTO-MAIN-main-main/vendor/laravel/framework/src/Illuminate/Pipeline/Pipeline.php(137): Illuminate/Pipeline/Pipeline->Illuminate/Pipeline/{closure}(Object(Illuminate/Http/Request))
#55 C:/xampp/htdocs/PROYECTO-MAIN-main-main/vendor/laravel/framework/src/Illuminate/Foundation/Http/Kernel.php(175): Illuminate/Pipeline/Pipeline->then(Object(Closure))
#56 C:/xampp/htdocs/PROYECTO-MAIN-main-main/vendor/laravel/framework/src/Illuminate/Foundation/Http/Kernel.php(144): Illuminate/Foundation/Http/Kernel->sendRequestThroughRouter(Object(Illuminate/Http/Request))
#57 C:/xampp/htdocs/PROYECTO-MAIN-main-main/vendor/laravel/framework/src/Illuminate/Foundation/Application.php(1220): Illuminate/Foundation/Http/Kernel->handle(Object(Illuminate/Http/Request))
#58 C:/xampp/htdocs/PROYECTO-MAIN-main-main/public/index.php(20): Illuminate/Foundation/Application->handleRequest(Object(Illuminate/Http/Request))
#59 C:/xampp/htdocs/PROYECTO-MAIN-main-main/vendor/laravel/framework/src/Illuminate/Foundation/resources/server.php(23): require_once('C://xampp//htdocs...')
#60 {main}
"} 
[2026-06-09 20:17:45] local.ERROR: syntax error, unexpected token "else", expecting end of file (View: C:\xampp\htdocs\PROYECTO-MAIN-main-main\resources\views\dashboard.blade.php) {"userId":1,"exception":"[object] (Illuminate\\View\\ViewException(code: 0): syntax error, unexpected token \"else\", expecting end of file (View: C:\\xampp\\htdocs\\PROYECTO-MAIN-main-main\\resources\\views\\dashboard.blade.php) at C:/xampp/htdocs/PROYECTO-MAIN-main-main/storage/framework/views/ef3b83c061a4160468e1bb78f51851fc.php:474)
[stacktrace]
#0 C:/xampp/htdocs/PROYECTO-MAIN-main-main/vendor/laravel/framework/src/Illuminate/View/Engines/PhpEngine.php(59): Illuminate/View/Engines/CompilerEngine->handleViewException(Object(ParseError), 1)
#1 C:/xampp/htdocs/PROYECTO-MAIN-main-main/vendor/laravel/framework/src/Illuminate/View/Engines/CompilerEngine.php(76): Illuminate/View/Engines/PhpEngine->evaluatePath('C://xampp//htdocs...', Array)
#2 C:/xampp/htdocs/PROYECTO-MAIN-main-main/vendor/laravel/framework/src/Illuminate/View/View.php(208): Illuminate/View/Engines/CompilerEngine->get('C://xampp//htdocs...', Array)
#3 C:/xampp/htdocs/PROYECTO-MAIN-main-main/vendor/laravel/framework/src/Illuminate/View/View.php(191): Illuminate/View/View->getContents()
#4 C:/xampp/htdocs/PROYECTO-MAIN-main-main/vendor/laravel/framework/src/Illuminate/View/View.php(160): Illuminate/View/View->renderContents()
#5 C:/xampp/htdocs/PROYECTO-MAIN-main-main/vendor/laravel/framework/src/Illuminate/Http/Response.php(78): Illuminate/View/View->render()
#6 C:/xampp/htdocs/PROYECTO-MAIN-main-main/vendor/laravel/framework/src/Illuminate/Http/Response.php(34): Illuminate/Http/Response->setContent(Object(Illuminate/View/View))
#7 C:/xampp/htdocs/PROYECTO-MAIN-main-main/vendor/laravel/framework/src/Illuminate/Routing/Router.php(939): Illuminate/Http/Response->__construct(Object(Illuminate/View/View), 200, Array)
#8 C:/xampp/htdocs/PROYECTO-MAIN-main-main/vendor/laravel/framework/src/Illuminate/Routing/Router.php(906): Illuminate/Routing/Router::toResponse(Object(Illuminate/Http/Request), Object(Illuminate/View/View))
#9 C:/xampp/htdocs/PROYECTO-MAIN-main-main/vendor/laravel/framework/src/Illuminate/Routing/Router.php(821): Illuminate/Routing/Router->prepareResponse(Object(Illuminate/Http/Request), Object(Illuminate/View/View))
#10 C:/xampp/htdocs/PROYECTO-MAIN-main-main/vendor/laravel/framework/src/Illuminate/Pipeline/Pipeline.php(180): Illuminate/Routing/Router->Illuminate/Routing/{closure}(Object(Illuminate/Http/Request))
#11 C:/xampp/htdocs/PROYECTO-MAIN-main-main/vendor/laravel/framework/src/Illuminate/Auth/Middleware/EnsureEmailIsVerified.php(41): Illuminate/Pipeline/Pipeline->Illuminate/Pipeline/{closure}(Object(Illuminate/Http/Request))
#12 C:/xampp/htdocs/PROYECTO-MAIN-main-main/vendor/laravel/framework/src/Illuminate/Pipeline/Pipeline.php(219): Illuminate/Auth/Middleware/EnsureEmailIsVerified->handle(Object(Illuminate/Http/Request), Object(Closure))
#13 C:/xampp/htdocs/PROYECTO-MAIN-main-main/vendor/laravel/framework/src/Illuminate/Routing/Middleware/SubstituteBindings.php(50): Illuminate/Pipeline/Pipeline->Illuminate/Pipeline/{closure}(Object(Illuminate/Http/Request))
#14 C:/xampp/htdocs/PROYECTO-MAIN-main-main/vendor/laravel/framework/src/Illuminate/Pipeline/Pipeline.php(219): Illuminate/Routing/Middleware/SubstituteBindings->handle(Object(Illuminate/Http/Request), Object(Closure))
#15 C:/xampp/htdocs/PROYECTO-MAIN-main-main/vendor/laravel/framework/src/Illuminate/Auth/Middleware/Authenticate.php(63): Illuminate/Pipeline/Pipeline->Illuminate/Pipeline/{closure}(Object(Illuminate/Http/Request))
#16 C:/xampp/htdocs/PROYECTO-MAIN-main-main/vendor/laravel/framework/src/Illuminate/Pipeline/Pipeline.php(219): Illuminate/Auth/Middleware/Authenticate->handle(Object(Illuminate/Http/Request), Object(Closure))
#17 C:/xampp/htdocs/PROYECTO-MAIN-main-main/vendor/laravel/framework/src/Illuminate/Foundation/Http/Middleware/VerifyCsrfToken.php(87): Illuminate/Pipeline/Pipeline->Illuminate/Pipeline/{closure}(Object(Illuminate/Http/Request))
#18 C:/xampp/htdocs/PROYECTO-MAIN-main-main/vendor/laravel/framework/src/Illuminate/Pipeline/Pipeline.php(219): Illuminate/Foundation/Http/Middleware/VerifyCsrfToken->handle(Object(Illuminate/Http/Request), Object(Closure))
#19 C:/xampp/htdocs/PROYECTO-MAIN-main-main/vendor/laravel/framework/src/Illuminate/View/Middleware/ShareErrorsFromSession.php(48): Illuminate/Pipeline/Pipeline->Illuminate/Pipeline/{closure}(Object(Illuminate/Http/Request))
#20 C:/xampp/htdocs/PROYECTO-MAIN-main-main/vendor/laravel/framework/src/Illuminate/Pipeline/Pipeline.php(219): Illuminate/View/Middleware/ShareErrorsFromSession->handle(Object(Illuminate/Http/Request), Object(Closure))
#21 C:/xampp/htdocs/PROYECTO-MAIN-main-main/vendor/laravel/framework/src/Illuminate/Session/Middleware/StartSession.php(120): Illuminate/Pipeline/Pipeline->Illuminate/Pipeline/{closure}(Object(Illuminate/Http/Request))
#22 C:/xampp/htdocs/PROYECTO-MAIN-main-main/vendor/laravel/framework/src/Illuminate/Session/Middleware/StartSession.php(63): Illuminate/Session/Middleware/StartSession->handleStatefulRequest(Object(Illuminate/Http/Request), Object(Illuminate/Session/Store), Object(Closure))
#23 C:/xampp/htdocs/PROYECTO-MAIN-main-main/vendor/laravel/framework/src/Illuminate/Pipeline/Pipeline.php(219): Illuminate/Session/Middleware/StartSession->handle(Object(Illuminate/Http/Request), Object(Closure))
#24 C:/xampp/htdocs/PROYECTO-MAIN-main-main/vendor/laravel/framework/src/Illuminate/Cookie/Middleware/AddQueuedCookiesToResponse.php(36): Illuminate/Pipeline/Pipeline->Illuminate/Pipeline/{closure}(Object(Illuminate/Http/Request))
#25 C:/xampp/htdocs/PROYECTO-MAIN-main-main/vendor/laravel/framework/src/Illuminate/Pipeline/Pipeline.php(219): Illuminate/Cookie/Middleware/AddQueuedCookiesToResponse->handle(Object(Illuminate/Http/Request), Object(Closure))
#26 C:/xampp/htdocs/PROYECTO-MAIN-main-main/vendor/laravel/framework/src/Illuminate/Cookie/Middleware/EncryptCookies.php(74): Illuminate/Pipeline/Pipeline->Illuminate/Pipeline/{closure}(Object(Illuminate/Http/Request))
#27 C:/xampp/htdocs/PROYECTO-MAIN-main-main/vendor/laravel/framework/src/Illuminate/Pipeline/Pipeline.php(219): Illuminate/Cookie/Middleware/EncryptCookies->handle(Object(Illuminate/Http/Request), Object(Closure))
#28 C:/xampp/htdocs/PROYECTO-MAIN-main-main/vendor/laravel/framework/src/Illuminate/Pipeline/Pipeline.php(137): Illuminate/Pipeline/Pipeline->Illuminate/Pipeline/{closure}(Object(Illuminate/Http/Request))
#29 C:/xampp/htdocs/PROYECTO-MAIN-main-main/vendor/laravel/framework/src/Illuminate/Routing/Router.php(821): Illuminate/Pipeline/Pipeline->then(Object(Closure))
#30 C:/xampp/htdocs/PROYECTO-MAIN-main-main/vendor/laravel/framework/src/Illuminate/Routing/Router.php(800): Illuminate/Routing/Router->runRouteWithinStack(Object(Illuminate/Routing/Route), Object(Illuminate/Http/Request))
#31 C:/xampp/htdocs/PROYECTO-MAIN-main-main/vendor/laravel/framework/src/Illuminate/Routing/Router.php(764): Illuminate/Routing/Router->runRoute(Object(Illuminate/Http/Request), Object(Illuminate/Routing/Route))
#32 C:/xampp/htdocs/PROYECTO-MAIN-main-main/vendor/laravel/framework/src/Illuminate/Routing/Router.php(753): Illuminate/Routing/Router->dispatchToRoute(Object(Illuminate/Http/Request))
#33 C:/xampp/htdocs/PROYECTO-MAIN-main-main/vendor/laravel/framework/src/Illuminate/Foundation/Http/Kernel.php(200): Illuminate/Routing/Router->dispatch(Object(Illuminate/Http/Request))
#34 C:/xampp/htdocs/PROYECTO-MAIN-main-main/vendor/laravel/framework/src/Illuminate/Pipeline/Pipeline.php(180): Illuminate/Foundation/Http/Kernel->Illuminate/Foundation/Http/{closure}(Object(Illuminate/Http/Request))
#35 C:/xampp/htdocs/PROYECTO-MAIN-main-main/vendor/laravel/framework/src/Illuminate/Foundation/Http/Middleware/TransformsRequest.php(21): Illuminate/Pipeline/Pipeline->Illuminate/Pipeline/{closure}(Object(Illuminate/Http/Request))
#36 C:/xampp/htdocs/PROYECTO-MAIN-main-main/vendor/laravel/framework/src/Illuminate/Foundation/Http/Middleware/ConvertEmptyStringsToNull.php(31): Illuminate/Foundation/Http/Middleware/TransformsRequest->handle(Object(Illuminate/Http/Request), Object(Closure))
#37 C:/xampp/htdocs/PROYECTO-MAIN-main-main/vendor/laravel/framework/src/Illuminate/Pipeline/Pipeline.php(219): Illuminate/Foundation/Http/Middleware/ConvertEmptyStringsToNull->handle(Object(Illuminate/Http/Request), Object(Closure))
#38 C:/xampp/htdocs/PROYECTO-MAIN-main-main/vendor/laravel/framework/src/Illuminate/Foundation/Http/Middleware/TransformsRequest.php(21): Illuminate/Pipeline/Pipeline->Illuminate/Pipeline/{closure}(Object(Illuminate/Http/Request))
#39 C:/xampp/htdocs/PROYECTO-MAIN-main-main/vendor/laravel/framework/src/Illuminate/Foundation/Http/Middleware/TrimStrings.php(51): Illuminate/Foundation/Http/Middleware/TransformsRequest->handle(Object(Illuminate/Http/Request), Object(Closure))
#40 C:/xampp/htdocs/PROYECTO-MAIN-main-main/vendor/laravel/framework/src/Illuminate/Pipeline/Pipeline.php(219): Illuminate/Foundation/Http/Middleware/TrimStrings->handle(Object(Illuminate/Http/Request), Object(Closure))
#41 C:/xampp/htdocs/PROYECTO-MAIN-main-main/vendor/laravel/framework/src/Illuminate/Http/Middleware/ValidatePostSize.php(27): Illuminate/Pipeline/Pipeline->Illuminate/Pipeline/{closure}(Object(Illuminate/Http/Request))
#42 C:/xampp/htdocs/PROYECTO-MAIN-main-main/vendor/laravel/framework/src/Illuminate/Pipeline/Pipeline.php(219): Illuminate/Http/Middleware/ValidatePostSize->handle(Object(Illuminate/Http/Request), Object(Closure))
#43 C:/xampp/htdocs/PROYECTO-MAIN-main-main/vendor/laravel/framework/src/Illuminate/Foundation/Http/Middleware/PreventRequestsDuringMaintenance.php(109): Illuminate/Pipeline/Pipeline->Illuminate/Pipeline/{closure}(Object(Illuminate/Http/Request))
#44 C:/xampp/htdocs/PROYECTO-MAIN-main-main/vendor/laravel/framework/src/Illuminate/Pipeline/Pipeline.php(219): Illuminate/Foundation/Http/Middleware/PreventRequestsDuringMaintenance->handle(Object(Illuminate/Http/Request), Object(Closure))
#45 C:/xampp/htdocs/PROYECTO-MAIN-main-main/vendor/laravel/framework/src/Illuminate/Http/Middleware/HandleCors.php(61): Illuminate/Pipeline/Pipeline->Illuminate/Pipeline/{closure}(Object(Illuminate/Http/Request))
#46 C:/xampp/htdocs/PROYECTO-MAIN-main-main/vendor/laravel/framework/src/Illuminate/Pipeline/Pipeline.php(219): Illuminate/Http/Middleware/HandleCors->handle(Object(Illuminate/Http/Request), Object(Closure))
#47 C:/xampp/htdocs/PROYECTO-MAIN-main-main/vendor/laravel/framework/src/Illuminate/Http/Middleware/TrustProxies.php(58): Illuminate/Pipeline/Pipeline->Illuminate/Pipeline/{closure}(Object(Illuminate/Http/Request))
#48 C:/xampp/htdocs/PROYECTO-MAIN-main-main/vendor/laravel/framework/src/Illuminate/Pipeline/Pipeline.php(219): Illuminate/Http/Middleware/TrustProxies->handle(Object(Illuminate/Http/Request), Object(Closure))
#49 C:/xampp/htdocs/PROYECTO-MAIN-main-main/vendor/laravel/framework/src/Illuminate/Foundation/Http/Middleware/InvokeDeferredCallbacks.php(22): Illuminate/Pipeline/Pipeline->Illuminate/Pipeline/{closure}(Object(Illuminate/Http/Request))
#50 C:/xampp/htdocs/PROYECTO-MAIN-main-main/vendor/laravel/framework/src/Illuminate/Pipeline/Pipeline.php(219): Illuminate/Foundation/Http/Middleware/InvokeDeferredCallbacks->handle(Object(Illuminate/Http/Request), Object(Closure))
#51 C:/xampp/htdocs/PROYECTO-MAIN-main-main/vendor/laravel/framework/src/Illuminate/Http/Middleware/ValidatePathEncoding.php(26): Illuminate/Pipeline/Pipeline->Illuminate/Pipeline/{closure}(Object(Illuminate/Http/Request))
#52 C:/xampp/htdocs/PROYECTO-MAIN-main-main/vendor/laravel/framework/src/Illuminate/Pipeline/Pipeline.php(219): Illuminate/Http/Middleware/ValidatePathEncoding->handle(Object(Illuminate/Http/Request), Object(Closure))
#53 C:/xampp/htdocs/PROYECTO-MAIN-main-main/vendor/laravel/framework/src/Illuminate/Pipeline/Pipeline.php(137): Illuminate/Pipeline/Pipeline->Illuminate/Pipeline/{closure}(Object(Illuminate/Http/Request))
#54 C:/xampp/htdocs/PROYECTO-MAIN-main-main/vendor/laravel/framework/src/Illuminate/Foundation/Http/Kernel.php(175): Illuminate/Pipeline/Pipeline->then(Object(Closure))
#55 C:/xampp/htdocs/PROYECTO-MAIN-main-main/vendor/laravel/framework/src/Illuminate/Foundation/Http/Kernel.php(144): Illuminate/Foundation/Http/Kernel->sendRequestThroughRouter(Object(Illuminate/Http/Request))
#56 C:/xampp/htdocs/PROYECTO-MAIN-main-main/vendor/laravel/framework/src/Illuminate/Foundation/Application.php(1220): Illuminate/Foundation/Http/Kernel->handle(Object(Illuminate/Http/Request))
#57 C:/xampp/htdocs/PROYECTO-MAIN-main-main/public/index.php(20): Illuminate/Foundation/Application->handleRequest(Object(Illuminate/Http/Request))
#58 C:/xampp/htdocs/PROYECTO-MAIN-main-main/vendor/laravel/framework/src/Illuminate/Foundation/resources/server.php(23): require_once('C://xampp//htdocs...')
#59 {main}

[previous exception] [object] (ParseError(code: 0): syntax error, unexpected token \"else\", expecting end of file at C:/xampp/htdocs/PROYECTO-MAIN-main-main/storage/framework/views/ef3b83c061a4160468e1bb78f51851fc.php:474)
[stacktrace]
#0 C:/xampp/htdocs/PROYECTO-MAIN-main-main/vendor/laravel/framework/src/Illuminate/Filesystem/Filesystem.php(124): Illuminate/Filesystem/Filesystem::Illuminate/Filesystem/{closure}()
#1 C:/xampp/htdocs/PROYECTO-MAIN-main-main/vendor/laravel/framework/src/Illuminate/View/Engines/PhpEngine.php(57): Illuminate/Filesystem/Filesystem->getRequire('C://xampp//htdocs...', Array)
#2 C:/xampp/htdocs/PROYECTO-MAIN-main-main/vendor/laravel/framework/src/Illuminate/View/Engines/CompilerEngine.php(76): Illuminate/View/Engines/PhpEngine->evaluatePath('C://xampp//htdocs...', Array)
#3 C:/xampp/htdocs/PROYECTO-MAIN-main-main/vendor/laravel/framework/src/Illuminate/View/View.php(208): Illuminate/View/Engines/CompilerEngine->get('C://xampp//htdocs...', Array)
#4 C:/xampp/htdocs/PROYECTO-MAIN-main-main/vendor/laravel/framework/src/Illuminate/View/View.php(191): Illuminate/View/View->getContents()
#5 C:/xampp/htdocs/PROYECTO-MAIN-main-main/vendor/laravel/framework/src/Illuminate/View/View.php(160): Illuminate/View/View->renderContents()
#6 C:/xampp/htdocs/PROYECTO-MAIN-main-main/vendor/laravel/framework/src/Illuminate/Http/Response.php(78): Illuminate/View/View->render()
#7 C:/xampp/htdocs/PROYECTO-MAIN-main-main/vendor/laravel/framework/src/Illuminate/Http/Response.php(34): Illuminate/Http/Response->setContent(Object(Illuminate/View/View))
#8 C:/xampp/htdocs/PROYECTO-MAIN-main-main/vendor/laravel/framework/src/Illuminate/Routing/Router.php(939): Illuminate/Http/Response->__construct(Object(Illuminate/View/View), 200, Array)
#9 C:/xampp/htdocs/PROYECTO-MAIN-main-main/vendor/laravel/framework/src/Illuminate/Routing/Router.php(906): Illuminate/Routing/Router::toResponse(Object(Illuminate/Http/Request), Object(Illuminate/View/View))
#10 C:/xampp/htdocs/PROYECTO-MAIN-main-main/vendor/laravel/framework/src/Illuminate/Routing/Router.php(821): Illuminate/Routing/Router->prepareResponse(Object(Illuminate/Http/Request), Object(Illuminate/View/View))
#11 C:/xampp/htdocs/PROYECTO-MAIN-main-main/vendor/laravel/framework/src/Illuminate/Pipeline/Pipeline.php(180): Illuminate/Routing/Router->Illuminate/Routing/{closure}(Object(Illuminate/Http/Request))
#12 C:/xampp/htdocs/PROYECTO-MAIN-main-main/vendor/laravel/framework/src/Illuminate/Auth/Middleware/EnsureEmailIsVerified.php(41): Illuminate/Pipeline/Pipeline->Illuminate/Pipeline/{closure}(Object(Illuminate/Http/Request))
#13 C:/xampp/htdocs/PROYECTO-MAIN-main-main/vendor/laravel/framework/src/Illuminate/Pipeline/Pipeline.php(219): Illuminate/Auth/Middleware/EnsureEmailIsVerified->handle(Object(Illuminate/Http/Request), Object(Closure))
#14 C:/xampp/htdocs/PROYECTO-MAIN-main-main/vendor/laravel/framework/src/Illuminate/Routing/Middleware/SubstituteBindings.php(50): Illuminate/Pipeline/Pipeline->Illuminate/Pipeline/{closure}(Object(Illuminate/Http/Request))
#15 C:/xampp/htdocs/PROYECTO-MAIN-main-main/vendor/laravel/framework/src/Illuminate/Pipeline/Pipeline.php(219): Illuminate/Routing/Middleware/SubstituteBindings->handle(Object(Illuminate/Http/Request), Object(Closure))
#16 C:/xampp/htdocs/PROYECTO-MAIN-main-main/vendor/laravel/framework/src/Illuminate/Auth/Middleware/Authenticate.php(63): Illuminate/Pipeline/Pipeline->Illuminate/Pipeline/{closure}(Object(Illuminate/Http/Request))
#17 C:/xampp/htdocs/PROYECTO-MAIN-main-main/vendor/laravel/framework/src/Illuminate/Pipeline/Pipeline.php(219): Illuminate/Auth/Middleware/Authenticate->handle(Object(Illuminate/Http/Request), Object(Closure))
#18 C:/xampp/htdocs/PROYECTO-MAIN-main-main/vendor/laravel/framework/src/Illuminate/Foundation/Http/Middleware/VerifyCsrfToken.php(87): Illuminate/Pipeline/Pipeline->Illuminate/Pipeline/{closure}(Object(Illuminate/Http/Request))
#19 C:/xampp/htdocs/PROYECTO-MAIN-main-main/vendor/laravel/framework/src/Illuminate/Pipeline/Pipeline.php(219): Illuminate/Foundation/Http/Middleware/VerifyCsrfToken->handle(Object(Illuminate/Http/Request), Object(Closure))
#20 C:/xampp/htdocs/PROYECTO-MAIN-main-main/vendor/laravel/framework/src/Illuminate/View/Middleware/ShareErrorsFromSession.php(48): Illuminate/Pipeline/Pipeline->Illuminate/Pipeline/{closure}(Object(Illuminate/Http/Request))
#21 C:/xampp/htdocs/PROYECTO-MAIN-main-main/vendor/laravel/framework/src/Illuminate/Pipeline/Pipeline.php(219): Illuminate/View/Middleware/ShareErrorsFromSession->handle(Object(Illuminate/Http/Request), Object(Closure))
#22 C:/xampp/htdocs/PROYECTO-MAIN-main-main/vendor/laravel/framework/src/Illuminate/Session/Middleware/StartSession.php(120): Illuminate/Pipeline/Pipeline->Illuminate/Pipeline/{closure}(Object(Illuminate/Http/Request))
#23 C:/xampp/htdocs/PROYECTO-MAIN-main-main/vendor/laravel/framework/src/Illuminate/Session/Middleware/StartSession.php(63): Illuminate/Session/Middleware/StartSession->handleStatefulRequest(Object(Illuminate/Http/Request), Object(Illuminate/Session/Store), Object(Closure))
#24 C:/xampp/htdocs/PROYECTO-MAIN-main-main/vendor/laravel/framework/src/Illuminate/Pipeline/Pipeline.php(219): Illuminate/Session/Middleware/StartSession->handle(Object(Illuminate/Http/Request), Object(Closure))
#25 C:/xampp/htdocs/PROYECTO-MAIN-main-main/vendor/laravel/framework/src/Illuminate/Cookie/Middleware/AddQueuedCookiesToResponse.php(36): Illuminate/Pipeline/Pipeline->Illuminate/Pipeline/{closure}(Object(Illuminate/Http/Request))
#26 C:/xampp/htdocs/PROYECTO-MAIN-main-main/vendor/laravel/framework/src/Illuminate/Pipeline/Pipeline.php(219): Illuminate/Cookie/Middleware/AddQueuedCookiesToResponse->handle(Object(Illuminate/Http/Request), Object(Closure))
#27 C:/xampp/htdocs/PROYECTO-MAIN-main-main/vendor/laravel/framework/src/Illuminate/Cookie/Middleware/EncryptCookies.php(74): Illuminate/Pipeline/Pipeline->Illuminate/Pipeline/{closure}(Object(Illuminate/Http/Request))
#28 C:/xampp/htdocs/PROYECTO-MAIN-main-main/vendor/laravel/framework/src/Illuminate/Pipeline/Pipeline.php(219): Illuminate/Cookie/Middleware/EncryptCookies->handle(Object(Illuminate/Http/Request), Object(Closure))
#29 C:/xampp/htdocs/PROYECTO-MAIN-main-main/vendor/laravel/framework/src/Illuminate/Pipeline/Pipeline.php(137): Illuminate/Pipeline/Pipeline->Illuminate/Pipeline/{closure}(Object(Illuminate/Http/Request))
#30 C:/xampp/htdocs/PROYECTO-MAIN-main-main/vendor/laravel/framework/src/Illuminate/Routing/Router.php(821): Illuminate/Pipeline/Pipeline->then(Object(Closure))
#31 C:/xampp/htdocs/PROYECTO-MAIN-main-main/vendor/laravel/framework/src/Illuminate/Routing/Router.php(800): Illuminate/Routing/Router->runRouteWithinStack(Object(Illuminate/Routing/Route), Object(Illuminate/Http/Request))
#32 C:/xampp/htdocs/PROYECTO-MAIN-main-main/vendor/laravel/framework/src/Illuminate/Routing/Router.php(764): Illuminate/Routing/Router->runRoute(Object(Illuminate/Http/Request), Object(Illuminate/Routing/Route))
#33 C:/xampp/htdocs/PROYECTO-MAIN-main-main/vendor/laravel/framework/src/Illuminate/Routing/Router.php(753): Illuminate/Routing/Router->dispatchToRoute(Object(Illuminate/Http/Request))
#34 C:/xampp/htdocs/PROYECTO-MAIN-main-main/vendor/laravel/framework/src/Illuminate/Foundation/Http/Kernel.php(200): Illuminate/Routing/Router->dispatch(Object(Illuminate/Http/Request))
#35 C:/xampp/htdocs/PROYECTO-MAIN-main-main/vendor/laravel/framework/src/Illuminate/Pipeline/Pipeline.php(180): Illuminate/Foundation/Http/Kernel->Illuminate/Foundation/Http/{closure}(Object(Illuminate/Http/Request))
#36 C:/xampp/htdocs/PROYECTO-MAIN-main-main/vendor/laravel/framework/src/Illuminate/Foundation/Http/Middleware/TransformsRequest.php(21): Illuminate/Pipeline/Pipeline->Illuminate/Pipeline/{closure}(Object(Illuminate/Http/Request))
#37 C:/xampp/htdocs/PROYECTO-MAIN-main-main/vendor/laravel/framework/src/Illuminate/Foundation/Http/Middleware/ConvertEmptyStringsToNull.php(31): Illuminate/Foundation/Http/Middleware/TransformsRequest->handle(Object(Illuminate/Http/Request), Object(Closure))
#38 C:/xampp/htdocs/PROYECTO-MAIN-main-main/vendor/laravel/framework/src/Illuminate/Pipeline/Pipeline.php(219): Illuminate/Foundation/Http/Middleware/ConvertEmptyStringsToNull->handle(Object(Illuminate/Http/Request), Object(Closure))
#39 C:/xampp/htdocs/PROYECTO-MAIN-main-main/vendor/laravel/framework/src/Illuminate/Foundation/Http/Middleware/TransformsRequest.php(21): Illuminate/Pipeline/Pipeline->Illuminate/Pipeline/{closure}(Object(Illuminate/Http/Request))
#40 C:/xampp/htdocs/PROYECTO-MAIN-main-main/vendor/laravel/framework/src/Illuminate/Foundation/Http/Middleware/TrimStrings.php(51): Illuminate/Foundation/Http/Middleware/TransformsRequest->handle(Object(Illuminate/Http/Request), Object(Closure))
#41 C:/xampp/htdocs/PROYECTO-MAIN-main-main/vendor/laravel/framework/src/Illuminate/Pipeline/Pipeline.php(219): Illuminate/Foundation/Http/Middleware/TrimStrings->handle(Object(Illuminate/Http/Request), Object(Closure))
#42 C:/xampp/htdocs/PROYECTO-MAIN-main-main/vendor/laravel/framework/src/Illuminate/Http/Middleware/ValidatePostSize.php(27): Illuminate/Pipeline/Pipeline->Illuminate/Pipeline/{closure}(Object(Illuminate/Http/Request))
#43 C:/xampp/htdocs/PROYECTO-MAIN-main-main/vendor/laravel/framework/src/Illuminate/Pipeline/Pipeline.php(219): Illuminate/Http/Middleware/ValidatePostSize->handle(Object(Illuminate/Http/Request), Object(Closure))
#44 C:/xampp/htdocs/PROYECTO-MAIN-main-main/vendor/laravel/framework/src/Illuminate/Foundation/Http/Middleware/PreventRequestsDuringMaintenance.php(109): Illuminate/Pipeline/Pipeline->Illuminate/Pipeline/{closure}(Object(Illuminate/Http/Request))
#45 C:/xampp/htdocs/PROYECTO-MAIN-main-main/vendor/laravel/framework/src/Illuminate/Pipeline/Pipeline.php(219): Illuminate/Foundation/Http/Middleware/PreventRequestsDuringMaintenance->handle(Object(Illuminate/Http/Request), Object(Closure))
#46 C:/xampp/htdocs/PROYECTO-MAIN-main-main/vendor/laravel/framework/src/Illuminate/Http/Middleware/HandleCors.php(61): Illuminate/Pipeline/Pipeline->Illuminate/Pipeline/{closure}(Object(Illuminate/Http/Request))
#47 C:/xampp/htdocs/PROYECTO-MAIN-main-main/vendor/laravel/framework/src/Illuminate/Pipeline/Pipeline.php(219): Illuminate/Http/Middleware/HandleCors->handle(Object(Illuminate/Http/Request), Object(Closure))
#48 C:/xampp/htdocs/PROYECTO-MAIN-main-main/vendor/laravel/framework/src/Illuminate/Http/Middleware/TrustProxies.php(58): Illuminate/Pipeline/Pipeline->Illuminate/Pipeline/{closure}(Object(Illuminate/Http/Request))
#49 C:/xampp/htdocs/PROYECTO-MAIN-main-main/vendor/laravel/framework/src/Illuminate/Pipeline/Pipeline.php(219): Illuminate/Http/Middleware/TrustProxies->handle(Object(Illuminate/Http/Request), Object(Closure))
#50 C:/xampp/htdocs/PROYECTO-MAIN-main-main/vendor/laravel/framework/src/Illuminate/Foundation/Http/Middleware/InvokeDeferredCallbacks.php(22): Illuminate/Pipeline/Pipeline->Illuminate/Pipeline/{closure}(Object(Illuminate/Http/Request))
#51 C:/xampp/htdocs/PROYECTO-MAIN-main-main/vendor/laravel/framework/src/Illuminate/Pipeline/Pipeline.php(219): Illuminate/Foundation/Http/Middleware/InvokeDeferredCallbacks->handle(Object(Illuminate/Http/Request), Object(Closure))
#52 C:/xampp/htdocs/PROYECTO-MAIN-main-main/vendor/laravel/framework/src/Illuminate/Http/Middleware/ValidatePathEncoding.php(26): Illuminate/Pipeline/Pipeline->Illuminate/Pipeline/{closure}(Object(Illuminate/Http/Request))
#53 C:/xampp/htdocs/PROYECTO-MAIN-main-main/vendor/laravel/framework/src/Illuminate/Pipeline/Pipeline.php(219): Illuminate/Http/Middleware/ValidatePathEncoding->handle(Object(Illuminate/Http/Request), Object(Closure))
#54 C:/xampp/htdocs/PROYECTO-MAIN-main-main/vendor/laravel/framework/src/Illuminate/Pipeline/Pipeline.php(137): Illuminate/Pipeline/Pipeline->Illuminate/Pipeline/{closure}(Object(Illuminate/Http/Request))
#55 C:/xampp/htdocs/PROYECTO-MAIN-main-main/vendor/laravel/framework/src/Illuminate/Foundation/Http/Kernel.php(175): Illuminate/Pipeline/Pipeline->then(Object(Closure))
#56 C:/xampp/htdocs/PROYECTO-MAIN-main-main/vendor/laravel/framework/src/Illuminate/Foundation/Http/Kernel.php(144): Illuminate/Foundation/Http/Kernel->sendRequestThroughRouter(Object(Illuminate/Http/Request))
#57 C:/xampp/htdocs/PROYECTO-MAIN-main-main/vendor/laravel/framework/src/Illuminate/Foundation/Application.php(1220): Illuminate/Foundation/Http/Kernel->handle(Object(Illuminate/Http/Request))
#58 C:/xampp/htdocs/PROYECTO-MAIN-main-main/public/index.php(20): Illuminate/Foundation/Application->handleRequest(Object(Illuminate/Http/Request))
#59 C:/xampp/htdocs/PROYECTO-MAIN-main-main/vendor/laravel/framework/src/Illuminate/Foundation/resources/server.php(23): require_once('C://xampp//htdocs...')
#60 {main}
"} 
[2026-06-18 17:41:22] local.ERROR: Cannot use App\Http\Controllers\CartController as CartController because the name is already in use {"exception":"[object] (Symfony\\Component\\ErrorHandler\\Error\\FatalError(code: 0): Cannot use App\\Http\\Controllers\\CartController as CartController because the name is already in use at C:/Users/Aprendiz/Downloads/PROYECTO--main/routes/web.php:61)
[stacktrace]
#0 {main}
"} 
[2026-06-18 17:45:15] local.ERROR: SQLSTATE[HY000]: General error: 1 table appointments has no column named worker (Connection: sqlite, Database: C:\Users\Aprendiz\Downloads\PROYECTO--main\database\database.sqlite, SQL: insert into "appointments" ("user_id", "service_id", "date", "time", "worker", "status", "updated_at", "created_at") values (5, 1, 2026-06-20, 11:00, Laura Díaz, pendiente, 2026-06-18 17:45:15, 2026-06-18 17:45:15)) {"userId":5,"exception":"[object] (Illuminate\\Database\\QueryException(code: HY000): SQLSTATE[HY000]: General error: 1 table appointments has no column named worker (Connection: sqlite, Database: C:\\Users\\Aprendiz\\Downloads\\PROYECTO--main\\database\\database.sqlite, SQL: insert into \"appointments\" (\"user_id\", \"service_id\", \"date\", \"time\", \"worker\", \"status\", \"updated_at\", \"created_at\") values (5, 1, 2026-06-20, 11:00, Laura Díaz, pendiente, 2026-06-18 17:45:15, 2026-06-18 17:45:15)) at C:/Users/Aprendiz/Downloads/PROYECTO--main/vendor/laravel/framework/src/Illuminate/Database/Connection.php:838)
[stacktrace]
#0 C:/Users/Aprendiz/Downloads/PROYECTO--main/vendor/laravel/framework/src/Illuminate/Database/Connection.php(794): Illuminate/Database/Connection->runQueryCallback('insert into \"ap...', Array, Object(Closure))
#1 C:/Users/Aprendiz/Downloads/PROYECTO--main/vendor/laravel/framework/src/Illuminate/Database/Connection.php(573): Illuminate/Database/Connection->run('insert into \"ap...', Array, Object(Closure))
#2 C:/Users/Aprendiz/Downloads/PROYECTO--main/vendor/laravel/framework/src/Illuminate/Database/Connection.php(537): Illuminate/Database/Connection->statement('insert into \"ap...', Array)
#3 C:/Users/Aprendiz/Downloads/PROYECTO--main/vendor/laravel/framework/src/Illuminate/Database/Query/Processors/Processor.php(32): Illuminate/Database/Connection->insert('insert into \"ap...', Array)
#4 C:/Users/Aprendiz/Downloads/PROYECTO--main/vendor/laravel/framework/src/Illuminate/Database/Query/Builder.php(4170): Illuminate/Database/Query/Processors/Processor->processInsertGetId(Object(Illuminate/Database/Query/Builder), 'insert into \"ap...', Array, 'id')
#5 C:/Users/Aprendiz/Downloads/PROYECTO--main/vendor/laravel/framework/src/Illuminate/Database/Eloquent/Builder.php(2237): Illuminate/Database/Query/Builder->insertGetId(Array, 'id')
#6 C:/Users/Aprendiz/Downloads/PROYECTO--main/vendor/laravel/framework/src/Illuminate/Database/Eloquent/Model.php(1436): Illuminate/Database/Eloquent/Builder->__call('insertGetId', Array)
#7 C:/Users/Aprendiz/Downloads/PROYECTO--main/vendor/laravel/framework/src/Illuminate/Database/Eloquent/Model.php(1401): Illuminate/Database/Eloquent/Model->insertAndSetId(Object(Illuminate/Database/Eloquent/Builder), Array)
#8 C:/Users/Aprendiz/Downloads/PROYECTO--main/vendor/laravel/framework/src/Illuminate/Database/Eloquent/Model.php(1240): Illuminate/Database/Eloquent/Model->performInsert(Object(Illuminate/Database/Eloquent/Builder))
#9 C:/Users/Aprendiz/Downloads/PROYECTO--main/vendor/laravel/framework/src/Illuminate/Database/Eloquent/Builder.php(1219): Illuminate/Database/Eloquent/Model->save()
#10 C:/Users/Aprendiz/Downloads/PROYECTO--main/vendor/laravel/framework/src/Illuminate/Support/helpers.php(393): Illuminate/Database/Eloquent/Builder->Illuminate/Database/Eloquent/{closure}(Object(App/Models/Appointment))
#11 C:/Users/Aprendiz/Downloads/PROYECTO--main/vendor/laravel/framework/src/Illuminate/Database/Eloquent/Builder.php(1218): tap(Object(App/Models/Appointment), Object(Closure))
#12 C:/Users/Aprendiz/Downloads/PROYECTO--main/vendor/laravel/framework/src/Illuminate/Support/Traits/ForwardsCalls.php(23): Illuminate/Database/Eloquent/Builder->create(Array)
#13 C:/Users/Aprendiz/Downloads/PROYECTO--main/vendor/laravel/framework/src/Illuminate/Database/Eloquent/Model.php(2544): Illuminate/Database/Eloquent/Model->forwardCallTo(Object(Illuminate/Database/Eloquent/Builder), 'create', Array)
#14 C:/Users/Aprendiz/Downloads/PROYECTO--main/vendor/laravel/framework/src/Illuminate/Database/Eloquent/Model.php(2560): Illuminate/Database/Eloquent/Model->__call('create', Array)
#15 C:/Users/Aprendiz/Downloads/PROYECTO--main/app/Http/Controllers/AppointmentController.php(67): Illuminate/Database/Eloquent/Model::__callStatic('create', Array)
#16 C:/Users/Aprendiz/Downloads/PROYECTO--main/vendor/laravel/framework/src/Illuminate/Routing/Controller.php(54): App/Http/Controllers/AppointmentController->store(Object(Illuminate/Http/Request))
#17 C:/Users/Aprendiz/Downloads/PROYECTO--main/vendor/laravel/framework/src/Illuminate/Routing/ControllerDispatcher.php(43): Illuminate/Routing/Controller->callAction('store', Array)
#18 C:/Users/Aprendiz/Downloads/PROYECTO--main/vendor/laravel/framework/src/Illuminate/Routing/Route.php(265): Illuminate/Routing/ControllerDispatcher->dispatch(Object(Illuminate/Routing/Route), Object(App/Http/Controllers/AppointmentController), 'store')
#19 C:/Users/Aprendiz/Downloads/PROYECTO--main/vendor/laravel/framework/src/Illuminate/Routing/Route.php(211): Illuminate/Routing/Route->runController()
#20 C:/Users/Aprendiz/Downloads/PROYECTO--main/vendor/laravel/framework/src/Illuminate/Routing/Router.php(822): Illuminate/Routing/Route->run()
#21 C:/Users/Aprendiz/Downloads/PROYECTO--main/vendor/laravel/framework/src/Illuminate/Pipeline/Pipeline.php(180): Illuminate/Routing/Router->Illuminate/Routing/{closure}(Object(Illuminate/Http/Request))
#22 C:/Users/Aprendiz/Downloads/PROYECTO--main/vendor/laravel/framework/src/Illuminate/Routing/Middleware/SubstituteBindings.php(50): Illuminate/Pipeline/Pipeline->Illuminate/Pipeline/{closure}(Object(Illuminate/Http/Request))
#23 C:/Users/Aprendiz/Downloads/PROYECTO--main/vendor/laravel/framework/src/Illuminate/Pipeline/Pipeline.php(219): Illuminate/Routing/Middleware/SubstituteBindings->handle(Object(Illuminate/Http/Request), Object(Closure))
#24 C:/Users/Aprendiz/Downloads/PROYECTO--main/vendor/laravel/framework/src/Illuminate/Auth/Middleware/Authenticate.php(63): Illuminate/Pipeline/Pipeline->Illuminate/Pipeline/{closure}(Object(Illuminate/Http/Request))
#25 C:/Users/Aprendiz/Downloads/PROYECTO--main/vendor/laravel/framework/src/Illuminate/Pipeline/Pipeline.php(219): Illuminate/Auth/Middleware/Authenticate->handle(Object(Illuminate/Http/Request), Object(Closure))
#26 C:/Users/Aprendiz/Downloads/PROYECTO--main/vendor/laravel/framework/src/Illuminate/Foundation/Http/Middleware/VerifyCsrfToken.php(87): Illuminate/Pipeline/Pipeline->Illuminate/Pipeline/{closure}(Object(Illuminate/Http/Request))
#27 C:/Users/Aprendiz/Downloads/PROYECTO--main/vendor/laravel/framework/src/Illuminate/Pipeline/Pipeline.php(219): Illuminate/Foundation/Http/Middleware/VerifyCsrfToken->handle(Object(Illuminate/Http/Request), Object(Closure))
#28 C:/Users/Aprendiz/Downloads/PROYECTO--main/vendor/laravel/framework/src/Illuminate/View/Middleware/ShareErrorsFromSession.php(48): Illuminate/Pipeline/Pipeline->Illuminate/Pipeline/{closure}(Object(Illuminate/Http/Request))
#29 C:/Users/Aprendiz/Downloads/PROYECTO--main/vendor/laravel/framework/src/Illuminate/Pipeline/Pipeline.php(219): Illuminate/View/Middleware/ShareErrorsFromSession->handle(Object(Illuminate/Http/Request), Object(Closure))
#30 C:/Users/Aprendiz/Downloads/PROYECTO--main/vendor/laravel/framework/src/Illuminate/Session/Middleware/StartSession.php(120): Illuminate/Pipeline/Pipeline->Illuminate/Pipeline/{closure}(Object(Illuminate/Http/Request))
#31 C:/Users/Aprendiz/Downloads/PROYECTO--main/vendor/laravel/framework/src/Illuminate/Session/Middleware/StartSession.php(63): Illuminate/Session/Middleware/StartSession->handleStatefulRequest(Object(Illuminate/Http/Request), Object(Illuminate/Session/Store), Object(Closure))
#32 C:/Users/Aprendiz/Downloads/PROYECTO--main/vendor/laravel/framework/src/Illuminate/Pipeline/Pipeline.php(219): Illuminate/Session/Middleware/StartSession->handle(Object(Illuminate/Http/Request), Object(Closure))
#33 C:/Users/Aprendiz/Downloads/PROYECTO--main/vendor/laravel/framework/src/Illuminate/Cookie/Middleware/AddQueuedCookiesToResponse.php(36): Illuminate/Pipeline/Pipeline->Illuminate/Pipeline/{closure}(Object(Illuminate/Http/Request))
#34 C:/Users/Aprendiz/Downloads/PROYECTO--main/vendor/laravel/framework/src/Illuminate/Pipeline/Pipeline.php(219): Illuminate/Cookie/Middleware/AddQueuedCookiesToResponse->handle(Object(Illuminate/Http/Request), Object(Closure))
#35 C:/Users/Aprendiz/Downloads/PROYECTO--main/vendor/laravel/framework/src/Illuminate/Cookie/Middleware/EncryptCookies.php(74): Illuminate/Pipeline/Pipeline->Illuminate/Pipeline/{closure}(Object(Illuminate/Http/Request))
#36 C:/Users/Aprendiz/Downloads/PROYECTO--main/vendor/laravel/framework/src/Illuminate/Pipeline/Pipeline.php(219): Illuminate/Cookie/Middleware/EncryptCookies->handle(Object(Illuminate/Http/Request), Object(Closure))
#37 C:/Users/Aprendiz/Downloads/PROYECTO--main/vendor/laravel/framework/src/Illuminate/Pipeline/Pipeline.php(137): Illuminate/Pipeline/Pipeline->Illuminate/Pipeline/{closure}(Object(Illuminate/Http/Request))
#38 C:/Users/Aprendiz/Downloads/PROYECTO--main/vendor/laravel/framework/src/Illuminate/Routing/Router.php(821): Illuminate/Pipeline/Pipeline->then(Object(Closure))
#39 C:/Users/Aprendiz/Downloads/PROYECTO--main/vendor/laravel/framework/src/Illuminate/Routing/Router.php(800): Illuminate/Routing/Router->runRouteWithinStack(Object(Illuminate/Routing/Route), Object(Illuminate/Http/Request))
#40 C:/Users/Aprendiz/Downloads/PROYECTO--main/vendor/laravel/framework/src/Illuminate/Routing/Router.php(764): Illuminate/Routing/Router->runRoute(Object(Illuminate/Http/Request), Object(Illuminate/Routing/Route))
#41 C:/Users/Aprendiz/Downloads/PROYECTO--main/vendor/laravel/framework/src/Illuminate/Routing/Router.php(753): Illuminate/Routing/Router->dispatchToRoute(Object(Illuminate/Http/Request))
#42 C:/Users/Aprendiz/Downloads/PROYECTO--main/vendor/laravel/framework/src/Illuminate/Foundation/Http/Kernel.php(200): Illuminate/Routing/Router->dispatch(Object(Illuminate/Http/Request))
#43 C:/Users/Aprendiz/Downloads/PROYECTO--main/vendor/laravel/framework/src/Illuminate/Pipeline/Pipeline.php(180): Illuminate/Foundation/Http/Kernel->Illuminate/Foundation/Http/{closure}(Object(Illuminate/Http/Request))
#44 C:/Users/Aprendiz/Downloads/PROYECTO--main/vendor/laravel/framework/src/Illuminate/Foundation/Http/Middleware/TransformsRequest.php(21): Illuminate/Pipeline/Pipeline->Illuminate/Pipeline/{closure}(Object(Illuminate/Http/Request))
#45 C:/Users/Aprendiz/Downloads/PROYECTO--main/vendor/laravel/framework/src/Illuminate/Foundation/Http/Middleware/ConvertEmptyStringsToNull.php(31): Illuminate/Foundation/Http/Middleware/TransformsRequest->handle(Object(Illuminate/Http/Request), Object(Closure))
#46 C:/Users/Aprendiz/Downloads/PROYECTO--main/vendor/laravel/framework/src/Illuminate/Pipeline/Pipeline.php(219): Illuminate/Foundation/Http/Middleware/ConvertEmptyStringsToNull->handle(Object(Illuminate/Http/Request), Object(Closure))
#47 C:/Users/Aprendiz/Downloads/PROYECTO--main/vendor/laravel/framework/src/Illuminate/Foundation/Http/Middleware/TransformsRequest.php(21): Illuminate/Pipeline/Pipeline->Illuminate/Pipeline/{closure}(Object(Illuminate/Http/Request))
#48 C:/Users/Aprendiz/Downloads/PROYECTO--main/vendor/laravel/framework/src/Illuminate/Foundation/Http/Middleware/TrimStrings.php(51): Illuminate/Foundation/Http/Middleware/TransformsRequest->handle(Object(Illuminate/Http/Request), Object(Closure))
#49 C:/Users/Aprendiz/Downloads/PROYECTO--main/vendor/laravel/framework/src/Illuminate/Pipeline/Pipeline.php(219): Illuminate/Foundation/Http/Middleware/TrimStrings->handle(Object(Illuminate/Http/Request), Object(Closure))
#50 C:/Users/Aprendiz/Downloads/PROYECTO--main/vendor/laravel/framework/src/Illuminate/Http/Middleware/ValidatePostSize.php(27): Illuminate/Pipeline/Pipeline->Illuminate/Pipeline/{closure}(Object(Illuminate/Http/Request))
#51 C:/Users/Aprendiz/Downloads/PROYECTO--main/vendor/laravel/framework/src/Illuminate/Pipeline/Pipeline.php(219): Illuminate/Http/Middleware/ValidatePostSize->handle(Object(Illuminate/Http/Request), Object(Closure))
#52 C:/Users/Aprendiz/Downloads/PROYECTO--main/vendor/laravel/framework/src/Illuminate/Foundation/Http/Middleware/PreventRequestsDuringMaintenance.php(109): Illuminate/Pipeline/Pipeline->Illuminate/Pipeline/{closure}(Object(Illuminate/Http/Request))
#53 C:/Users/Aprendiz/Downloads/PROYECTO--main/vendor/laravel/framework/src/Illuminate/Pipeline/Pipeline.php(219): Illuminate/Foundation/Http/Middleware/PreventRequestsDuringMaintenance->handle(Object(Illuminate/Http/Request), Object(Closure))
#54 C:/Users/Aprendiz/Downloads/PROYECTO--main/vendor/laravel/framework/src/Illuminate/Http/Middleware/HandleCors.php(61): Illuminate/Pipeline/Pipeline->Illuminate/Pipeline/{closure}(Object(Illuminate/Http/Request))
#55 C:/Users/Aprendiz/Downloads/PROYECTO--main/vendor/laravel/framework/src/Illuminate/Pipeline/Pipeline.php(219): Illuminate/Http/Middleware/HandleCors->handle(Object(Illuminate/Http/Request), Object(Closure))
#56 C:/Users/Aprendiz/Downloads/PROYECTO--main/vendor/laravel/framework/src/Illuminate/Http/Middleware/TrustProxies.php(58): Illuminate/Pipeline/Pipeline->Illuminate/Pipeline/{closure}(Object(Illuminate/Http/Request))
#57 C:/Users/Aprendiz/Downloads/PROYECTO--main/vendor/laravel/framework/src/Illuminate/Pipeline/Pipeline.php(219): Illuminate/Http/Middleware/TrustProxies->handle(Object(Illuminate/Http/Request), Object(Closure))
#58 C:/Users/Aprendiz/Downloads/PROYECTO--main/vendor/laravel/framework/src/Illuminate/Foundation/Http/Middleware/InvokeDeferredCallbacks.php(22): Illuminate/Pipeline/Pipeline->Illuminate/Pipeline/{closure}(Object(Illuminate/Http/Request))
#59 C:/Users/Aprendiz/Downloads/PROYECTO--main/vendor/laravel/framework/src/Illuminate/Pipeline/Pipeline.php(219): Illuminate/Foundation/Http/Middleware/InvokeDeferredCallbacks->handle(Object(Illuminate/Http/Request), Object(Closure))
#60 C:/Users/Aprendiz/Downloads/PROYECTO--main/vendor/laravel/framework/src/Illuminate/Http/Middleware/ValidatePathEncoding.php(26): Illuminate/Pipeline/Pipeline->Illuminate/Pipeline/{closure}(Object(Illuminate/Http/Request))
#61 C:/Users/Aprendiz/Downloads/PROYECTO--main/vendor/laravel/framework/src/Illuminate/Pipeline/Pipeline.php(219): Illuminate/Http/Middleware/ValidatePathEncoding->handle(Object(Illuminate/Http/Request), Object(Closure))
#62 C:/Users/Aprendiz/Downloads/PROYECTO--main/vendor/laravel/framework/src/Illuminate/Pipeline/Pipeline.php(137): Illuminate/Pipeline/Pipeline->Illuminate/Pipeline/{closure}(Object(Illuminate/Http/Request))
#63 C:/Users/Aprendiz/Downloads/PROYECTO--main/vendor/laravel/framework/src/Illuminate/Foundation/Http/Kernel.php(175): Illuminate/Pipeline/Pipeline->then(Object(Closure))
#64 C:/Users/Aprendiz/Downloads/PROYECTO--main/vendor/laravel/framework/src/Illuminate/Foundation/Http/Kernel.php(144): Illuminate/Foundation/Http/Kernel->sendRequestThroughRouter(Object(Illuminate/Http/Request))
#65 C:/Users/Aprendiz/Downloads/PROYECTO--main/vendor/laravel/framework/src/Illuminate/Foundation/Application.php(1220): Illuminate/Foundation/Http/Kernel->handle(Object(Illuminate/Http/Request))
#66 C:/Users/Aprendiz/Downloads/PROYECTO--main/public/index.php(20): Illuminate/Foundation/Application->handleRequest(Object(Illuminate/Http/Request))
#67 C:/Users/Aprendiz/Downloads/PROYECTO--main/vendor/laravel/framework/src/Illuminate/Foundation/resources/server.php(23): require_once('C://Users//Aprend...')
#68 {main}

[previous exception] [object] (PDOException(code: HY000): SQLSTATE[HY000]: General error: 1 table appointments has no column named worker at C:/Users/Aprendiz/Downloads/PROYECTO--main/vendor/laravel/framework/src/Illuminate/Database/Connection.php:578)
[stacktrace]
#0 C:/Users/Aprendiz/Downloads/PROYECTO--main/vendor/laravel/framework/src/Illuminate/Database/Connection.php(578): PDO->prepare('insert into \"ap...')
#1 C:/Users/Aprendiz/Downloads/PROYECTO--main/vendor/laravel/framework/src/Illuminate/Database/Connection.php(827): Illuminate/Database/Connection->Illuminate/Database/{closure}('insert into \"ap...', Array)
#2 C:/Users/Aprendiz/Downloads/PROYECTO--main/vendor/laravel/framework/src/Illuminate/Database/Connection.php(794): Illuminate/Database/Connection->runQueryCallback('insert into \"ap...', Array, Object(Closure))
#3 C:/Users/Aprendiz/Downloads/PROYECTO--main/vendor/laravel/framework/src/Illuminate/Database/Connection.php(573): Illuminate/Database/Connection->run('insert into \"ap...', Array, Object(Closure))
#4 C:/Users/Aprendiz/Downloads/PROYECTO--main/vendor/laravel/framework/src/Illuminate/Database/Connection.php(537): Illuminate/Database/Connection->statement('insert into \"ap...', Array)
#5 C:/Users/Aprendiz/Downloads/PROYECTO--main/vendor/laravel/framework/src/Illuminate/Database/Query/Processors/Processor.php(32): Illuminate/Database/Connection->insert('insert into \"ap...', Array)
#6 C:/Users/Aprendiz/Downloads/PROYECTO--main/vendor/laravel/framework/src/Illuminate/Database/Query/Builder.php(4170): Illuminate/Database/Query/Processors/Processor->processInsertGetId(Object(Illuminate/Database/Query/Builder), 'insert into \"ap...', Array, 'id')
#7 C:/Users/Aprendiz/Downloads/PROYECTO--main/vendor/laravel/framework/src/Illuminate/Database/Eloquent/Builder.php(2237): Illuminate/Database/Query/Builder->insertGetId(Array, 'id')
#8 C:/Users/Aprendiz/Downloads/PROYECTO--main/vendor/laravel/framework/src/Illuminate/Database/Eloquent/Model.php(1436): Illuminate/Database/Eloquent/Builder->__call('insertGetId', Array)
#9 C:/Users/Aprendiz/Downloads/PROYECTO--main/vendor/laravel/framework/src/Illuminate/Database/Eloquent/Model.php(1401): Illuminate/Database/Eloquent/Model->insertAndSetId(Object(Illuminate/Database/Eloquent/Builder), Array)
#10 C:/Users/Aprendiz/Downloads/PROYECTO--main/vendor/laravel/framework/src/Illuminate/Database/Eloquent/Model.php(1240): Illuminate/Database/Eloquent/Model->performInsert(Object(Illuminate/Database/Eloquent/Builder))
#11 C:/Users/Aprendiz/Downloads/PROYECTO--main/vendor/laravel/framework/src/Illuminate/Database/Eloquent/Builder.php(1219): Illuminate/Database/Eloquent/Model->save()
#12 C:/Users/Aprendiz/Downloads/PROYECTO--main/vendor/laravel/framework/src/Illuminate/Support/helpers.php(393): Illuminate/Database/Eloquent/Builder->Illuminate/Database/Eloquent/{closure}(Object(App/Models/Appointment))
#13 C:/Users/Aprendiz/Downloads/PROYECTO--main/vendor/laravel/framework/src/Illuminate/Database/Eloquent/Builder.php(1218): tap(Object(App/Models/Appointment), Object(Closure))
#14 C:/Users/Aprendiz/Downloads/PROYECTO--main/vendor/laravel/framework/src/Illuminate/Support/Traits/ForwardsCalls.php(23): Illuminate/Database/Eloquent/Builder->create(Array)
#15 C:/Users/Aprendiz/Downloads/PROYECTO--main/vendor/laravel/framework/src/Illuminate/Database/Eloquent/Model.php(2544): Illuminate/Database/Eloquent/Model->forwardCallTo(Object(Illuminate/Database/Eloquent/Builder), 'create', Array)
#16 C:/Users/Aprendiz/Downloads/PROYECTO--main/vendor/laravel/framework/src/Illuminate/Database/Eloquent/Model.php(2560): Illuminate/Database/Eloquent/Model->__call('create', Array)
#17 C:/Users/Aprendiz/Downloads/PROYECTO--main/app/Http/Controllers/AppointmentController.php(67): Illuminate/Database/Eloquent/Model::__callStatic('create', Array)
#18 C:/Users/Aprendiz/Downloads/PROYECTO--main/vendor/laravel/framework/src/Illuminate/Routing/Controller.php(54): App/Http/Controllers/AppointmentController->store(Object(Illuminate/Http/Request))
#19 C:/Users/Aprendiz/Downloads/PROYECTO--main/vendor/laravel/framework/src/Illuminate/Routing/ControllerDispatcher.php(43): Illuminate/Routing/Controller->callAction('store', Array)
#20 C:/Users/Aprendiz/Downloads/PROYECTO--main/vendor/laravel/framework/src/Illuminate/Routing/Route.php(265): Illuminate/Routing/ControllerDispatcher->dispatch(Object(Illuminate/Routing/Route), Object(App/Http/Controllers/AppointmentController), 'store')
#21 C:/Users/Aprendiz/Downloads/PROYECTO--main/vendor/laravel/framework/src/Illuminate/Routing/Route.php(211): Illuminate/Routing/Route->runController()
#22 C:/Users/Aprendiz/Downloads/PROYECTO--main/vendor/laravel/framework/src/Illuminate/Routing/Router.php(822): Illuminate/Routing/Route->run()
#23 C:/Users/Aprendiz/Downloads/PROYECTO--main/vendor/laravel/framework/src/Illuminate/Pipeline/Pipeline.php(180): Illuminate/Routing/Router->Illuminate/Routing/{closure}(Object(Illuminate/Http/Request))
#24 C:/Users/Aprendiz/Downloads/PROYECTO--main/vendor/laravel/framework/src/Illuminate/Routing/Middleware/SubstituteBindings.php(50): Illuminate/Pipeline/Pipeline->Illuminate/Pipeline/{closure}(Object(Illuminate/Http/Request))
#25 C:/Users/Aprendiz/Downloads/PROYECTO--main/vendor/laravel/framework/src/Illuminate/Pipeline/Pipeline.php(219): Illuminate/Routing/Middleware/SubstituteBindings->handle(Object(Illuminate/Http/Request), Object(Closure))
#26 C:/Users/Aprendiz/Downloads/PROYECTO--main/vendor/laravel/framework/src/Illuminate/Auth/Middleware/Authenticate.php(63): Illuminate/Pipeline/Pipeline->Illuminate/Pipeline/{closure}(Object(Illuminate/Http/Request))
#27 C:/Users/Aprendiz/Downloads/PROYECTO--main/vendor/laravel/framework/src/Illuminate/Pipeline/Pipeline.php(219): Illuminate/Auth/Middleware/Authenticate->handle(Object(Illuminate/Http/Request), Object(Closure))
#28 C:/Users/Aprendiz/Downloads/PROYECTO--main/vendor/laravel/framework/src/Illuminate/Foundation/Http/Middleware/VerifyCsrfToken.php(87): Illuminate/Pipeline/Pipeline->Illuminate/Pipeline/{closure}(Object(Illuminate/Http/Request))
#29 C:/Users/Aprendiz/Downloads/PROYECTO--main/vendor/laravel/framework/src/Illuminate/Pipeline/Pipeline.php(219): Illuminate/Foundation/Http/Middleware/VerifyCsrfToken->handle(Object(Illuminate/Http/Request), Object(Closure))
#30 C:/Users/Aprendiz/Downloads/PROYECTO--main/vendor/laravel/framework/src/Illuminate/View/Middleware/ShareErrorsFromSession.php(48): Illuminate/Pipeline/Pipeline->Illuminate/Pipeline/{closure}(Object(Illuminate/Http/Request))
#31 C:/Users/Aprendiz/Downloads/PROYECTO--main/vendor/laravel/framework/src/Illuminate/Pipeline/Pipeline.php(219): Illuminate/View/Middleware/ShareErrorsFromSession->handle(Object(Illuminate/Http/Request), Object(Closure))
#32 C:/Users/Aprendiz/Downloads/PROYECTO--main/vendor/laravel/framework/src/Illuminate/Session/Middleware/StartSession.php(120): Illuminate/Pipeline/Pipeline->Illuminate/Pipeline/{closure}(Object(Illuminate/Http/Request))
#33 C:/Users/Aprendiz/Downloads/PROYECTO--main/vendor/laravel/framework/src/Illuminate/Session/Middleware/StartSession.php(63): Illuminate/Session/Middleware/StartSession->handleStatefulRequest(Object(Illuminate/Http/Request), Object(Illuminate/Session/Store), Object(Closure))
#34 C:/Users/Aprendiz/Downloads/PROYECTO--main/vendor/laravel/framework/src/Illuminate/Pipeline/Pipeline.php(219): Illuminate/Session/Middleware/StartSession->handle(Object(Illuminate/Http/Request), Object(Closure))
#35 C:/Users/Aprendiz/Downloads/PROYECTO--main/vendor/laravel/framework/src/Illuminate/Cookie/Middleware/AddQueuedCookiesToResponse.php(36): Illuminate/Pipeline/Pipeline->Illuminate/Pipeline/{closure}(Object(Illuminate/Http/Request))
#36 C:/Users/Aprendiz/Downloads/PROYECTO--main/vendor/laravel/framework/src/Illuminate/Pipeline/Pipeline.php(219): Illuminate/Cookie/Middleware/AddQueuedCookiesToResponse->handle(Object(Illuminate/Http/Request), Object(Closure))
#37 C:/Users/Aprendiz/Downloads/PROYECTO--main/vendor/laravel/framework/src/Illuminate/Cookie/Middleware/EncryptCookies.php(74): Illuminate/Pipeline/Pipeline->Illuminate/Pipeline/{closure}(Object(Illuminate/Http/Request))
#38 C:/Users/Aprendiz/Downloads/PROYECTO--main/vendor/laravel/framework/src/Illuminate/Pipeline/Pipeline.php(219): Illuminate/Cookie/Middleware/EncryptCookies->handle(Object(Illuminate/Http/Request), Object(Closure))
#39 C:/Users/Aprendiz/Downloads/PROYECTO--main/vendor/laravel/framework/src/Illuminate/Pipeline/Pipeline.php(137): Illuminate/Pipeline/Pipeline->Illuminate/Pipeline/{closure}(Object(Illuminate/Http/Request))
#40 C:/Users/Aprendiz/Downloads/PROYECTO--main/vendor/laravel/framework/src/Illuminate/Routing/Router.php(821): Illuminate/Pipeline/Pipeline->then(Object(Closure))
#41 C:/Users/Aprendiz/Downloads/PROYECTO--main/vendor/laravel/framework/src/Illuminate/Routing/Router.php(800): Illuminate/Routing/Router->runRouteWithinStack(Object(Illuminate/Routing/Route), Object(Illuminate/Http/Request))
#42 C:/Users/Aprendiz/Downloads/PROYECTO--main/vendor/laravel/framework/src/Illuminate/Routing/Router.php(764): Illuminate/Routing/Router->runRoute(Object(Illuminate/Http/Request), Object(Illuminate/Routing/Route))
#43 C:/Users/Aprendiz/Downloads/PROYECTO--main/vendor/laravel/framework/src/Illuminate/Routing/Router.php(753): Illuminate/Routing/Router->dispatchToRoute(Object(Illuminate/Http/Request))
#44 C:/Users/Aprendiz/Downloads/PROYECTO--main/vendor/laravel/framework/src/Illuminate/Foundation/Http/Kernel.php(200): Illuminate/Routing/Router->dispatch(Object(Illuminate/Http/Request))
#45 C:/Users/Aprendiz/Downloads/PROYECTO--main/vendor/laravel/framework/src/Illuminate/Pipeline/Pipeline.php(180): Illuminate/Foundation/Http/Kernel->Illuminate/Foundation/Http/{closure}(Object(Illuminate/Http/Request))
#46 C:/Users/Aprendiz/Downloads/PROYECTO--main/vendor/laravel/framework/src/Illuminate/Foundation/Http/Middleware/TransformsRequest.php(21): Illuminate/Pipeline/Pipeline->Illuminate/Pipeline/{closure}(Object(Illuminate/Http/Request))
#47 C:/Users/Aprendiz/Downloads/PROYECTO--main/vendor/laravel/framework/src/Illuminate/Foundation/Http/Middleware/ConvertEmptyStringsToNull.php(31): Illuminate/Foundation/Http/Middleware/TransformsRequest->handle(Object(Illuminate/Http/Request), Object(Closure))
#48 C:/Users/Aprendiz/Downloads/PROYECTO--main/vendor/laravel/framework/src/Illuminate/Pipeline/Pipeline.php(219): Illuminate/Foundation/Http/Middleware/ConvertEmptyStringsToNull->handle(Object(Illuminate/Http/Request), Object(Closure))
#49 C:/Users/Aprendiz/Downloads/PROYECTO--main/vendor/laravel/framework/src/Illuminate/Foundation/Http/Middleware/TransformsRequest.php(21): Illuminate/Pipeline/Pipeline->Illuminate/Pipeline/{closure}(Object(Illuminate/Http/Request))
#50 C:/Users/Aprendiz/Downloads/PROYECTO--main/vendor/laravel/framework/src/Illuminate/Foundation/Http/Middleware/TrimStrings.php(51): Illuminate/Foundation/Http/Middleware/TransformsRequest->handle(Object(Illuminate/Http/Request), Object(Closure))
#51 C:/Users/Aprendiz/Downloads/PROYECTO--main/vendor/laravel/framework/src/Illuminate/Pipeline/Pipeline.php(219): Illuminate/Foundation/Http/Middleware/TrimStrings->handle(Object(Illuminate/Http/Request), Object(Closure))
#52 C:/Users/Aprendiz/Downloads/PROYECTO--main/vendor/laravel/framework/src/Illuminate/Http/Middleware/ValidatePostSize.php(27): Illuminate/Pipeline/Pipeline->Illuminate/Pipeline/{closure}(Object(Illuminate/Http/Request))
#53 C:/Users/Aprendiz/Downloads/PROYECTO--main/vendor/laravel/framework/src/Illuminate/Pipeline/Pipeline.php(219): Illuminate/Http/Middleware/ValidatePostSize->handle(Object(Illuminate/Http/Request), Object(Closure))
#54 C:/Users/Aprendiz/Downloads/PROYECTO--main/vendor/laravel/framework/src/Illuminate/Foundation/Http/Middleware/PreventRequestsDuringMaintenance.php(109): Illuminate/Pipeline/Pipeline->Illuminate/Pipeline/{closure}(Object(Illuminate/Http/Request))
#55 C:/Users/Aprendiz/Downloads/PROYECTO--main/vendor/laravel/framework/src/Illuminate/Pipeline/Pipeline.php(219): Illuminate/Foundation/Http/Middleware/PreventRequestsDuringMaintenance->handle(Object(Illuminate/Http/Request), Object(Closure))
#56 C:/Users/Aprendiz/Downloads/PROYECTO--main/vendor/laravel/framework/src/Illuminate/Http/Middleware/HandleCors.php(61): Illuminate/Pipeline/Pipeline->Illuminate/Pipeline/{closure}(Object(Illuminate/Http/Request))
#57 C:/Users/Aprendiz/Downloads/PROYECTO--main/vendor/laravel/framework/src/Illuminate/Pipeline/Pipeline.php(219): Illuminate/Http/Middleware/HandleCors->handle(Object(Illuminate/Http/Request), Object(Closure))
#58 C:/Users/Aprendiz/Downloads/PROYECTO--main/vendor/laravel/framework/src/Illuminate/Http/Middleware/TrustProxies.php(58): Illuminate/Pipeline/Pipeline->Illuminate/Pipeline/{closure}(Object(Illuminate/Http/Request))
#59 C:/Users/Aprendiz/Downloads/PROYECTO--main/vendor/laravel/framework/src/Illuminate/Pipeline/Pipeline.php(219): Illuminate/Http/Middleware/TrustProxies->handle(Object(Illuminate/Http/Request), Object(Closure))
#60 C:/Users/Aprendiz/Downloads/PROYECTO--main/vendor/laravel/framework/src/Illuminate/Foundation/Http/Middleware/InvokeDeferredCallbacks.php(22): Illuminate/Pipeline/Pipeline->Illuminate/Pipeline/{closure}(Object(Illuminate/Http/Request))
#61 C:/Users/Aprendiz/Downloads/PROYECTO--main/vendor/laravel/framework/src/Illuminate/Pipeline/Pipeline.php(219): Illuminate/Foundation/Http/Middleware/InvokeDeferredCallbacks->handle(Object(Illuminate/Http/Request), Object(Closure))
#62 C:/Users/Aprendiz/Downloads/PROYECTO--main/vendor/laravel/framework/src/Illuminate/Http/Middleware/ValidatePathEncoding.php(26): Illuminate/Pipeline/Pipeline->Illuminate/Pipeline/{closure}(Object(Illuminate/Http/Request))
#63 C:/Users/Aprendiz/Downloads/PROYECTO--main/vendor/laravel/framework/src/Illuminate/Pipeline/Pipeline.php(219): Illuminate/Http/Middleware/ValidatePathEncoding->handle(Object(Illuminate/Http/Request), Object(Closure))
#64 C:/Users/Aprendiz/Downloads/PROYECTO--main/vendor/laravel/framework/src/Illuminate/Pipeline/Pipeline.php(137): Illuminate/Pipeline/Pipeline->Illuminate/Pipeline/{closure}(Object(Illuminate/Http/Request))
#65 C:/Users/Aprendiz/Downloads/PROYECTO--main/vendor/laravel/framework/src/Illuminate/Foundation/Http/Kernel.php(175): Illuminate/Pipeline/Pipeline->then(Object(Closure))
#66 C:/Users/Aprendiz/Downloads/PROYECTO--main/vendor/laravel/framework/src/Illuminate/Foundation/Http/Kernel.php(144): Illuminate/Foundation/Http/Kernel->sendRequestThroughRouter(Object(Illuminate/Http/Request))
#67 C:/Users/Aprendiz/Downloads/PROYECTO--main/vendor/laravel/framework/src/Illuminate/Foundation/Application.php(1220): Illuminate/Foundation/Http/Kernel->handle(Object(Illuminate/Http/Request))
#68 C:/Users/Aprendiz/Downloads/PROYECTO--main/public/index.php(20): Illuminate/Foundation/Application->handleRequest(Object(Illuminate/Http/Request))
#69 C:/Users/Aprendiz/Downloads/PROYECTO--main/vendor/laravel/framework/src/Illuminate/Foundation/resources/server.php(23): require_once('C://Users//Aprend...')
#70 {main}
"} 
[2026-06-18 17:45:23] local.ERROR: SQLSTATE[HY000]: General error: 1 table appointments has no column named worker (Connection: sqlite, Database: C:\Users\Aprendiz\Downloads\PROYECTO--main\database\database.sqlite, SQL: insert into "appointments" ("user_id", "service_id", "date", "time", "worker", "status", "updated_at", "created_at") values (5, 1, 2026-06-20, 11:00, Laura Díaz, pendiente, 2026-06-18 17:45:23, 2026-06-18 17:45:23)) {"userId":5,"exception":"[object] (Illuminate\\Database\\QueryException(code: HY000): SQLSTATE[HY000]: General error: 1 table appointments has no column named worker (Connection: sqlite, Database: C:\\Users\\Aprendiz\\Downloads\\PROYECTO--main\\database\\database.sqlite, SQL: insert into \"appointments\" (\"user_id\", \"service_id\", \"date\", \"time\", \"worker\", \"status\", \"updated_at\", \"created_at\") values (5, 1, 2026-06-20, 11:00, Laura Díaz, pendiente, 2026-06-18 17:45:23, 2026-06-18 17:45:23)) at C:/Users/Aprendiz/Downloads/PROYECTO--main/vendor/laravel/framework/src/Illuminate/Database/Connection.php:838)
[stacktrace]
#0 C:/Users/Aprendiz/Downloads/PROYECTO--main/vendor/laravel/framework/src/Illuminate/Database/Connection.php(794): Illuminate/Database/Connection->runQueryCallback('insert into \"ap...', Array, Object(Closure))
#1 C:/Users/Aprendiz/Downloads/PROYECTO--main/vendor/laravel/framework/src/Illuminate/Database/Connection.php(573): Illuminate/Database/Connection->run('insert into \"ap...', Array, Object(Closure))
#2 C:/Users/Aprendiz/Downloads/PROYECTO--main/vendor/laravel/framework/src/Illuminate/Database/Connection.php(537): Illuminate/Database/Connection->statement('insert into \"ap...', Array)
#3 C:/Users/Aprendiz/Downloads/PROYECTO--main/vendor/laravel/framework/src/Illuminate/Database/Query/Processors/Processor.php(32): Illuminate/Database/Connection->insert('insert into \"ap...', Array)
#4 C:/Users/Aprendiz/Downloads/PROYECTO--main/vendor/laravel/framework/src/Illuminate/Database/Query/Builder.php(4170): Illuminate/Database/Query/Processors/Processor->processInsertGetId(Object(Illuminate/Database/Query/Builder), 'insert into \"ap...', Array, 'id')
#5 C:/Users/Aprendiz/Downloads/PROYECTO--main/vendor/laravel/framework/src/Illuminate/Database/Eloquent/Builder.php(2237): Illuminate/Database/Query/Builder->insertGetId(Array, 'id')
#6 C:/Users/Aprendiz/Downloads/PROYECTO--main/vendor/laravel/framework/src/Illuminate/Database/Eloquent/Model.php(1436): Illuminate/Database/Eloquent/Builder->__call('insertGetId', Array)
#7 C:/Users/Aprendiz/Downloads/PROYECTO--main/vendor/laravel/framework/src/Illuminate/Database/Eloquent/Model.php(1401): Illuminate/Database/Eloquent/Model->insertAndSetId(Object(Illuminate/Database/Eloquent/Builder), Array)
#8 C:/Users/Aprendiz/Downloads/PROYECTO--main/vendor/laravel/framework/src/Illuminate/Database/Eloquent/Model.php(1240): Illuminate/Database/Eloquent/Model->performInsert(Object(Illuminate/Database/Eloquent/Builder))
#9 C:/Users/Aprendiz/Downloads/PROYECTO--main/vendor/laravel/framework/src/Illuminate/Database/Eloquent/Builder.php(1219): Illuminate/Database/Eloquent/Model->save()
#10 C:/Users/Aprendiz/Downloads/PROYECTO--main/vendor/laravel/framework/src/Illuminate/Support/helpers.php(393): Illuminate/Database/Eloquent/Builder->Illuminate/Database/Eloquent/{closure}(Object(App/Models/Appointment))
#11 C:/Users/Aprendiz/Downloads/PROYECTO--main/vendor/laravel/framework/src/Illuminate/Database/Eloquent/Builder.php(1218): tap(Object(App/Models/Appointment), Object(Closure))
#12 C:/Users/Aprendiz/Downloads/PROYECTO--main/vendor/laravel/framework/src/Illuminate/Support/Traits/ForwardsCalls.php(23): Illuminate/Database/Eloquent/Builder->create(Array)
#13 C:/Users/Aprendiz/Downloads/PROYECTO--main/vendor/laravel/framework/src/Illuminate/Database/Eloquent/Model.php(2544): Illuminate/Database/Eloquent/Model->forwardCallTo(Object(Illuminate/Database/Eloquent/Builder), 'create', Array)
#14 C:/Users/Aprendiz/Downloads/PROYECTO--main/vendor/laravel/framework/src/Illuminate/Database/Eloquent/Model.php(2560): Illuminate/Database/Eloquent/Model->__call('create', Array)
#15 C:/Users/Aprendiz/Downloads/PROYECTO--main/app/Http/Controllers/AppointmentController.php(67): Illuminate/Database/Eloquent/Model::__callStatic('create', Array)
#16 C:/Users/Aprendiz/Downloads/PROYECTO--main/vendor/laravel/framework/src/Illuminate/Routing/Controller.php(54): App/Http/Controllers/AppointmentController->store(Object(Illuminate/Http/Request))
#17 C:/Users/Aprendiz/Downloads/PROYECTO--main/vendor/laravel/framework/src/Illuminate/Routing/ControllerDispatcher.php(43): Illuminate/Routing/Controller->callAction('store', Array)
#18 C:/Users/Aprendiz/Downloads/PROYECTO--main/vendor/laravel/framework/src/Illuminate/Routing/Route.php(265): Illuminate/Routing/ControllerDispatcher->dispatch(Object(Illuminate/Routing/Route), Object(App/Http/Controllers/AppointmentController), 'store')
#19 C:/Users/Aprendiz/Downloads/PROYECTO--main/vendor/laravel/framework/src/Illuminate/Routing/Route.php(211): Illuminate/Routing/Route->runController()
#20 C:/Users/Aprendiz/Downloads/PROYECTO--main/vendor/laravel/framework/src/Illuminate/Routing/Router.php(822): Illuminate/Routing/Route->run()
#21 C:/Users/Aprendiz/Downloads/PROYECTO--main/vendor/laravel/framework/src/Illuminate/Pipeline/Pipeline.php(180): Illuminate/Routing/Router->Illuminate/Routing/{closure}(Object(Illuminate/Http/Request))
#22 C:/Users/Aprendiz/Downloads/PROYECTO--main/vendor/laravel/framework/src/Illuminate/Routing/Middleware/SubstituteBindings.php(50): Illuminate/Pipeline/Pipeline->Illuminate/Pipeline/{closure}(Object(Illuminate/Http/Request))
#23 C:/Users/Aprendiz/Downloads/PROYECTO--main/vendor/laravel/framework/src/Illuminate/Pipeline/Pipeline.php(219): Illuminate/Routing/Middleware/SubstituteBindings->handle(Object(Illuminate/Http/Request), Object(Closure))
#24 C:/Users/Aprendiz/Downloads/PROYECTO--main/vendor/laravel/framework/src/Illuminate/Auth/Middleware/Authenticate.php(63): Illuminate/Pipeline/Pipeline->Illuminate/Pipeline/{closure}(Object(Illuminate/Http/Request))
#25 C:/Users/Aprendiz/Downloads/PROYECTO--main/vendor/laravel/framework/src/Illuminate/Pipeline/Pipeline.php(219): Illuminate/Auth/Middleware/Authenticate->handle(Object(Illuminate/Http/Request), Object(Closure))
#26 C:/Users/Aprendiz/Downloads/PROYECTO--main/vendor/laravel/framework/src/Illuminate/Foundation/Http/Middleware/VerifyCsrfToken.php(87): Illuminate/Pipeline/Pipeline->Illuminate/Pipeline/{closure}(Object(Illuminate/Http/Request))
#27 C:/Users/Aprendiz/Downloads/PROYECTO--main/vendor/laravel/framework/src/Illuminate/Pipeline/Pipeline.php(219): Illuminate/Foundation/Http/Middleware/VerifyCsrfToken->handle(Object(Illuminate/Http/Request), Object(Closure))
#28 C:/Users/Aprendiz/Downloads/PROYECTO--main/vendor/laravel/framework/src/Illuminate/View/Middleware/ShareErrorsFromSession.php(48): Illuminate/Pipeline/Pipeline->Illuminate/Pipeline/{closure}(Object(Illuminate/Http/Request))
#29 C:/Users/Aprendiz/Downloads/PROYECTO--main/vendor/laravel/framework/src/Illuminate/Pipeline/Pipeline.php(219): Illuminate/View/Middleware/ShareErrorsFromSession->handle(Object(Illuminate/Http/Request), Object(Closure))
#30 C:/Users/Aprendiz/Downloads/PROYECTO--main/vendor/laravel/framework/src/Illuminate/Session/Middleware/StartSession.php(120): Illuminate/Pipeline/Pipeline->Illuminate/Pipeline/{closure}(Object(Illuminate/Http/Request))
#31 C:/Users/Aprendiz/Downloads/PROYECTO--main/vendor/laravel/framework/src/Illuminate/Session/Middleware/StartSession.php(63): Illuminate/Session/Middleware/StartSession->handleStatefulRequest(Object(Illuminate/Http/Request), Object(Illuminate/Session/Store), Object(Closure))
#32 C:/Users/Aprendiz/Downloads/PROYECTO--main/vendor/laravel/framework/src/Illuminate/Pipeline/Pipeline.php(219): Illuminate/Session/Middleware/StartSession->handle(Object(Illuminate/Http/Request), Object(Closure))
#33 C:/Users/Aprendiz/Downloads/PROYECTO--main/vendor/laravel/framework/src/Illuminate/Cookie/Middleware/AddQueuedCookiesToResponse.php(36): Illuminate/Pipeline/Pipeline->Illuminate/Pipeline/{closure}(Object(Illuminate/Http/Request))
#34 C:/Users/Aprendiz/Downloads/PROYECTO--main/vendor/laravel/framework/src/Illuminate/Pipeline/Pipeline.php(219): Illuminate/Cookie/Middleware/AddQueuedCookiesToResponse->handle(Object(Illuminate/Http/Request), Object(Closure))
#35 C:/Users/Aprendiz/Downloads/PROYECTO--main/vendor/laravel/framework/src/Illuminate/Cookie/Middleware/EncryptCookies.php(74): Illuminate/Pipeline/Pipeline->Illuminate/Pipeline/{closure}(Object(Illuminate/Http/Request))
#36 C:/Users/Aprendiz/Downloads/PROYECTO--main/vendor/laravel/framework/src/Illuminate/Pipeline/Pipeline.php(219): Illuminate/Cookie/Middleware/EncryptCookies->handle(Object(Illuminate/Http/Request), Object(Closure))
#37 C:/Users/Aprendiz/Downloads/PROYECTO--main/vendor/laravel/framework/src/Illuminate/Pipeline/Pipeline.php(137): Illuminate/Pipeline/Pipeline->Illuminate/Pipeline/{closure}(Object(Illuminate/Http/Request))
#38 C:/Users/Aprendiz/Downloads/PROYECTO--main/vendor/laravel/framework/src/Illuminate/Routing/Router.php(821): Illuminate/Pipeline/Pipeline->then(Object(Closure))
#39 C:/Users/Aprendiz/Downloads/PROYECTO--main/vendor/laravel/framework/src/Illuminate/Routing/Router.php(800): Illuminate/Routing/Router->runRouteWithinStack(Object(Illuminate/Routing/Route), Object(Illuminate/Http/Request))
#40 C:/Users/Aprendiz/Downloads/PROYECTO--main/vendor/laravel/framework/src/Illuminate/Routing/Router.php(764): Illuminate/Routing/Router->runRoute(Object(Illuminate/Http/Request), Object(Illuminate/Routing/Route))
#41 C:/Users/Aprendiz/Downloads/PROYECTO--main/vendor/laravel/framework/src/Illuminate/Routing/Router.php(753): Illuminate/Routing/Router->dispatchToRoute(Object(Illuminate/Http/Request))
#42 C:/Users/Aprendiz/Downloads/PROYECTO--main/vendor/laravel/framework/src/Illuminate/Foundation/Http/Kernel.php(200): Illuminate/Routing/Router->dispatch(Object(Illuminate/Http/Request))
#43 C:/Users/Aprendiz/Downloads/PROYECTO--main/vendor/laravel/framework/src/Illuminate/Pipeline/Pipeline.php(180): Illuminate/Foundation/Http/Kernel->Illuminate/Foundation/Http/{closure}(Object(Illuminate/Http/Request))
#44 C:/Users/Aprendiz/Downloads/PROYECTO--main/vendor/laravel/framework/src/Illuminate/Foundation/Http/Middleware/TransformsRequest.php(21): Illuminate/Pipeline/Pipeline->Illuminate/Pipeline/{closure}(Object(Illuminate/Http/Request))
#45 C:/Users/Aprendiz/Downloads/PROYECTO--main/vendor/laravel/framework/src/Illuminate/Foundation/Http/Middleware/ConvertEmptyStringsToNull.php(31): Illuminate/Foundation/Http/Middleware/TransformsRequest->handle(Object(Illuminate/Http/Request), Object(Closure))
#46 C:/Users/Aprendiz/Downloads/PROYECTO--main/vendor/laravel/framework/src/Illuminate/Pipeline/Pipeline.php(219): Illuminate/Foundation/Http/Middleware/ConvertEmptyStringsToNull->handle(Object(Illuminate/Http/Request), Object(Closure))
#47 C:/Users/Aprendiz/Downloads/PROYECTO--main/vendor/laravel/framework/src/Illuminate/Foundation/Http/Middleware/TransformsRequest.php(21): Illuminate/Pipeline/Pipeline->Illuminate/Pipeline/{closure}(Object(Illuminate/Http/Request))
#48 C:/Users/Aprendiz/Downloads/PROYECTO--main/vendor/laravel/framework/src/Illuminate/Foundation/Http/Middleware/TrimStrings.php(51): Illuminate/Foundation/Http/Middleware/TransformsRequest->handle(Object(Illuminate/Http/Request), Object(Closure))
#49 C:/Users/Aprendiz/Downloads/PROYECTO--main/vendor/laravel/framework/src/Illuminate/Pipeline/Pipeline.php(219): Illuminate/Foundation/Http/Middleware/TrimStrings->handle(Object(Illuminate/Http/Request), Object(Closure))
#50 C:/Users/Aprendiz/Downloads/PROYECTO--main/vendor/laravel/framework/src/Illuminate/Http/Middleware/ValidatePostSize.php(27): Illuminate/Pipeline/Pipeline->Illuminate/Pipeline/{closure}(Object(Illuminate/Http/Request))
#51 C:/Users/Aprendiz/Downloads/PROYECTO--main/vendor/laravel/framework/src/Illuminate/Pipeline/Pipeline.php(219): Illuminate/Http/Middleware/ValidatePostSize->handle(Object(Illuminate/Http/Request), Object(Closure))
#52 C:/Users/Aprendiz/Downloads/PROYECTO--main/vendor/laravel/framework/src/Illuminate/Foundation/Http/Middleware/PreventRequestsDuringMaintenance.php(109): Illuminate/Pipeline/Pipeline->Illuminate/Pipeline/{closure}(Object(Illuminate/Http/Request))
#53 C:/Users/Aprendiz/Downloads/PROYECTO--main/vendor/laravel/framework/src/Illuminate/Pipeline/Pipeline.php(219): Illuminate/Foundation/Http/Middleware/PreventRequestsDuringMaintenance->handle(Object(Illuminate/Http/Request), Object(Closure))
#54 C:/Users/Aprendiz/Downloads/PROYECTO--main/vendor/laravel/framework/src/Illuminate/Http/Middleware/HandleCors.php(61): Illuminate/Pipeline/Pipeline->Illuminate/Pipeline/{closure}(Object(Illuminate/Http/Request))
#55 C:/Users/Aprendiz/Downloads/PROYECTO--main/vendor/laravel/framework/src/Illuminate/Pipeline/Pipeline.php(219): Illuminate/Http/Middleware/HandleCors->handle(Object(Illuminate/Http/Request), Object(Closure))
#56 C:/Users/Aprendiz/Downloads/PROYECTO--main/vendor/laravel/framework/src/Illuminate/Http/Middleware/TrustProxies.php(58): Illuminate/Pipeline/Pipeline->Illuminate/Pipeline/{closure}(Object(Illuminate/Http/Request))
#57 C:/Users/Aprendiz/Downloads/PROYECTO--main/vendor/laravel/framework/src/Illuminate/Pipeline/Pipeline.php(219): Illuminate/Http/Middleware/TrustProxies->handle(Object(Illuminate/Http/Request), Object(Closure))
#58 C:/Users/Aprendiz/Downloads/PROYECTO--main/vendor/laravel/framework/src/Illuminate/Foundation/Http/Middleware/InvokeDeferredCallbacks.php(22): Illuminate/Pipeline/Pipeline->Illuminate/Pipeline/{closure}(Object(Illuminate/Http/Request))
#59 C:/Users/Aprendiz/Downloads/PROYECTO--main/vendor/laravel/framework/src/Illuminate/Pipeline/Pipeline.php(219): Illuminate/Foundation/Http/Middleware/InvokeDeferredCallbacks->handle(Object(Illuminate/Http/Request), Object(Closure))
#60 C:/Users/Aprendiz/Downloads/PROYECTO--main/vendor/laravel/framework/src/Illuminate/Http/Middleware/ValidatePathEncoding.php(26): Illuminate/Pipeline/Pipeline->Illuminate/Pipeline/{closure}(Object(Illuminate/Http/Request))
#61 C:/Users/Aprendiz/Downloads/PROYECTO--main/vendor/laravel/framework/src/Illuminate/Pipeline/Pipeline.php(219): Illuminate/Http/Middleware/ValidatePathEncoding->handle(Object(Illuminate/Http/Request), Object(Closure))
#62 C:/Users/Aprendiz/Downloads/PROYECTO--main/vendor/laravel/framework/src/Illuminate/Pipeline/Pipeline.php(137): Illuminate/Pipeline/Pipeline->Illuminate/Pipeline/{closure}(Object(Illuminate/Http/Request))
#63 C:/Users/Aprendiz/Downloads/PROYECTO--main/vendor/laravel/framework/src/Illuminate/Foundation/Http/Kernel.php(175): Illuminate/Pipeline/Pipeline->then(Object(Closure))
#64 C:/Users/Aprendiz/Downloads/PROYECTO--main/vendor/laravel/framework/src/Illuminate/Foundation/Http/Kernel.php(144): Illuminate/Foundation/Http/Kernel->sendRequestThroughRouter(Object(Illuminate/Http/Request))
#65 C:/Users/Aprendiz/Downloads/PROYECTO--main/vendor/laravel/framework/src/Illuminate/Foundation/Application.php(1220): Illuminate/Foundation/Http/Kernel->handle(Object(Illuminate/Http/Request))
#66 C:/Users/Aprendiz/Downloads/PROYECTO--main/public/index.php(20): Illuminate/Foundation/Application->handleRequest(Object(Illuminate/Http/Request))
#67 C:/Users/Aprendiz/Downloads/PROYECTO--main/vendor/laravel/framework/src/Illuminate/Foundation/resources/server.php(23): require_once('C://Users//Aprend...')
#68 {main}

[previous exception] [object] (PDOException(code: HY000): SQLSTATE[HY000]: General error: 1 table appointments has no column named worker at C:/Users/Aprendiz/Downloads/PROYECTO--main/vendor/laravel/framework/src/Illuminate/Database/Connection.php:578)
[stacktrace]
#0 C:/Users/Aprendiz/Downloads/PROYECTO--main/vendor/laravel/framework/src/Illuminate/Database/Connection.php(578): PDO->prepare('insert into \"ap...')
#1 C:/Users/Aprendiz/Downloads/PROYECTO--main/vendor/laravel/framework/src/Illuminate/Database/Connection.php(827): Illuminate/Database/Connection->Illuminate/Database/{closure}('insert into \"ap...', Array)
#2 C:/Users/Aprendiz/Downloads/PROYECTO--main/vendor/laravel/framework/src/Illuminate/Database/Connection.php(794): Illuminate/Database/Connection->runQueryCallback('insert into \"ap...', Array, Object(Closure))
#3 C:/Users/Aprendiz/Downloads/PROYECTO--main/vendor/laravel/framework/src/Illuminate/Database/Connection.php(573): Illuminate/Database/Connection->run('insert into \"ap...', Array, Object(Closure))
#4 C:/Users/Aprendiz/Downloads/PROYECTO--main/vendor/laravel/framework/src/Illuminate/Database/Connection.php(537): Illuminate/Database/Connection->statement('insert into \"ap...', Array)
#5 C:/Users/Aprendiz/Downloads/PROYECTO--main/vendor/laravel/framework/src/Illuminate/Database/Query/Processors/Processor.php(32): Illuminate/Database/Connection->insert('insert into \"ap...', Array)
#6 C:/Users/Aprendiz/Downloads/PROYECTO--main/vendor/laravel/framework/src/Illuminate/Database/Query/Builder.php(4170): Illuminate/Database/Query/Processors/Processor->processInsertGetId(Object(Illuminate/Database/Query/Builder), 'insert into \"ap...', Array, 'id')
#7 C:/Users/Aprendiz/Downloads/PROYECTO--main/vendor/laravel/framework/src/Illuminate/Database/Eloquent/Builder.php(2237): Illuminate/Database/Query/Builder->insertGetId(Array, 'id')
#8 C:/Users/Aprendiz/Downloads/PROYECTO--main/vendor/laravel/framework/src/Illuminate/Database/Eloquent/Model.php(1436): Illuminate/Database/Eloquent/Builder->__call('insertGetId', Array)
#9 C:/Users/Aprendiz/Downloads/PROYECTO--main/vendor/laravel/framework/src/Illuminate/Database/Eloquent/Model.php(1401): Illuminate/Database/Eloquent/Model->insertAndSetId(Object(Illuminate/Database/Eloquent/Builder), Array)
#10 C:/Users/Aprendiz/Downloads/PROYECTO--main/vendor/laravel/framework/src/Illuminate/Database/Eloquent/Model.php(1240): Illuminate/Database/Eloquent/Model->performInsert(Object(Illuminate/Database/Eloquent/Builder))
#11 C:/Users/Aprendiz/Downloads/PROYECTO--main/vendor/laravel/framework/src/Illuminate/Database/Eloquent/Builder.php(1219): Illuminate/Database/Eloquent/Model->save()
#12 C:/Users/Aprendiz/Downloads/PROYECTO--main/vendor/laravel/framework/src/Illuminate/Support/helpers.php(393): Illuminate/Database/Eloquent/Builder->Illuminate/Database/Eloquent/{closure}(Object(App/Models/Appointment))
#13 C:/Users/Aprendiz/Downloads/PROYECTO--main/vendor/laravel/framework/src/Illuminate/Database/Eloquent/Builder.php(1218): tap(Object(App/Models/Appointment), Object(Closure))
#14 C:/Users/Aprendiz/Downloads/PROYECTO--main/vendor/laravel/framework/src/Illuminate/Support/Traits/ForwardsCalls.php(23): Illuminate/Database/Eloquent/Builder->create(Array)
#15 C:/Users/Aprendiz/Downloads/PROYECTO--main/vendor/laravel/framework/src/Illuminate/Database/Eloquent/Model.php(2544): Illuminate/Database/Eloquent/Model->forwardCallTo(Object(Illuminate/Database/Eloquent/Builder), 'create', Array)
#16 C:/Users/Aprendiz/Downloads/PROYECTO--main/vendor/laravel/framework/src/Illuminate/Database/Eloquent/Model.php(2560): Illuminate/Database/Eloquent/Model->__call('create', Array)
#17 C:/Users/Aprendiz/Downloads/PROYECTO--main/app/Http/Controllers/AppointmentController.php(67): Illuminate/Database/Eloquent/Model::__callStatic('create', Array)
#18 C:/Users/Aprendiz/Downloads/PROYECTO--main/vendor/laravel/framework/src/Illuminate/Routing/Controller.php(54): App/Http/Controllers/AppointmentController->store(Object(Illuminate/Http/Request))
#19 C:/Users/Aprendiz/Downloads/PROYECTO--main/vendor/laravel/framework/src/Illuminate/Routing/ControllerDispatcher.php(43): Illuminate/Routing/Controller->callAction('store', Array)
#20 C:/Users/Aprendiz/Downloads/PROYECTO--main/vendor/laravel/framework/src/Illuminate/Routing/Route.php(265): Illuminate/Routing/ControllerDispatcher->dispatch(Object(Illuminate/Routing/Route), Object(App/Http/Controllers/AppointmentController), 'store')
#21 C:/Users/Aprendiz/Downloads/PROYECTO--main/vendor/laravel/framework/src/Illuminate/Routing/Route.php(211): Illuminate/Routing/Route->runController()
#22 C:/Users/Aprendiz/Downloads/PROYECTO--main/vendor/laravel/framework/src/Illuminate/Routing/Router.php(822): Illuminate/Routing/Route->run()
#23 C:/Users/Aprendiz/Downloads/PROYECTO--main/vendor/laravel/framework/src/Illuminate/Pipeline/Pipeline.php(180): Illuminate/Routing/Router->Illuminate/Routing/{closure}(Object(Illuminate/Http/Request))
#24 C:/Users/Aprendiz/Downloads/PROYECTO--main/vendor/laravel/framework/src/Illuminate/Routing/Middleware/SubstituteBindings.php(50): Illuminate/Pipeline/Pipeline->Illuminate/Pipeline/{closure}(Object(Illuminate/Http/Request))
#25 C:/Users/Aprendiz/Downloads/PROYECTO--main/vendor/laravel/framework/src/Illuminate/Pipeline/Pipeline.php(219): Illuminate/Routing/Middleware/SubstituteBindings->handle(Object(Illuminate/Http/Request), Object(Closure))
#26 C:/Users/Aprendiz/Downloads/PROYECTO--main/vendor/laravel/framework/src/Illuminate/Auth/Middleware/Authenticate.php(63): Illuminate/Pipeline/Pipeline->Illuminate/Pipeline/{closure}(Object(Illuminate/Http/Request))
#27 C:/Users/Aprendiz/Downloads/PROYECTO--main/vendor/laravel/framework/src/Illuminate/Pipeline/Pipeline.php(219): Illuminate/Auth/Middleware/Authenticate->handle(Object(Illuminate/Http/Request), Object(Closure))
#28 C:/Users/Aprendiz/Downloads/PROYECTO--main/vendor/laravel/framework/src/Illuminate/Foundation/Http/Middleware/VerifyCsrfToken.php(87): Illuminate/Pipeline/Pipeline->Illuminate/Pipeline/{closure}(Object(Illuminate/Http/Request))
#29 C:/Users/Aprendiz/Downloads/PROYECTO--main/vendor/laravel/framework/src/Illuminate/Pipeline/Pipeline.php(219): Illuminate/Foundation/Http/Middleware/VerifyCsrfToken->handle(Object(Illuminate/Http/Request), Object(Closure))
#30 C:/Users/Aprendiz/Downloads/PROYECTO--main/vendor/laravel/framework/src/Illuminate/View/Middleware/ShareErrorsFromSession.php(48): Illuminate/Pipeline/Pipeline->Illuminate/Pipeline/{closure}(Object(Illuminate/Http/Request))
#31 C:/Users/Aprendiz/Downloads/PROYECTO--main/vendor/laravel/framework/src/Illuminate/Pipeline/Pipeline.php(219): Illuminate/View/Middleware/ShareErrorsFromSession->handle(Object(Illuminate/Http/Request), Object(Closure))
#32 C:/Users/Aprendiz/Downloads/PROYECTO--main/vendor/laravel/framework/src/Illuminate/Session/Middleware/StartSession.php(120): Illuminate/Pipeline/Pipeline->Illuminate/Pipeline/{closure}(Object(Illuminate/Http/Request))
#33 C:/Users/Aprendiz/Downloads/PROYECTO--main/vendor/laravel/framework/src/Illuminate/Session/Middleware/StartSession.php(63): Illuminate/Session/Middleware/StartSession->handleStatefulRequest(Object(Illuminate/Http/Request), Object(Illuminate/Session/Store), Object(Closure))
#34 C:/Users/Aprendiz/Downloads/PROYECTO--main/vendor/laravel/framework/src/Illuminate/Pipeline/Pipeline.php(219): Illuminate/Session/Middleware/StartSession->handle(Object(Illuminate/Http/Request), Object(Closure))
#35 C:/Users/Aprendiz/Downloads/PROYECTO--main/vendor/laravel/framework/src/Illuminate/Cookie/Middleware/AddQueuedCookiesToResponse.php(36): Illuminate/Pipeline/Pipeline->Illuminate/Pipeline/{closure}(Object(Illuminate/Http/Request))
#36 C:/Users/Aprendiz/Downloads/PROYECTO--main/vendor/laravel/framework/src/Illuminate/Pipeline/Pipeline.php(219): Illuminate/Cookie/Middleware/AddQueuedCookiesToResponse->handle(Object(Illuminate/Http/Request), Object(Closure))
#37 C:/Users/Aprendiz/Downloads/PROYECTO--main/vendor/laravel/framework/src/Illuminate/Cookie/Middleware/EncryptCookies.php(74): Illuminate/Pipeline/Pipeline->Illuminate/Pipeline/{closure}(Object(Illuminate/Http/Request))
#38 C:/Users/Aprendiz/Downloads/PROYECTO--main/vendor/laravel/framework/src/Illuminate/Pipeline/Pipeline.php(219): Illuminate/Cookie/Middleware/EncryptCookies->handle(Object(Illuminate/Http/Request), Object(Closure))
#39 C:/Users/Aprendiz/Downloads/PROYECTO--main/vendor/laravel/framework/src/Illuminate/Pipeline/Pipeline.php(137): Illuminate/Pipeline/Pipeline->Illuminate/Pipeline/{closure}(Object(Illuminate/Http/Request))
#40 C:/Users/Aprendiz/Downloads/PROYECTO--main/vendor/laravel/framework/src/Illuminate/Routing/Router.php(821): Illuminate/Pipeline/Pipeline->then(Object(Closure))
#41 C:/Users/Aprendiz/Downloads/PROYECTO--main/vendor/laravel/framework/src/Illuminate/Routing/Router.php(800): Illuminate/Routing/Router->runRouteWithinStack(Object(Illuminate/Routing/Route), Object(Illuminate/Http/Request))
#42 C:/Users/Aprendiz/Downloads/PROYECTO--main/vendor/laravel/framework/src/Illuminate/Routing/Router.php(764): Illuminate/Routing/Router->runRoute(Object(Illuminate/Http/Request), Object(Illuminate/Routing/Route))
#43 C:/Users/Aprendiz/Downloads/PROYECTO--main/vendor/laravel/framework/src/Illuminate/Routing/Router.php(753): Illuminate/Routing/Router->dispatchToRoute(Object(Illuminate/Http/Request))
#44 C:/Users/Aprendiz/Downloads/PROYECTO--main/vendor/laravel/framework/src/Illuminate/Foundation/Http/Kernel.php(200): Illuminate/Routing/Router->dispatch(Object(Illuminate/Http/Request))
#45 C:/Users/Aprendiz/Downloads/PROYECTO--main/vendor/laravel/framework/src/Illuminate/Pipeline/Pipeline.php(180): Illuminate/Foundation/Http/Kernel->Illuminate/Foundation/Http/{closure}(Object(Illuminate/Http/Request))
#46 C:/Users/Aprendiz/Downloads/PROYECTO--main/vendor/laravel/framework/src/Illuminate/Foundation/Http/Middleware/TransformsRequest.php(21): Illuminate/Pipeline/Pipeline->Illuminate/Pipeline/{closure}(Object(Illuminate/Http/Request))
#47 C:/Users/Aprendiz/Downloads/PROYECTO--main/vendor/laravel/framework/src/Illuminate/Foundation/Http/Middleware/ConvertEmptyStringsToNull.php(31): Illuminate/Foundation/Http/Middleware/TransformsRequest->handle(Object(Illuminate/Http/Request), Object(Closure))
#48 C:/Users/Aprendiz/Downloads/PROYECTO--main/vendor/laravel/framework/src/Illuminate/Pipeline/Pipeline.php(219): Illuminate/Foundation/Http/Middleware/ConvertEmptyStringsToNull->handle(Object(Illuminate/Http/Request), Object(Closure))
#49 C:/Users/Aprendiz/Downloads/PROYECTO--main/vendor/laravel/framework/src/Illuminate/Foundation/Http/Middleware/TransformsRequest.php(21): Illuminate/Pipeline/Pipeline->Illuminate/Pipeline/{closure}(Object(Illuminate/Http/Request))
#50 C:/Users/Aprendiz/Downloads/PROYECTO--main/vendor/laravel/framework/src/Illuminate/Foundation/Http/Middleware/TrimStrings.php(51): Illuminate/Foundation/Http/Middleware/TransformsRequest->handle(Object(Illuminate/Http/Request), Object(Closure))
#51 C:/Users/Aprendiz/Downloads/PROYECTO--main/vendor/laravel/framework/src/Illuminate/Pipeline/Pipeline.php(219): Illuminate/Foundation/Http/Middleware/TrimStrings->handle(Object(Illuminate/Http/Request), Object(Closure))
#52 C:/Users/Aprendiz/Downloads/PROYECTO--main/vendor/laravel/framework/src/Illuminate/Http/Middleware/ValidatePostSize.php(27): Illuminate/Pipeline/Pipeline->Illuminate/Pipeline/{closure}(Object(Illuminate/Http/Request))
#53 C:/Users/Aprendiz/Downloads/PROYECTO--main/vendor/laravel/framework/src/Illuminate/Pipeline/Pipeline.php(219): Illuminate/Http/Middleware/ValidatePostSize->handle(Object(Illuminate/Http/Request), Object(Closure))
#54 C:/Users/Aprendiz/Downloads/PROYECTO--main/vendor/laravel/framework/src/Illuminate/Foundation/Http/Middleware/PreventRequestsDuringMaintenance.php(109): Illuminate/Pipeline/Pipeline->Illuminate/Pipeline/{closure}(Object(Illuminate/Http/Request))
#55 C:/Users/Aprendiz/Downloads/PROYECTO--main/vendor/laravel/framework/src/Illuminate/Pipeline/Pipeline.php(219): Illuminate/Foundation/Http/Middleware/PreventRequestsDuringMaintenance->handle(Object(Illuminate/Http/Request), Object(Closure))
#56 C:/Users/Aprendiz/Downloads/PROYECTO--main/vendor/laravel/framework/src/Illuminate/Http/Middleware/HandleCors.php(61): Illuminate/Pipeline/Pipeline->Illuminate/Pipeline/{closure}(Object(Illuminate/Http/Request))
#57 C:/Users/Aprendiz/Downloads/PROYECTO--main/vendor/laravel/framework/src/Illuminate/Pipeline/Pipeline.php(219): Illuminate/Http/Middleware/HandleCors->handle(Object(Illuminate/Http/Request), Object(Closure))
#58 C:/Users/Aprendiz/Downloads/PROYECTO--main/vendor/laravel/framework/src/Illuminate/Http/Middleware/TrustProxies.php(58): Illuminate/Pipeline/Pipeline->Illuminate/Pipeline/{closure}(Object(Illuminate/Http/Request))
#59 C:/Users/Aprendiz/Downloads/PROYECTO--main/vendor/laravel/framework/src/Illuminate/Pipeline/Pipeline.php(219): Illuminate/Http/Middleware/TrustProxies->handle(Object(Illuminate/Http/Request), Object(Closure))
#60 C:/Users/Aprendiz/Downloads/PROYECTO--main/vendor/laravel/framework/src/Illuminate/Foundation/Http/Middleware/InvokeDeferredCallbacks.php(22): Illuminate/Pipeline/Pipeline->Illuminate/Pipeline/{closure}(Object(Illuminate/Http/Request))
#61 C:/Users/Aprendiz/Downloads/PROYECTO--main/vendor/laravel/framework/src/Illuminate/Pipeline/Pipeline.php(219): Illuminate/Foundation/Http/Middleware/InvokeDeferredCallbacks->handle(Object(Illuminate/Http/Request), Object(Closure))
#62 C:/Users/Aprendiz/Downloads/PROYECTO--main/vendor/laravel/framework/src/Illuminate/Http/Middleware/ValidatePathEncoding.php(26): Illuminate/Pipeline/Pipeline->Illuminate/Pipeline/{closure}(Object(Illuminate/Http/Request))
#63 C:/Users/Aprendiz/Downloads/PROYECTO--main/vendor/laravel/framework/src/Illuminate/Pipeline/Pipeline.php(219): Illuminate/Http/Middleware/ValidatePathEncoding->handle(Object(Illuminate/Http/Request), Object(Closure))
#64 C:/Users/Aprendiz/Downloads/PROYECTO--main/vendor/laravel/framework/src/Illuminate/Pipeline/Pipeline.php(137): Illuminate/Pipeline/Pipeline->Illuminate/Pipeline/{closure}(Object(Illuminate/Http/Request))
#65 C:/Users/Aprendiz/Downloads/PROYECTO--main/vendor/laravel/framework/src/Illuminate/Foundation/Http/Kernel.php(175): Illuminate/Pipeline/Pipeline->then(Object(Closure))
#66 C:/Users/Aprendiz/Downloads/PROYECTO--main/vendor/laravel/framework/src/Illuminate/Foundation/Http/Kernel.php(144): Illuminate/Foundation/Http/Kernel->sendRequestThroughRouter(Object(Illuminate/Http/Request))
#67 C:/Users/Aprendiz/Downloads/PROYECTO--main/vendor/laravel/framework/src/Illuminate/Foundation/Application.php(1220): Illuminate/Foundation/Http/Kernel->handle(Object(Illuminate/Http/Request))
#68 C:/Users/Aprendiz/Downloads/PROYECTO--main/public/index.php(20): Illuminate/Foundation/Application->handleRequest(Object(Illuminate/Http/Request))
#69 C:/Users/Aprendiz/Downloads/PROYECTO--main/vendor/laravel/framework/src/Illuminate/Foundation/resources/server.php(23): require_once('C://Users//Aprend...')
#70 {main}
"} 
[2026-06-18 17:46:10] local.ERROR: Command "migrations" is not defined. {"exception":"[object] (Symfony\\Component\\Console\\Exception\\CommandNotFoundException(code: 0): Command \"migrations\" is not defined. at C:/Users/Aprendiz/Downloads/PROYECTO--main/vendor/symfony/console/Application.php:759)
[stacktrace]
#0 C:/Users/Aprendiz/Downloads/PROYECTO--main/vendor/symfony/console/Application.php(298): Symfony/Component/Console/Application->find('migrations')
#1 C:/Users/Aprendiz/Downloads/PROYECTO--main/vendor/symfony/console/Application.php(195): Symfony/Component/Console/Application->doRun(Object(Symfony/Component/Console/Input/ArgvInput), Object(Symfony/Component/Console/Output/ConsoleOutput))
#2 C:/Users/Aprendiz/Downloads/PROYECTO--main/vendor/laravel/framework/src/Illuminate/Foundation/Console/Kernel.php(198): Symfony/Component/Console/Application->run(Object(Symfony/Component/Console/Input/ArgvInput), Object(Symfony/Component/Console/Output/ConsoleOutput))
#3 C:/Users/Aprendiz/Downloads/PROYECTO--main/vendor/laravel/framework/src/Illuminate/Foundation/Application.php(1235): Illuminate/Foundation/Console/Kernel->handle(Object(Symfony/Component/Console/Input/ArgvInput), Object(Symfony/Component/Console/Output/ConsoleOutput))
#4 C:/Users/Aprendiz/Downloads/PROYECTO--main/artisan(16): Illuminate/Foundation/Application->handleCommand(Object(Symfony/Component/Console/Input/ArgvInput))
#5 {main}
"} 
[2026-06-18 17:49:27] local.ERROR: SQLSTATE[HY000]: General error: 1 duplicate column name: worker (Connection: sqlite, Database: C:\Users\Aprendiz\Downloads\PROYECTO--main\database\database.sqlite, SQL: alter table "appointments" add column "worker" varchar not null) {"exception":"[object] (Illuminate\\Database\\QueryException(code: HY000): SQLSTATE[HY000]: General error: 1 duplicate column name: worker (Connection: sqlite, Database: C:\\Users\\Aprendiz\\Downloads\\PROYECTO--main\\database\\database.sqlite, SQL: alter table \"appointments\" add column \"worker\" varchar not null) at C:/Users/Aprendiz/Downloads/PROYECTO--main/vendor/laravel/framework/src/Illuminate/Database/Connection.php:838)
[stacktrace]
#0 C:/Users/Aprendiz/Downloads/PROYECTO--main/vendor/laravel/framework/src/Illuminate/Database/Connection.php(794): Illuminate/Database/Connection->runQueryCallback('alter table \"ap...', Array, Object(Closure))
#1 C:/Users/Aprendiz/Downloads/PROYECTO--main/vendor/laravel/framework/src/Illuminate/Database/Connection.php(573): Illuminate/Database/Connection->run('alter table \"ap...', Array, Object(Closure))
#2 C:/Users/Aprendiz/Downloads/PROYECTO--main/vendor/laravel/framework/src/Illuminate/Database/Schema/Blueprint.php(121): Illuminate/Database/Connection->statement('alter table \"ap...')
#3 C:/Users/Aprendiz/Downloads/PROYECTO--main/vendor/laravel/framework/src/Illuminate/Database/Schema/Builder.php(686): Illuminate/Database/Schema/Blueprint->build()
#4 C:/Users/Aprendiz/Downloads/PROYECTO--main/vendor/laravel/framework/src/Illuminate/Database/Schema/Builder.php(494): Illuminate/Database/Schema/Builder->build(Object(Illuminate/Database/Schema/Blueprint))
#5 C:/Users/Aprendiz/Downloads/PROYECTO--main/vendor/laravel/framework/src/Illuminate/Support/Facades/Facade.php(363): Illuminate/Database/Schema/Builder->table('appointments', Object(Closure))
#6 C:/Users/Aprendiz/Downloads/PROYECTO--main/database/migrations/2026_06_18_174900_add_worker_to_appointments_table.php(11): Illuminate/Support/Facades/Facade::__callStatic('table', Array)
#7 C:/Users/Aprendiz/Downloads/PROYECTO--main/vendor/laravel/framework/src/Illuminate/Database/Migrations/Migrator.php(517): Illuminate/Database/Migrations/Migration@anonymous->up()
#8 C:/Users/Aprendiz/Downloads/PROYECTO--main/vendor/laravel/framework/src/Illuminate/Database/Migrations/Migrator.php(442): Illuminate/Database/Migrations/Migrator->runMethod(Object(Illuminate/Database/SQLiteConnection), Object(Illuminate/Database/Migrations/Migration@anonymous), 'up')
#9 C:/Users/Aprendiz/Downloads/PROYECTO--main/vendor/laravel/framework/src/Illuminate/Database/Migrations/Migrator.php(451): Illuminate/Database/Migrations/Migrator->Illuminate/Database/Migrations/{closure}()
#10 C:/Users/Aprendiz/Downloads/PROYECTO--main/vendor/laravel/framework/src/Illuminate/Database/Migrations/Migrator.php(253): Illuminate/Database/Migrations/Migrator->runMigration(Object(Illuminate/Database/Migrations/Migration@anonymous), 'up')
#11 C:/Users/Aprendiz/Downloads/PROYECTO--main/vendor/laravel/framework/src/Illuminate/Console/View/Components/Task.php(41): Illuminate/Database/Migrations/Migrator->Illuminate/Database/Migrations/{closure}()
#12 C:/Users/Aprendiz/Downloads/PROYECTO--main/vendor/laravel/framework/src/Illuminate/Database/Migrations/Migrator.php(814): Illuminate/Console/View/Components/Task->render('2026_06_18_1749...', Object(Closure))
#13 C:/Users/Aprendiz/Downloads/PROYECTO--main/vendor/laravel/framework/src/Illuminate/Database/Migrations/Migrator.php(253): Illuminate/Database/Migrations/Migrator->write('Illuminate//Cons...', '2026_06_18_1749...', Object(Closure))
#14 C:/Users/Aprendiz/Downloads/PROYECTO--main/vendor/laravel/framework/src/Illuminate/Database/Migrations/Migrator.php(211): Illuminate/Database/Migrations/Migrator->runUp('C://Users//Aprend...', 2, false)
#15 C:/Users/Aprendiz/Downloads/PROYECTO--main/vendor/laravel/framework/src/Illuminate/Database/Migrations/Migrator.php(138): Illuminate/Database/Migrations/Migrator->runPending(Array, Array)
#16 C:/Users/Aprendiz/Downloads/PROYECTO--main/vendor/laravel/framework/src/Illuminate/Database/Console/Migrations/MigrateCommand.php(116): Illuminate/Database/Migrations/Migrator->run(Array, Array)
#17 C:/Users/Aprendiz/Downloads/PROYECTO--main/vendor/laravel/framework/src/Illuminate/Database/Migrations/Migrator.php(671): Illuminate/Database/Console/Migrations/MigrateCommand->Illuminate/Database/Console/Migrations/{closure}()
#18 C:/Users/Aprendiz/Downloads/PROYECTO--main/vendor/laravel/framework/src/Illuminate/Database/Console/Migrations/MigrateCommand.php(109): Illuminate/Database/Migrations/Migrator->usingConnection(NULL, Object(Closure))
#19 C:/Users/Aprendiz/Downloads/PROYECTO--main/vendor/laravel/framework/src/Illuminate/Database/Console/Migrations/MigrateCommand.php(88): Illuminate/Database/Console/Migrations/MigrateCommand->runMigrations()
#20 C:/Users/Aprendiz/Downloads/PROYECTO--main/vendor/laravel/framework/src/Illuminate/Container/BoundMethod.php(36): Illuminate/Database/Console/Migrations/MigrateCommand->handle()
#21 C:/Users/Aprendiz/Downloads/PROYECTO--main/vendor/laravel/framework/src/Illuminate/Container/Util.php(43): Illuminate/Container/BoundMethod::Illuminate/Container/{closure}()
#22 C:/Users/Aprendiz/Downloads/PROYECTO--main/vendor/laravel/framework/src/Illuminate/Container/BoundMethod.php(96): Illuminate/Container/Util::unwrapIfClosure(Object(Closure))
#23 C:/Users/Aprendiz/Downloads/PROYECTO--main/vendor/laravel/framework/src/Illuminate/Container/BoundMethod.php(35): Illuminate/Container/BoundMethod::callBoundMethod(Object(Illuminate/Foundation/Application), Array, Object(Closure))
#24 C:/Users/Aprendiz/Downloads/PROYECTO--main/vendor/laravel/framework/src/Illuminate/Container/Container.php(799): Illuminate/Container/BoundMethod::call(Object(Illuminate/Foundation/Application), Array, Array, NULL)
#25 C:/Users/Aprendiz/Downloads/PROYECTO--main/vendor/laravel/framework/src/Illuminate/Console/Command.php(211): Illuminate/Container/Container->call(Array)
#26 C:/Users/Aprendiz/Downloads/PROYECTO--main/vendor/symfony/console/Command/Command.php(341): Illuminate/Console/Command->execute(Object(Symfony/Component/Console/Input/ArgvInput), Object(Illuminate/Console/OutputStyle))
#27 C:/Users/Aprendiz/Downloads/PROYECTO--main/vendor/laravel/framework/src/Illuminate/Console/Command.php(180): Symfony/Component/Console/Command/Command->run(Object(Symfony/Component/Console/Input/ArgvInput), Object(Illuminate/Console/OutputStyle))
#28 C:/Users/Aprendiz/Downloads/PROYECTO--main/vendor/symfony/console/Application.php(1117): Illuminate/Console/Command->run(Object(Symfony/Component/Console/Input/ArgvInput), Object(Symfony/Component/Console/Output/ConsoleOutput))
#29 C:/Users/Aprendiz/Downloads/PROYECTO--main/vendor/symfony/console/Application.php(356): Symfony/Component/Console/Application->doRunCommand(Object(Illuminate/Database/Console/Migrations/MigrateCommand), Object(Symfony/Component/Console/Input/ArgvInput), Object(Symfony/Component/Console/Output/ConsoleOutput))
#30 C:/Users/Aprendiz/Downloads/PROYECTO--main/vendor/symfony/console/Application.php(195): Symfony/Component/Console/Application->doRun(Object(Symfony/Component/Console/Input/ArgvInput), Object(Symfony/Component/Console/Output/ConsoleOutput))
#31 C:/Users/Aprendiz/Downloads/PROYECTO--main/vendor/laravel/framework/src/Illuminate/Foundation/Console/Kernel.php(198): Symfony/Component/Console/Application->run(Object(Symfony/Component/Console/Input/ArgvInput), Object(Symfony/Component/Console/Output/ConsoleOutput))
#32 C:/Users/Aprendiz/Downloads/PROYECTO--main/vendor/laravel/framework/src/Illuminate/Foundation/Application.php(1235): Illuminate/Foundation/Console/Kernel->handle(Object(Symfony/Component/Console/Input/ArgvInput), Object(Symfony/Component/Console/Output/ConsoleOutput))
#33 C:/Users/Aprendiz/Downloads/PROYECTO--main/artisan(16): Illuminate/Foundation/Application->handleCommand(Object(Symfony/Component/Console/Input/ArgvInput))
#34 {main}

[previous exception] [object] (PDOException(code: HY000): SQLSTATE[HY000]: General error: 1 duplicate column name: worker at C:/Users/Aprendiz/Downloads/PROYECTO--main/vendor/laravel/framework/src/Illuminate/Database/Connection.php:578)
[stacktrace]
#0 C:/Users/Aprendiz/Downloads/PROYECTO--main/vendor/laravel/framework/src/Illuminate/Database/Connection.php(578): PDO->prepare('alter table \"ap...')
#1 C:/Users/Aprendiz/Downloads/PROYECTO--main/vendor/laravel/framework/src/Illuminate/Database/Connection.php(827): Illuminate/Database/Connection->Illuminate/Database/{closure}('alter table \"ap...', Array)
#2 C:/Users/Aprendiz/Downloads/PROYECTO--main/vendor/laravel/framework/src/Illuminate/Database/Connection.php(794): Illuminate/Database/Connection->runQueryCallback('alter table \"ap...', Array, Object(Closure))
#3 C:/Users/Aprendiz/Downloads/PROYECTO--main/vendor/laravel/framework/src/Illuminate/Database/Connection.php(573): Illuminate/Database/Connection->run('alter table \"ap...', Array, Object(Closure))
#4 C:/Users/Aprendiz/Downloads/PROYECTO--main/vendor/laravel/framework/src/Illuminate/Database/Schema/Blueprint.php(121): Illuminate/Database/Connection->statement('alter table \"ap...')
#5 C:/Users/Aprendiz/Downloads/PROYECTO--main/vendor/laravel/framework/src/Illuminate/Database/Schema/Builder.php(686): Illuminate/Database/Schema/Blueprint->build()
#6 C:/Users/Aprendiz/Downloads/PROYECTO--main/vendor/laravel/framework/src/Illuminate/Database/Schema/Builder.php(494): Illuminate/Database/Schema/Builder->build(Object(Illuminate/Database/Schema/Blueprint))
#7 C:/Users/Aprendiz/Downloads/PROYECTO--main/vendor/laravel/framework/src/Illuminate/Support/Facades/Facade.php(363): Illuminate/Database/Schema/Builder->table('appointments', Object(Closure))
#8 C:/Users/Aprendiz/Downloads/PROYECTO--main/database/migrations/2026_06_18_174900_add_worker_to_appointments_table.php(11): Illuminate/Support/Facades/Facade::__callStatic('table', Array)
#9 C:/Users/Aprendiz/Downloads/PROYECTO--main/vendor/laravel/framework/src/Illuminate/Database/Migrations/Migrator.php(517): Illuminate/Database/Migrations/Migration@anonymous->up()
#10 C:/Users/Aprendiz/Downloads/PROYECTO--main/vendor/laravel/framework/src/Illuminate/Database/Migrations/Migrator.php(442): Illuminate/Database/Migrations/Migrator->runMethod(Object(Illuminate/Database/SQLiteConnection), Object(Illuminate/Database/Migrations/Migration@anonymous), 'up')
#11 C:/Users/Aprendiz/Downloads/PROYECTO--main/vendor/laravel/framework/src/Illuminate/Database/Migrations/Migrator.php(451): Illuminate/Database/Migrations/Migrator->Illuminate/Database/Migrations/{closure}()
#12 C:/Users/Aprendiz/Downloads/PROYECTO--main/vendor/laravel/framework/src/Illuminate/Database/Migrations/Migrator.php(253): Illuminate/Database/Migrations/Migrator->runMigration(Object(Illuminate/Database/Migrations/Migration@anonymous), 'up')
#13 C:/Users/Aprendiz/Downloads/PROYECTO--main/vendor/laravel/framework/src/Illuminate/Console/View/Components/Task.php(41): Illuminate/Database/Migrations/Migrator->Illuminate/Database/Migrations/{closure}()
#14 C:/Users/Aprendiz/Downloads/PROYECTO--main/vendor/laravel/framework/src/Illuminate/Database/Migrations/Migrator.php(814): Illuminate/Console/View/Components/Task->render('2026_06_18_1749...', Object(Closure))
#15 C:/Users/Aprendiz/Downloads/PROYECTO--main/vendor/laravel/framework/src/Illuminate/Database/Migrations/Migrator.php(253): Illuminate/Database/Migrations/Migrator->write('Illuminate//Cons...', '2026_06_18_1749...', Object(Closure))
#16 C:/Users/Aprendiz/Downloads/PROYECTO--main/vendor/laravel/framework/src/Illuminate/Database/Migrations/Migrator.php(211): Illuminate/Database/Migrations/Migrator->runUp('C://Users//Aprend...', 2, false)
#17 C:/Users/Aprendiz/Downloads/PROYECTO--main/vendor/laravel/framework/src/Illuminate/Database/Migrations/Migrator.php(138): Illuminate/Database/Migrations/Migrator->runPending(Array, Array)
#18 C:/Users/Aprendiz/Downloads/PROYECTO--main/vendor/laravel/framework/src/Illuminate/Database/Console/Migrations/MigrateCommand.php(116): Illuminate/Database/Migrations/Migrator->run(Array, Array)
#19 C:/Users/Aprendiz/Downloads/PROYECTO--main/vendor/laravel/framework/src/Illuminate/Database/Migrations/Migrator.php(671): Illuminate/Database/Console/Migrations/MigrateCommand->Illuminate/Database/Console/Migrations/{closure}()
#20 C:/Users/Aprendiz/Downloads/PROYECTO--main/vendor/laravel/framework/src/Illuminate/Database/Console/Migrations/MigrateCommand.php(109): Illuminate/Database/Migrations/Migrator->usingConnection(NULL, Object(Closure))
#21 C:/Users/Aprendiz/Downloads/PROYECTO--main/vendor/laravel/framework/src/Illuminate/Database/Console/Migrations/MigrateCommand.php(88): Illuminate/Database/Console/Migrations/MigrateCommand->runMigrations()
#22 C:/Users/Aprendiz/Downloads/PROYECTO--main/vendor/laravel/framework/src/Illuminate/Container/BoundMethod.php(36): Illuminate/Database/Console/Migrations/MigrateCommand->handle()
#23 C:/Users/Aprendiz/Downloads/PROYECTO--main/vendor/laravel/framework/src/Illuminate/Container/Util.php(43): Illuminate/Container/BoundMethod::Illuminate/Container/{closure}()
#24 C:/Users/Aprendiz/Downloads/PROYECTO--main/vendor/laravel/framework/src/Illuminate/Container/BoundMethod.php(96): Illuminate/Container/Util::unwrapIfClosure(Object(Closure))
#25 C:/Users/Aprendiz/Downloads/PROYECTO--main/vendor/laravel/framework/src/Illuminate/Container/BoundMethod.php(35): Illuminate/Container/BoundMethod::callBoundMethod(Object(Illuminate/Foundation/Application), Array, Object(Closure))
#26 C:/Users/Aprendiz/Downloads/PROYECTO--main/vendor/laravel/framework/src/Illuminate/Container/Container.php(799): Illuminate/Container/BoundMethod::call(Object(Illuminate/Foundation/Application), Array, Array, NULL)
#27 C:/Users/Aprendiz/Downloads/PROYECTO--main/vendor/laravel/framework/src/Illuminate/Console/Command.php(211): Illuminate/Container/Container->call(Array)
#28 C:/Users/Aprendiz/Downloads/PROYECTO--main/vendor/symfony/console/Command/Command.php(341): Illuminate/Console/Command->execute(Object(Symfony/Component/Console/Input/ArgvInput), Object(Illuminate/Console/OutputStyle))
#29 C:/Users/Aprendiz/Downloads/PROYECTO--main/vendor/laravel/framework/src/Illuminate/Console/Command.php(180): Symfony/Component/Console/Command/Command->run(Object(Symfony/Component/Console/Input/ArgvInput), Object(Illuminate/Console/OutputStyle))
#30 C:/Users/Aprendiz/Downloads/PROYECTO--main/vendor/symfony/console/Application.php(1117): Illuminate/Console/Command->run(Object(Symfony/Component/Console/Input/ArgvInput), Object(Symfony/Component/Console/Output/ConsoleOutput))
#31 C:/Users/Aprendiz/Downloads/PROYECTO--main/vendor/symfony/console/Application.php(356): Symfony/Component/Console/Application->doRunCommand(Object(Illuminate/Database/Console/Migrations/MigrateCommand), Object(Symfony/Component/Console/Input/ArgvInput), Object(Symfony/Component/Console/Output/ConsoleOutput))
#32 C:/Users/Aprendiz/Downloads/PROYECTO--main/vendor/symfony/console/Application.php(195): Symfony/Component/Console/Application->doRun(Object(Symfony/Component/Console/Input/ArgvInput), Object(Symfony/Component/Console/Output/ConsoleOutput))
#33 C:/Users/Aprendiz/Downloads/PROYECTO--main/vendor/laravel/framework/src/Illuminate/Foundation/Console/Kernel.php(198): Symfony/Component/Console/Application->run(Object(Symfony/Component/Console/Input/ArgvInput), Object(Symfony/Component/Console/Output/ConsoleOutput))
#34 C:/Users/Aprendiz/Downloads/PROYECTO--main/vendor/laravel/framework/src/Illuminate/Foundation/Application.php(1235): Illuminate/Foundation/Console/Kernel->handle(Object(Symfony/Component/Console/Input/ArgvInput), Object(Symfony/Component/Console/Output/ConsoleOutput))
#35 C:/Users/Aprendiz/Downloads/PROYECTO--main/artisan(16): Illuminate/Foundation/Application->handleCommand(Object(Symfony/Component/Console/Input/ArgvInput))
#36 {main}
"} 
[2026-06-18 18:44:09] local.ERROR: Cannot declare class App\Http\Controllers\SpecialistController, because the name is already in use {"userId":1,"exception":"[object] (Symfony\\Component\\ErrorHandler\\Error\\FatalError(code: 0): Cannot declare class App\\Http\\Controllers\\SpecialistController, because the name is already in use at C:/Users/Aprendiz/Downloads/PROYECTO--main/app/Models/Specialist.php:8)
[stacktrace]
#0 {main}
"} 
[2026-06-18 20:02:02] local.ERROR: View [appointments.edit] not found. {"userId":1,"exception":"[object] (InvalidArgumentException(code: 0): View [appointments.edit] not found. at C:/Users/Aprendiz/Downloads/PROYECTO--main/vendor/laravel/framework/src/Illuminate/View/FileViewFinder.php:138)
[stacktrace]
#0 C:/Users/Aprendiz/Downloads/PROYECTO--main/vendor/laravel/framework/src/Illuminate/View/FileViewFinder.php(78): Illuminate/View/FileViewFinder->findInPaths('appointments.ed...', Array)
#1 C:/Users/Aprendiz/Downloads/PROYECTO--main/vendor/laravel/framework/src/Illuminate/View/Factory.php(150): Illuminate/View/FileViewFinder->find('appointments.ed...')
#2 C:/Users/Aprendiz/Downloads/PROYECTO--main/vendor/laravel/framework/src/Illuminate/Foundation/helpers.php(1100): Illuminate/View/Factory->make('appointments.ed...', Array, Array)
#3 C:/Users/Aprendiz/Downloads/PROYECTO--main/app/Http/Controllers/AppointmentController.php(132): view('appointments.ed...', Array)
#4 C:/Users/Aprendiz/Downloads/PROYECTO--main/vendor/laravel/framework/src/Illuminate/Routing/Controller.php(54): App/Http/Controllers/AppointmentController->edit(Object(App/Models/Appointment))
#5 C:/Users/Aprendiz/Downloads/PROYECTO--main/vendor/laravel/framework/src/Illuminate/Routing/ControllerDispatcher.php(43): Illuminate/Routing/Controller->callAction('edit', Array)
#6 C:/Users/Aprendiz/Downloads/PROYECTO--main/vendor/laravel/framework/src/Illuminate/Routing/Route.php(265): Illuminate/Routing/ControllerDispatcher->dispatch(Object(Illuminate/Routing/Route), Object(App/Http/Controllers/AppointmentController), 'edit')
#7 C:/Users/Aprendiz/Downloads/PROYECTO--main/vendor/laravel/framework/src/Illuminate/Routing/Route.php(211): Illuminate/Routing/Route->runController()
#8 C:/Users/Aprendiz/Downloads/PROYECTO--main/vendor/laravel/framework/src/Illuminate/Routing/Router.php(822): Illuminate/Routing/Route->run()
#9 C:/Users/Aprendiz/Downloads/PROYECTO--main/vendor/laravel/framework/src/Illuminate/Pipeline/Pipeline.php(180): Illuminate/Routing/Router->Illuminate/Routing/{closure}(Object(Illuminate/Http/Request))
#10 C:/Users/Aprendiz/Downloads/PROYECTO--main/vendor/laravel/framework/src/Illuminate/Routing/Middleware/SubstituteBindings.php(50): Illuminate/Pipeline/Pipeline->Illuminate/Pipeline/{closure}(Object(Illuminate/Http/Request))
#11 C:/Users/Aprendiz/Downloads/PROYECTO--main/vendor/laravel/framework/src/Illuminate/Pipeline/Pipeline.php(219): Illuminate/Routing/Middleware/SubstituteBindings->handle(Object(Illuminate/Http/Request), Object(Closure))
#12 C:/Users/Aprendiz/Downloads/PROYECTO--main/vendor/laravel/framework/src/Illuminate/Auth/Middleware/Authenticate.php(63): Illuminate/Pipeline/Pipeline->Illuminate/Pipeline/{closure}(Object(Illuminate/Http/Request))
#13 C:/Users/Aprendiz/Downloads/PROYECTO--main/vendor/laravel/framework/src/Illuminate/Pipeline/Pipeline.php(219): Illuminate/Auth/Middleware/Authenticate->handle(Object(Illuminate/Http/Request), Object(Closure))
#14 C:/Users/Aprendiz/Downloads/PROYECTO--main/vendor/laravel/framework/src/Illuminate/Foundation/Http/Middleware/VerifyCsrfToken.php(87): Illuminate/Pipeline/Pipeline->Illuminate/Pipeline/{closure}(Object(Illuminate/Http/Request))
#15 C:/Users/Aprendiz/Downloads/PROYECTO--main/vendor/laravel/framework/src/Illuminate/Pipeline/Pipeline.php(219): Illuminate/Foundation/Http/Middleware/VerifyCsrfToken->handle(Object(Illuminate/Http/Request), Object(Closure))
#16 C:/Users/Aprendiz/Downloads/PROYECTO--main/vendor/laravel/framework/src/Illuminate/View/Middleware/ShareErrorsFromSession.php(48): Illuminate/Pipeline/Pipeline->Illuminate/Pipeline/{closure}(Object(Illuminate/Http/Request))
#17 C:/Users/Aprendiz/Downloads/PROYECTO--main/vendor/laravel/framework/src/Illuminate/Pipeline/Pipeline.php(219): Illuminate/View/Middleware/ShareErrorsFromSession->handle(Object(Illuminate/Http/Request), Object(Closure))
#18 C:/Users/Aprendiz/Downloads/PROYECTO--main/vendor/laravel/framework/src/Illuminate/Session/Middleware/StartSession.php(120): Illuminate/Pipeline/Pipeline->Illuminate/Pipeline/{closure}(Object(Illuminate/Http/Request))
#19 C:/Users/Aprendiz/Downloads/PROYECTO--main/vendor/laravel/framework/src/Illuminate/Session/Middleware/StartSession.php(63): Illuminate/Session/Middleware/StartSession->handleStatefulRequest(Object(Illuminate/Http/Request), Object(Illuminate/Session/Store), Object(Closure))
#20 C:/Users/Aprendiz/Downloads/PROYECTO--main/vendor/laravel/framework/src/Illuminate/Pipeline/Pipeline.php(219): Illuminate/Session/Middleware/StartSession->handle(Object(Illuminate/Http/Request), Object(Closure))
#21 C:/Users/Aprendiz/Downloads/PROYECTO--main/vendor/laravel/framework/src/Illuminate/Cookie/Middleware/AddQueuedCookiesToResponse.php(36): Illuminate/Pipeline/Pipeline->Illuminate/Pipeline/{closure}(Object(Illuminate/Http/Request))
#22 C:/Users/Aprendiz/Downloads/PROYECTO--main/vendor/laravel/framework/src/Illuminate/Pipeline/Pipeline.php(219): Illuminate/Cookie/Middleware/AddQueuedCookiesToResponse->handle(Object(Illuminate/Http/Request), Object(Closure))
#23 C:/Users/Aprendiz/Downloads/PROYECTO--main/vendor/laravel/framework/src/Illuminate/Cookie/Middleware/EncryptCookies.php(74): Illuminate/Pipeline/Pipeline->Illuminate/Pipeline/{closure}(Object(Illuminate/Http/Request))
#24 C:/Users/Aprendiz/Downloads/PROYECTO--main/vendor/laravel/framework/src/Illuminate/Pipeline/Pipeline.php(219): Illuminate/Cookie/Middleware/EncryptCookies->handle(Object(Illuminate/Http/Request), Object(Closure))
#25 C:/Users/Aprendiz/Downloads/PROYECTO--main/vendor/laravel/framework/src/Illuminate/Pipeline/Pipeline.php(137): Illuminate/Pipeline/Pipeline->Illuminate/Pipeline/{closure}(Object(Illuminate/Http/Request))
#26 C:/Users/Aprendiz/Downloads/PROYECTO--main/vendor/laravel/framework/src/Illuminate/Routing/Router.php(821): Illuminate/Pipeline/Pipeline->then(Object(Closure))
#27 C:/Users/Aprendiz/Downloads/PROYECTO--main/vendor/laravel/framework/src/Illuminate/Routing/Router.php(800): Illuminate/Routing/Router->runRouteWithinStack(Object(Illuminate/Routing/Route), Object(Illuminate/Http/Request))
#28 C:/Users/Aprendiz/Downloads/PROYECTO--main/vendor/laravel/framework/src/Illuminate/Routing/Router.php(764): Illuminate/Routing/Router->runRoute(Object(Illuminate/Http/Request), Object(Illuminate/Routing/Route))
#29 C:/Users/Aprendiz/Downloads/PROYECTO--main/vendor/laravel/framework/src/Illuminate/Routing/Router.php(753): Illuminate/Routing/Router->dispatchToRoute(Object(Illuminate/Http/Request))
#30 C:/Users/Aprendiz/Downloads/PROYECTO--main/vendor/laravel/framework/src/Illuminate/Foundation/Http/Kernel.php(200): Illuminate/Routing/Router->dispatch(Object(Illuminate/Http/Request))
#31 C:/Users/Aprendiz/Downloads/PROYECTO--main/vendor/laravel/framework/src/Illuminate/Pipeline/Pipeline.php(180): Illuminate/Foundation/Http/Kernel->Illuminate/Foundation/Http/{closure}(Object(Illuminate/Http/Request))
#32 C:/Users/Aprendiz/Downloads/PROYECTO--main/vendor/laravel/framework/src/Illuminate/Foundation/Http/Middleware/TransformsRequest.php(21): Illuminate/Pipeline/Pipeline->Illuminate/Pipeline/{closure}(Object(Illuminate/Http/Request))
#33 C:/Users/Aprendiz/Downloads/PROYECTO--main/vendor/laravel/framework/src/Illuminate/Foundation/Http/Middleware/ConvertEmptyStringsToNull.php(31): Illuminate/Foundation/Http/Middleware/TransformsRequest->handle(Object(Illuminate/Http/Request), Object(Closure))
#34 C:/Users/Aprendiz/Downloads/PROYECTO--main/vendor/laravel/framework/src/Illuminate/Pipeline/Pipeline.php(219): Illuminate/Foundation/Http/Middleware/ConvertEmptyStringsToNull->handle(Object(Illuminate/Http/Request), Object(Closure))
#35 C:/Users/Aprendiz/Downloads/PROYECTO--main/vendor/laravel/framework/src/Illuminate/Foundation/Http/Middleware/TransformsRequest.php(21): Illuminate/Pipeline/Pipeline->Illuminate/Pipeline/{closure}(Object(Illuminate/Http/Request))
#36 C:/Users/Aprendiz/Downloads/PROYECTO--main/vendor/laravel/framework/src/Illuminate/Foundation/Http/Middleware/TrimStrings.php(51): Illuminate/Foundation/Http/Middleware/TransformsRequest->handle(Object(Illuminate/Http/Request), Object(Closure))
#37 C:/Users/Aprendiz/Downloads/PROYECTO--main/vendor/laravel/framework/src/Illuminate/Pipeline/Pipeline.php(219): Illuminate/Foundation/Http/Middleware/TrimStrings->handle(Object(Illuminate/Http/Request), Object(Closure))
#38 C:/Users/Aprendiz/Downloads/PROYECTO--main/vendor/laravel/framework/src/Illuminate/Http/Middleware/ValidatePostSize.php(27): Illuminate/Pipeline/Pipeline->Illuminate/Pipeline/{closure}(Object(Illuminate/Http/Request))
#39 C:/Users/Aprendiz/Downloads/PROYECTO--main/vendor/laravel/framework/src/Illuminate/Pipeline/Pipeline.php(219): Illuminate/Http/Middleware/ValidatePostSize->handle(Object(Illuminate/Http/Request), Object(Closure))
#40 C:/Users/Aprendiz/Downloads/PROYECTO--main/vendor/laravel/framework/src/Illuminate/Foundation/Http/Middleware/PreventRequestsDuringMaintenance.php(109): Illuminate/Pipeline/Pipeline->Illuminate/Pipeline/{closure}(Object(Illuminate/Http/Request))
#41 C:/Users/Aprendiz/Downloads/PROYECTO--main/vendor/laravel/framework/src/Illuminate/Pipeline/Pipeline.php(219): Illuminate/Foundation/Http/Middleware/PreventRequestsDuringMaintenance->handle(Object(Illuminate/Http/Request), Object(Closure))
#42 C:/Users/Aprendiz/Downloads/PROYECTO--main/vendor/laravel/framework/src/Illuminate/Http/Middleware/HandleCors.php(61): Illuminate/Pipeline/Pipeline->Illuminate/Pipeline/{closure}(Object(Illuminate/Http/Request))
#43 C:/Users/Aprendiz/Downloads/PROYECTO--main/vendor/laravel/framework/src/Illuminate/Pipeline/Pipeline.php(219): Illuminate/Http/Middleware/HandleCors->handle(Object(Illuminate/Http/Request), Object(Closure))
#44 C:/Users/Aprendiz/Downloads/PROYECTO--main/vendor/laravel/framework/src/Illuminate/Http/Middleware/TrustProxies.php(58): Illuminate/Pipeline/Pipeline->Illuminate/Pipeline/{closure}(Object(Illuminate/Http/Request))
#45 C:/Users/Aprendiz/Downloads/PROYECTO--main/vendor/laravel/framework/src/Illuminate/Pipeline/Pipeline.php(219): Illuminate/Http/Middleware/TrustProxies->handle(Object(Illuminate/Http/Request), Object(Closure))
#46 C:/Users/Aprendiz/Downloads/PROYECTO--main/vendor/laravel/framework/src/Illuminate/Foundation/Http/Middleware/InvokeDeferredCallbacks.php(22): Illuminate/Pipeline/Pipeline->Illuminate/Pipeline/{closure}(Object(Illuminate/Http/Request))
#47 C:/Users/Aprendiz/Downloads/PROYECTO--main/vendor/laravel/framework/src/Illuminate/Pipeline/Pipeline.php(219): Illuminate/Foundation/Http/Middleware/InvokeDeferredCallbacks->handle(Object(Illuminate/Http/Request), Object(Closure))
#48 C:/Users/Aprendiz/Downloads/PROYECTO--main/vendor/laravel/framework/src/Illuminate/Http/Middleware/ValidatePathEncoding.php(26): Illuminate/Pipeline/Pipeline->Illuminate/Pipeline/{closure}(Object(Illuminate/Http/Request))
#49 C:/Users/Aprendiz/Downloads/PROYECTO--main/vendor/laravel/framework/src/Illuminate/Pipeline/Pipeline.php(219): Illuminate/Http/Middleware/ValidatePathEncoding->handle(Object(Illuminate/Http/Request), Object(Closure))
#50 C:/Users/Aprendiz/Downloads/PROYECTO--main/vendor/laravel/framework/src/Illuminate/Pipeline/Pipeline.php(137): Illuminate/Pipeline/Pipeline->Illuminate/Pipeline/{closure}(Object(Illuminate/Http/Request))
#51 C:/Users/Aprendiz/Downloads/PROYECTO--main/vendor/laravel/framework/src/Illuminate/Foundation/Http/Kernel.php(175): Illuminate/Pipeline/Pipeline->then(Object(Closure))
#52 C:/Users/Aprendiz/Downloads/PROYECTO--main/vendor/laravel/framework/src/Illuminate/Foundation/Http/Kernel.php(144): Illuminate/Foundation/Http/Kernel->sendRequestThroughRouter(Object(Illuminate/Http/Request))
#53 C:/Users/Aprendiz/Downloads/PROYECTO--main/vendor/laravel/framework/src/Illuminate/Foundation/Application.php(1220): Illuminate/Foundation/Http/Kernel->handle(Object(Illuminate/Http/Request))
#54 C:/Users/Aprendiz/Downloads/PROYECTO--main/public/index.php(20): Illuminate/Foundation/Application->handleRequest(Object(Illuminate/Http/Request))
#55 C:/Users/Aprendiz/Downloads/PROYECTO--main/vendor/laravel/framework/src/Illuminate/Foundation/resources/server.php(23): require_once('C://Users//Aprend...')
#56 {main}
"} 
[2026-06-18 20:02:34] local.ERROR: View [appointments.edit] not found. {"userId":1,"exception":"[object] (InvalidArgumentException(code: 0): View [appointments.edit] not found. at C:/Users/Aprendiz/Downloads/PROYECTO--main/vendor/laravel/framework/src/Illuminate/View/FileViewFinder.php:138)
[stacktrace]
#0 C:/Users/Aprendiz/Downloads/PROYECTO--main/vendor/laravel/framework/src/Illuminate/View/FileViewFinder.php(78): Illuminate/View/FileViewFinder->findInPaths('appointments.ed...', Array)
#1 C:/Users/Aprendiz/Downloads/PROYECTO--main/vendor/laravel/framework/src/Illuminate/View/Factory.php(150): Illuminate/View/FileViewFinder->find('appointments.ed...')
#2 C:/Users/Aprendiz/Downloads/PROYECTO--main/vendor/laravel/framework/src/Illuminate/Foundation/helpers.php(1100): Illuminate/View/Factory->make('appointments.ed...', Array, Array)
#3 C:/Users/Aprendiz/Downloads/PROYECTO--main/app/Http/Controllers/AppointmentController.php(132): view('appointments.ed...', Array)
#4 C:/Users/Aprendiz/Downloads/PROYECTO--main/vendor/laravel/framework/src/Illuminate/Routing/Controller.php(54): App/Http/Controllers/AppointmentController->edit(Object(App/Models/Appointment))
#5 C:/Users/Aprendiz/Downloads/PROYECTO--main/vendor/laravel/framework/src/Illuminate/Routing/ControllerDispatcher.php(43): Illuminate/Routing/Controller->callAction('edit', Array)
#6 C:/Users/Aprendiz/Downloads/PROYECTO--main/vendor/laravel/framework/src/Illuminate/Routing/Route.php(265): Illuminate/Routing/ControllerDispatcher->dispatch(Object(Illuminate/Routing/Route), Object(App/Http/Controllers/AppointmentController), 'edit')
#7 C:/Users/Aprendiz/Downloads/PROYECTO--main/vendor/laravel/framework/src/Illuminate/Routing/Route.php(211): Illuminate/Routing/Route->runController()
#8 C:/Users/Aprendiz/Downloads/PROYECTO--main/vendor/laravel/framework/src/Illuminate/Routing/Router.php(822): Illuminate/Routing/Route->run()
#9 C:/Users/Aprendiz/Downloads/PROYECTO--main/vendor/laravel/framework/src/Illuminate/Pipeline/Pipeline.php(180): Illuminate/Routing/Router->Illuminate/Routing/{closure}(Object(Illuminate/Http/Request))
#10 C:/Users/Aprendiz/Downloads/PROYECTO--main/vendor/laravel/framework/src/Illuminate/Routing/Middleware/SubstituteBindings.php(50): Illuminate/Pipeline/Pipeline->Illuminate/Pipeline/{closure}(Object(Illuminate/Http/Request))
#11 C:/Users/Aprendiz/Downloads/PROYECTO--main/vendor/laravel/framework/src/Illuminate/Pipeline/Pipeline.php(219): Illuminate/Routing/Middleware/SubstituteBindings->handle(Object(Illuminate/Http/Request), Object(Closure))
#12 C:/Users/Aprendiz/Downloads/PROYECTO--main/vendor/laravel/framework/src/Illuminate/Auth/Middleware/Authenticate.php(63): Illuminate/Pipeline/Pipeline->Illuminate/Pipeline/{closure}(Object(Illuminate/Http/Request))
#13 C:/Users/Aprendiz/Downloads/PROYECTO--main/vendor/laravel/framework/src/Illuminate/Pipeline/Pipeline.php(219): Illuminate/Auth/Middleware/Authenticate->handle(Object(Illuminate/Http/Request), Object(Closure))
#14 C:/Users/Aprendiz/Downloads/PROYECTO--main/vendor/laravel/framework/src/Illuminate/Foundation/Http/Middleware/VerifyCsrfToken.php(87): Illuminate/Pipeline/Pipeline->Illuminate/Pipeline/{closure}(Object(Illuminate/Http/Request))
#15 C:/Users/Aprendiz/Downloads/PROYECTO--main/vendor/laravel/framework/src/Illuminate/Pipeline/Pipeline.php(219): Illuminate/Foundation/Http/Middleware/VerifyCsrfToken->handle(Object(Illuminate/Http/Request), Object(Closure))
#16 C:/Users/Aprendiz/Downloads/PROYECTO--main/vendor/laravel/framework/src/Illuminate/View/Middleware/ShareErrorsFromSession.php(48): Illuminate/Pipeline/Pipeline->Illuminate/Pipeline/{closure}(Object(Illuminate/Http/Request))
#17 C:/Users/Aprendiz/Downloads/PROYECTO--main/vendor/laravel/framework/src/Illuminate/Pipeline/Pipeline.php(219): Illuminate/View/Middleware/ShareErrorsFromSession->handle(Object(Illuminate/Http/Request), Object(Closure))
#18 C:/Users/Aprendiz/Downloads/PROYECTO--main/vendor/laravel/framework/src/Illuminate/Session/Middleware/StartSession.php(120): Illuminate/Pipeline/Pipeline->Illuminate/Pipeline/{closure}(Object(Illuminate/Http/Request))
#19 C:/Users/Aprendiz/Downloads/PROYECTO--main/vendor/laravel/framework/src/Illuminate/Session/Middleware/StartSession.php(63): Illuminate/Session/Middleware/StartSession->handleStatefulRequest(Object(Illuminate/Http/Request), Object(Illuminate/Session/Store), Object(Closure))
#20 C:/Users/Aprendiz/Downloads/PROYECTO--main/vendor/laravel/framework/src/Illuminate/Pipeline/Pipeline.php(219): Illuminate/Session/Middleware/StartSession->handle(Object(Illuminate/Http/Request), Object(Closure))
#21 C:/Users/Aprendiz/Downloads/PROYECTO--main/vendor/laravel/framework/src/Illuminate/Cookie/Middleware/AddQueuedCookiesToResponse.php(36): Illuminate/Pipeline/Pipeline->Illuminate/Pipeline/{closure}(Object(Illuminate/Http/Request))
#22 C:/Users/Aprendiz/Downloads/PROYECTO--main/vendor/laravel/framework/src/Illuminate/Pipeline/Pipeline.php(219): Illuminate/Cookie/Middleware/AddQueuedCookiesToResponse->handle(Object(Illuminate/Http/Request), Object(Closure))
#23 C:/Users/Aprendiz/Downloads/PROYECTO--main/vendor/laravel/framework/src/Illuminate/Cookie/Middleware/EncryptCookies.php(74): Illuminate/Pipeline/Pipeline->Illuminate/Pipeline/{closure}(Object(Illuminate/Http/Request))
#24 C:/Users/Aprendiz/Downloads/PROYECTO--main/vendor/laravel/framework/src/Illuminate/Pipeline/Pipeline.php(219): Illuminate/Cookie/Middleware/EncryptCookies->handle(Object(Illuminate/Http/Request), Object(Closure))
#25 C:/Users/Aprendiz/Downloads/PROYECTO--main/vendor/laravel/framework/src/Illuminate/Pipeline/Pipeline.php(137): Illuminate/Pipeline/Pipeline->Illuminate/Pipeline/{closure}(Object(Illuminate/Http/Request))
#26 C:/Users/Aprendiz/Downloads/PROYECTO--main/vendor/laravel/framework/src/Illuminate/Routing/Router.php(821): Illuminate/Pipeline/Pipeline->then(Object(Closure))
#27 C:/Users/Aprendiz/Downloads/PROYECTO--main/vendor/laravel/framework/src/Illuminate/Routing/Router.php(800): Illuminate/Routing/Router->runRouteWithinStack(Object(Illuminate/Routing/Route), Object(Illuminate/Http/Request))
#28 C:/Users/Aprendiz/Downloads/PROYECTO--main/vendor/laravel/framework/src/Illuminate/Routing/Router.php(764): Illuminate/Routing/Router->runRoute(Object(Illuminate/Http/Request), Object(Illuminate/Routing/Route))
#29 C:/Users/Aprendiz/Downloads/PROYECTO--main/vendor/laravel/framework/src/Illuminate/Routing/Router.php(753): Illuminate/Routing/Router->dispatchToRoute(Object(Illuminate/Http/Request))
#30 C:/Users/Aprendiz/Downloads/PROYECTO--main/vendor/laravel/framework/src/Illuminate/Foundation/Http/Kernel.php(200): Illuminate/Routing/Router->dispatch(Object(Illuminate/Http/Request))
#31 C:/Users/Aprendiz/Downloads/PROYECTO--main/vendor/laravel/framework/src/Illuminate/Pipeline/Pipeline.php(180): Illuminate/Foundation/Http/Kernel->Illuminate/Foundation/Http/{closure}(Object(Illuminate/Http/Request))
#32 C:/Users/Aprendiz/Downloads/PROYECTO--main/vendor/laravel/framework/src/Illuminate/Foundation/Http/Middleware/TransformsRequest.php(21): Illuminate/Pipeline/Pipeline->Illuminate/Pipeline/{closure}(Object(Illuminate/Http/Request))
#33 C:/Users/Aprendiz/Downloads/PROYECTO--main/vendor/laravel/framework/src/Illuminate/Foundation/Http/Middleware/ConvertEmptyStringsToNull.php(31): Illuminate/Foundation/Http/Middleware/TransformsRequest->handle(Object(Illuminate/Http/Request), Object(Closure))
#34 C:/Users/Aprendiz/Downloads/PROYECTO--main/vendor/laravel/framework/src/Illuminate/Pipeline/Pipeline.php(219): Illuminate/Foundation/Http/Middleware/ConvertEmptyStringsToNull->handle(Object(Illuminate/Http/Request), Object(Closure))
#35 C:/Users/Aprendiz/Downloads/PROYECTO--main/vendor/laravel/framework/src/Illuminate/Foundation/Http/Middleware/TransformsRequest.php(21): Illuminate/Pipeline/Pipeline->Illuminate/Pipeline/{closure}(Object(Illuminate/Http/Request))
#36 C:/Users/Aprendiz/Downloads/PROYECTO--main/vendor/laravel/framework/src/Illuminate/Foundation/Http/Middleware/TrimStrings.php(51): Illuminate/Foundation/Http/Middleware/TransformsRequest->handle(Object(Illuminate/Http/Request), Object(Closure))
#37 C:/Users/Aprendiz/Downloads/PROYECTO--main/vendor/laravel/framework/src/Illuminate/Pipeline/Pipeline.php(219): Illuminate/Foundation/Http/Middleware/TrimStrings->handle(Object(Illuminate/Http/Request), Object(Closure))
#38 C:/Users/Aprendiz/Downloads/PROYECTO--main/vendor/laravel/framework/src/Illuminate/Http/Middleware/ValidatePostSize.php(27): Illuminate/Pipeline/Pipeline->Illuminate/Pipeline/{closure}(Object(Illuminate/Http/Request))
#39 C:/Users/Aprendiz/Downloads/PROYECTO--main/vendor/laravel/framework/src/Illuminate/Pipeline/Pipeline.php(219): Illuminate/Http/Middleware/ValidatePostSize->handle(Object(Illuminate/Http/Request), Object(Closure))
#40 C:/Users/Aprendiz/Downloads/PROYECTO--main/vendor/laravel/framework/src/Illuminate/Foundation/Http/Middleware/PreventRequestsDuringMaintenance.php(109): Illuminate/Pipeline/Pipeline->Illuminate/Pipeline/{closure}(Object(Illuminate/Http/Request))
#41 C:/Users/Aprendiz/Downloads/PROYECTO--main/vendor/laravel/framework/src/Illuminate/Pipeline/Pipeline.php(219): Illuminate/Foundation/Http/Middleware/PreventRequestsDuringMaintenance->handle(Object(Illuminate/Http/Request), Object(Closure))
#42 C:/Users/Aprendiz/Downloads/PROYECTO--main/vendor/laravel/framework/src/Illuminate/Http/Middleware/HandleCors.php(61): Illuminate/Pipeline/Pipeline->Illuminate/Pipeline/{closure}(Object(Illuminate/Http/Request))
#43 C:/Users/Aprendiz/Downloads/PROYECTO--main/vendor/laravel/framework/src/Illuminate/Pipeline/Pipeline.php(219): Illuminate/Http/Middleware/HandleCors->handle(Object(Illuminate/Http/Request), Object(Closure))
#44 C:/Users/Aprendiz/Downloads/PROYECTO--main/vendor/laravel/framework/src/Illuminate/Http/Middleware/TrustProxies.php(58): Illuminate/Pipeline/Pipeline->Illuminate/Pipeline/{closure}(Object(Illuminate/Http/Request))
#45 C:/Users/Aprendiz/Downloads/PROYECTO--main/vendor/laravel/framework/src/Illuminate/Pipeline/Pipeline.php(219): Illuminate/Http/Middleware/TrustProxies->handle(Object(Illuminate/Http/Request), Object(Closure))
#46 C:/Users/Aprendiz/Downloads/PROYECTO--main/vendor/laravel/framework/src/Illuminate/Foundation/Http/Middleware/InvokeDeferredCallbacks.php(22): Illuminate/Pipeline/Pipeline->Illuminate/Pipeline/{closure}(Object(Illuminate/Http/Request))
#47 C:/Users/Aprendiz/Downloads/PROYECTO--main/vendor/laravel/framework/src/Illuminate/Pipeline/Pipeline.php(219): Illuminate/Foundation/Http/Middleware/InvokeDeferredCallbacks->handle(Object(Illuminate/Http/Request), Object(Closure))
#48 C:/Users/Aprendiz/Downloads/PROYECTO--main/vendor/laravel/framework/src/Illuminate/Http/Middleware/ValidatePathEncoding.php(26): Illuminate/Pipeline/Pipeline->Illuminate/Pipeline/{closure}(Object(Illuminate/Http/Request))
#49 C:/Users/Aprendiz/Downloads/PROYECTO--main/vendor/laravel/framework/src/Illuminate/Pipeline/Pipeline.php(219): Illuminate/Http/Middleware/ValidatePathEncoding->handle(Object(Illuminate/Http/Request), Object(Closure))
#50 C:/Users/Aprendiz/Downloads/PROYECTO--main/vendor/laravel/framework/src/Illuminate/Pipeline/Pipeline.php(137): Illuminate/Pipeline/Pipeline->Illuminate/Pipeline/{closure}(Object(Illuminate/Http/Request))
#51 C:/Users/Aprendiz/Downloads/PROYECTO--main/vendor/laravel/framework/src/Illuminate/Foundation/Http/Kernel.php(175): Illuminate/Pipeline/Pipeline->then(Object(Closure))
#52 C:/Users/Aprendiz/Downloads/PROYECTO--main/vendor/laravel/framework/src/Illuminate/Foundation/Http/Kernel.php(144): Illuminate/Foundation/Http/Kernel->sendRequestThroughRouter(Object(Illuminate/Http/Request))
#53 C:/Users/Aprendiz/Downloads/PROYECTO--main/vendor/laravel/framework/src/Illuminate/Foundation/Application.php(1220): Illuminate/Foundation/Http/Kernel->handle(Object(Illuminate/Http/Request))
#54 C:/Users/Aprendiz/Downloads/PROYECTO--main/public/index.php(20): Illuminate/Foundation/Application->handleRequest(Object(Illuminate/Http/Request))
#55 C:/Users/Aprendiz/Downloads/PROYECTO--main/vendor/laravel/framework/src/Illuminate/Foundation/resources/server.php(23): require_once('C://Users//Aprend...')
#56 {main}
"} 
[2026-06-18 20:48:47] local.ERROR: syntax error, unexpected token "else", expecting end of file (View: C:\Users\Aprendiz\Downloads\PROYECTO--main\resources\views\dashboard.blade.php) {"userId":1,"exception":"[object] (Illuminate\\View\\ViewException(code: 0): syntax error, unexpected token \"else\", expecting end of file (View: C:\\Users\\Aprendiz\\Downloads\\PROYECTO--main\\resources\\views\\dashboard.blade.php) at C:/Users/Aprendiz/Downloads/PROYECTO--main/storage/framework/views/08bc9e9f5fd1582ebd5512b3ae1cdbb2.php:483)
[stacktrace]
#0 C:/Users/Aprendiz/Downloads/PROYECTO--main/vendor/laravel/framework/src/Illuminate/View/Engines/PhpEngine.php(59): Illuminate/View/Engines/CompilerEngine->handleViewException(Object(ParseError), 1)
#1 C:/Users/Aprendiz/Downloads/PROYECTO--main/vendor/laravel/framework/src/Illuminate/View/Engines/CompilerEngine.php(76): Illuminate/View/Engines/PhpEngine->evaluatePath('C://Users//Aprend...', Array)
#2 C:/Users/Aprendiz/Downloads/PROYECTO--main/vendor/laravel/framework/src/Illuminate/View/View.php(208): Illuminate/View/Engines/CompilerEngine->get('C://Users//Aprend...', Array)
#3 C:/Users/Aprendiz/Downloads/PROYECTO--main/vendor/laravel/framework/src/Illuminate/View/View.php(191): Illuminate/View/View->getContents()
#4 C:/Users/Aprendiz/Downloads/PROYECTO--main/vendor/laravel/framework/src/Illuminate/View/View.php(160): Illuminate/View/View->renderContents()
#5 C:/Users/Aprendiz/Downloads/PROYECTO--main/vendor/laravel/framework/src/Illuminate/Http/Response.php(78): Illuminate/View/View->render()
#6 C:/Users/Aprendiz/Downloads/PROYECTO--main/vendor/laravel/framework/src/Illuminate/Http/Response.php(34): Illuminate/Http/Response->setContent(Object(Illuminate/View/View))
#7 C:/Users/Aprendiz/Downloads/PROYECTO--main/vendor/laravel/framework/src/Illuminate/Routing/Router.php(939): Illuminate/Http/Response->__construct(Object(Illuminate/View/View), 200, Array)
#8 C:/Users/Aprendiz/Downloads/PROYECTO--main/vendor/laravel/framework/src/Illuminate/Routing/Router.php(906): Illuminate/Routing/Router::toResponse(Object(Illuminate/Http/Request), Object(Illuminate/View/View))
#9 C:/Users/Aprendiz/Downloads/PROYECTO--main/vendor/laravel/framework/src/Illuminate/Routing/Router.php(821): Illuminate/Routing/Router->prepareResponse(Object(Illuminate/Http/Request), Object(Illuminate/View/View))
#10 C:/Users/Aprendiz/Downloads/PROYECTO--main/vendor/laravel/framework/src/Illuminate/Pipeline/Pipeline.php(180): Illuminate/Routing/Router->Illuminate/Routing/{closure}(Object(Illuminate/Http/Request))
#11 C:/Users/Aprendiz/Downloads/PROYECTO--main/vendor/laravel/framework/src/Illuminate/Auth/Middleware/EnsureEmailIsVerified.php(41): Illuminate/Pipeline/Pipeline->Illuminate/Pipeline/{closure}(Object(Illuminate/Http/Request))
#12 C:/Users/Aprendiz/Downloads/PROYECTO--main/vendor/laravel/framework/src/Illuminate/Pipeline/Pipeline.php(219): Illuminate/Auth/Middleware/EnsureEmailIsVerified->handle(Object(Illuminate/Http/Request), Object(Closure))
#13 C:/Users/Aprendiz/Downloads/PROYECTO--main/vendor/laravel/framework/src/Illuminate/Routing/Middleware/SubstituteBindings.php(50): Illuminate/Pipeline/Pipeline->Illuminate/Pipeline/{closure}(Object(Illuminate/Http/Request))
#14 C:/Users/Aprendiz/Downloads/PROYECTO--main/vendor/laravel/framework/src/Illuminate/Pipeline/Pipeline.php(219): Illuminate/Routing/Middleware/SubstituteBindings->handle(Object(Illuminate/Http/Request), Object(Closure))
#15 C:/Users/Aprendiz/Downloads/PROYECTO--main/vendor/laravel/framework/src/Illuminate/Auth/Middleware/Authenticate.php(63): Illuminate/Pipeline/Pipeline->Illuminate/Pipeline/{closure}(Object(Illuminate/Http/Request))
#16 C:/Users/Aprendiz/Downloads/PROYECTO--main/vendor/laravel/framework/src/Illuminate/Pipeline/Pipeline.php(219): Illuminate/Auth/Middleware/Authenticate->handle(Object(Illuminate/Http/Request), Object(Closure))
#17 C:/Users/Aprendiz/Downloads/PROYECTO--main/vendor/laravel/framework/src/Illuminate/Foundation/Http/Middleware/VerifyCsrfToken.php(87): Illuminate/Pipeline/Pipeline->Illuminate/Pipeline/{closure}(Object(Illuminate/Http/Request))
#18 C:/Users/Aprendiz/Downloads/PROYECTO--main/vendor/laravel/framework/src/Illuminate/Pipeline/Pipeline.php(219): Illuminate/Foundation/Http/Middleware/VerifyCsrfToken->handle(Object(Illuminate/Http/Request), Object(Closure))
#19 C:/Users/Aprendiz/Downloads/PROYECTO--main/vendor/laravel/framework/src/Illuminate/View/Middleware/ShareErrorsFromSession.php(48): Illuminate/Pipeline/Pipeline->Illuminate/Pipeline/{closure}(Object(Illuminate/Http/Request))
#20 C:/Users/Aprendiz/Downloads/PROYECTO--main/vendor/laravel/framework/src/Illuminate/Pipeline/Pipeline.php(219): Illuminate/View/Middleware/ShareErrorsFromSession->handle(Object(Illuminate/Http/Request), Object(Closure))
#21 C:/Users/Aprendiz/Downloads/PROYECTO--main/vendor/laravel/framework/src/Illuminate/Session/Middleware/StartSession.php(120): Illuminate/Pipeline/Pipeline->Illuminate/Pipeline/{closure}(Object(Illuminate/Http/Request))
#22 C:/Users/Aprendiz/Downloads/PROYECTO--main/vendor/laravel/framework/src/Illuminate/Session/Middleware/StartSession.php(63): Illuminate/Session/Middleware/StartSession->handleStatefulRequest(Object(Illuminate/Http/Request), Object(Illuminate/Session/Store), Object(Closure))
#23 C:/Users/Aprendiz/Downloads/PROYECTO--main/vendor/laravel/framework/src/Illuminate/Pipeline/Pipeline.php(219): Illuminate/Session/Middleware/StartSession->handle(Object(Illuminate/Http/Request), Object(Closure))
#24 C:/Users/Aprendiz/Downloads/PROYECTO--main/vendor/laravel/framework/src/Illuminate/Cookie/Middleware/AddQueuedCookiesToResponse.php(36): Illuminate/Pipeline/Pipeline->Illuminate/Pipeline/{closure}(Object(Illuminate/Http/Request))
#25 C:/Users/Aprendiz/Downloads/PROYECTO--main/vendor/laravel/framework/src/Illuminate/Pipeline/Pipeline.php(219): Illuminate/Cookie/Middleware/AddQueuedCookiesToResponse->handle(Object(Illuminate/Http/Request), Object(Closure))
#26 C:/Users/Aprendiz/Downloads/PROYECTO--main/vendor/laravel/framework/src/Illuminate/Cookie/Middleware/EncryptCookies.php(74): Illuminate/Pipeline/Pipeline->Illuminate/Pipeline/{closure}(Object(Illuminate/Http/Request))
#27 C:/Users/Aprendiz/Downloads/PROYECTO--main/vendor/laravel/framework/src/Illuminate/Pipeline/Pipeline.php(219): Illuminate/Cookie/Middleware/EncryptCookies->handle(Object(Illuminate/Http/Request), Object(Closure))
#28 C:/Users/Aprendiz/Downloads/PROYECTO--main/vendor/laravel/framework/src/Illuminate/Pipeline/Pipeline.php(137): Illuminate/Pipeline/Pipeline->Illuminate/Pipeline/{closure}(Object(Illuminate/Http/Request))
#29 C:/Users/Aprendiz/Downloads/PROYECTO--main/vendor/laravel/framework/src/Illuminate/Routing/Router.php(821): Illuminate/Pipeline/Pipeline->then(Object(Closure))
#30 C:/Users/Aprendiz/Downloads/PROYECTO--main/vendor/laravel/framework/src/Illuminate/Routing/Router.php(800): Illuminate/Routing/Router->runRouteWithinStack(Object(Illuminate/Routing/Route), Object(Illuminate/Http/Request))
#31 C:/Users/Aprendiz/Downloads/PROYECTO--main/vendor/laravel/framework/src/Illuminate/Routing/Router.php(764): Illuminate/Routing/Router->runRoute(Object(Illuminate/Http/Request), Object(Illuminate/Routing/Route))
#32 C:/Users/Aprendiz/Downloads/PROYECTO--main/vendor/laravel/framework/src/Illuminate/Routing/Router.php(753): Illuminate/Routing/Router->dispatchToRoute(Object(Illuminate/Http/Request))
#33 C:/Users/Aprendiz/Downloads/PROYECTO--main/vendor/laravel/framework/src/Illuminate/Foundation/Http/Kernel.php(200): Illuminate/Routing/Router->dispatch(Object(Illuminate/Http/Request))
#34 C:/Users/Aprendiz/Downloads/PROYECTO--main/vendor/laravel/framework/src/Illuminate/Pipeline/Pipeline.php(180): Illuminate/Foundation/Http/Kernel->Illuminate/Foundation/Http/{closure}(Object(Illuminate/Http/Request))
#35 C:/Users/Aprendiz/Downloads/PROYECTO--main/vendor/laravel/framework/src/Illuminate/Foundation/Http/Middleware/TransformsRequest.php(21): Illuminate/Pipeline/Pipeline->Illuminate/Pipeline/{closure}(Object(Illuminate/Http/Request))
#36 C:/Users/Aprendiz/Downloads/PROYECTO--main/vendor/laravel/framework/src/Illuminate/Foundation/Http/Middleware/ConvertEmptyStringsToNull.php(31): Illuminate/Foundation/Http/Middleware/TransformsRequest->handle(Object(Illuminate/Http/Request), Object(Closure))
#37 C:/Users/Aprendiz/Downloads/PROYECTO--main/vendor/laravel/framework/src/Illuminate/Pipeline/Pipeline.php(219): Illuminate/Foundation/Http/Middleware/ConvertEmptyStringsToNull->handle(Object(Illuminate/Http/Request), Object(Closure))
#38 C:/Users/Aprendiz/Downloads/PROYECTO--main/vendor/laravel/framework/src/Illuminate/Foundation/Http/Middleware/TransformsRequest.php(21): Illuminate/Pipeline/Pipeline->Illuminate/Pipeline/{closure}(Object(Illuminate/Http/Request))
#39 C:/Users/Aprendiz/Downloads/PROYECTO--main/vendor/laravel/framework/src/Illuminate/Foundation/Http/Middleware/TrimStrings.php(51): Illuminate/Foundation/Http/Middleware/TransformsRequest->handle(Object(Illuminate/Http/Request), Object(Closure))
#40 C:/Users/Aprendiz/Downloads/PROYECTO--main/vendor/laravel/framework/src/Illuminate/Pipeline/Pipeline.php(219): Illuminate/Foundation/Http/Middleware/TrimStrings->handle(Object(Illuminate/Http/Request), Object(Closure))
#41 C:/Users/Aprendiz/Downloads/PROYECTO--main/vendor/laravel/framework/src/Illuminate/Http/Middleware/ValidatePostSize.php(27): Illuminate/Pipeline/Pipeline->Illuminate/Pipeline/{closure}(Object(Illuminate/Http/Request))
#42 C:/Users/Aprendiz/Downloads/PROYECTO--main/vendor/laravel/framework/src/Illuminate/Pipeline/Pipeline.php(219): Illuminate/Http/Middleware/ValidatePostSize->handle(Object(Illuminate/Http/Request), Object(Closure))
#43 C:/Users/Aprendiz/Downloads/PROYECTO--main/vendor/laravel/framework/src/Illuminate/Foundation/Http/Middleware/PreventRequestsDuringMaintenance.php(109): Illuminate/Pipeline/Pipeline->Illuminate/Pipeline/{closure}(Object(Illuminate/Http/Request))
#44 C:/Users/Aprendiz/Downloads/PROYECTO--main/vendor/laravel/framework/src/Illuminate/Pipeline/Pipeline.php(219): Illuminate/Foundation/Http/Middleware/PreventRequestsDuringMaintenance->handle(Object(Illuminate/Http/Request), Object(Closure))
#45 C:/Users/Aprendiz/Downloads/PROYECTO--main/vendor/laravel/framework/src/Illuminate/Http/Middleware/HandleCors.php(61): Illuminate/Pipeline/Pipeline->Illuminate/Pipeline/{closure}(Object(Illuminate/Http/Request))
#46 C:/Users/Aprendiz/Downloads/PROYECTO--main/vendor/laravel/framework/src/Illuminate/Pipeline/Pipeline.php(219): Illuminate/Http/Middleware/HandleCors->handle(Object(Illuminate/Http/Request), Object(Closure))
#47 C:/Users/Aprendiz/Downloads/PROYECTO--main/vendor/laravel/framework/src/Illuminate/Http/Middleware/TrustProxies.php(58): Illuminate/Pipeline/Pipeline->Illuminate/Pipeline/{closure}(Object(Illuminate/Http/Request))
#48 C:/Users/Aprendiz/Downloads/PROYECTO--main/vendor/laravel/framework/src/Illuminate/Pipeline/Pipeline.php(219): Illuminate/Http/Middleware/TrustProxies->handle(Object(Illuminate/Http/Request), Object(Closure))
#49 C:/Users/Aprendiz/Downloads/PROYECTO--main/vendor/laravel/framework/src/Illuminate/Foundation/Http/Middleware/InvokeDeferredCallbacks.php(22): Illuminate/Pipeline/Pipeline->Illuminate/Pipeline/{closure}(Object(Illuminate/Http/Request))
#50 C:/Users/Aprendiz/Downloads/PROYECTO--main/vendor/laravel/framework/src/Illuminate/Pipeline/Pipeline.php(219): Illuminate/Foundation/Http/Middleware/InvokeDeferredCallbacks->handle(Object(Illuminate/Http/Request), Object(Closure))
#51 C:/Users/Aprendiz/Downloads/PROYECTO--main/vendor/laravel/framework/src/Illuminate/Http/Middleware/ValidatePathEncoding.php(26): Illuminate/Pipeline/Pipeline->Illuminate/Pipeline/{closure}(Object(Illuminate/Http/Request))
#52 C:/Users/Aprendiz/Downloads/PROYECTO--main/vendor/laravel/framework/src/Illuminate/Pipeline/Pipeline.php(219): Illuminate/Http/Middleware/ValidatePathEncoding->handle(Object(Illuminate/Http/Request), Object(Closure))
#53 C:/Users/Aprendiz/Downloads/PROYECTO--main/vendor/laravel/framework/src/Illuminate/Pipeline/Pipeline.php(137): Illuminate/Pipeline/Pipeline->Illuminate/Pipeline/{closure}(Object(Illuminate/Http/Request))
#54 C:/Users/Aprendiz/Downloads/PROYECTO--main/vendor/laravel/framework/src/Illuminate/Foundation/Http/Kernel.php(175): Illuminate/Pipeline/Pipeline->then(Object(Closure))
#55 C:/Users/Aprendiz/Downloads/PROYECTO--main/vendor/laravel/framework/src/Illuminate/Foundation/Http/Kernel.php(144): Illuminate/Foundation/Http/Kernel->sendRequestThroughRouter(Object(Illuminate/Http/Request))
#56 C:/Users/Aprendiz/Downloads/PROYECTO--main/vendor/laravel/framework/src/Illuminate/Foundation/Application.php(1220): Illuminate/Foundation/Http/Kernel->handle(Object(Illuminate/Http/Request))
#57 C:/Users/Aprendiz/Downloads/PROYECTO--main/public/index.php(20): Illuminate/Foundation/Application->handleRequest(Object(Illuminate/Http/Request))
#58 C:/Users/Aprendiz/Downloads/PROYECTO--main/vendor/laravel/framework/src/Illuminate/Foundation/resources/server.php(23): require_once('C://Users//Aprend...')
#59 {main}

[previous exception] [object] (ParseError(code: 0): syntax error, unexpected token \"else\", expecting end of file at C:/Users/Aprendiz/Downloads/PROYECTO--main/storage/framework/views/08bc9e9f5fd1582ebd5512b3ae1cdbb2.php:483)
[stacktrace]
#0 C:/Users/Aprendiz/Downloads/PROYECTO--main/vendor/laravel/framework/src/Illuminate/Filesystem/Filesystem.php(124): Illuminate/Filesystem/Filesystem::Illuminate/Filesystem/{closure}()
#1 C:/Users/Aprendiz/Downloads/PROYECTO--main/vendor/laravel/framework/src/Illuminate/View/Engines/PhpEngine.php(57): Illuminate/Filesystem/Filesystem->getRequire('C://Users//Aprend...', Array)
#2 C:/Users/Aprendiz/Downloads/PROYECTO--main/vendor/laravel/framework/src/Illuminate/View/Engines/CompilerEngine.php(76): Illuminate/View/Engines/PhpEngine->evaluatePath('C://Users//Aprend...', Array)
#3 C:/Users/Aprendiz/Downloads/PROYECTO--main/vendor/laravel/framework/src/Illuminate/View/View.php(208): Illuminate/View/Engines/CompilerEngine->get('C://Users//Aprend...', Array)
#4 C:/Users/Aprendiz/Downloads/PROYECTO--main/vendor/laravel/framework/src/Illuminate/View/View.php(191): Illuminate/View/View->getContents()
#5 C:/Users/Aprendiz/Downloads/PROYECTO--main/vendor/laravel/framework/src/Illuminate/View/View.php(160): Illuminate/View/View->renderContents()
#6 C:/Users/Aprendiz/Downloads/PROYECTO--main/vendor/laravel/framework/src/Illuminate/Http/Response.php(78): Illuminate/View/View->render()
#7 C:/Users/Aprendiz/Downloads/PROYECTO--main/vendor/laravel/framework/src/Illuminate/Http/Response.php(34): Illuminate/Http/Response->setContent(Object(Illuminate/View/View))
#8 C:/Users/Aprendiz/Downloads/PROYECTO--main/vendor/laravel/framework/src/Illuminate/Routing/Router.php(939): Illuminate/Http/Response->__construct(Object(Illuminate/View/View), 200, Array)
#9 C:/Users/Aprendiz/Downloads/PROYECTO--main/vendor/laravel/framework/src/Illuminate/Routing/Router.php(906): Illuminate/Routing/Router::toResponse(Object(Illuminate/Http/Request), Object(Illuminate/View/View))
#10 C:/Users/Aprendiz/Downloads/PROYECTO--main/vendor/laravel/framework/src/Illuminate/Routing/Router.php(821): Illuminate/Routing/Router->prepareResponse(Object(Illuminate/Http/Request), Object(Illuminate/View/View))
#11 C:/Users/Aprendiz/Downloads/PROYECTO--main/vendor/laravel/framework/src/Illuminate/Pipeline/Pipeline.php(180): Illuminate/Routing/Router->Illuminate/Routing/{closure}(Object(Illuminate/Http/Request))
#12 C:/Users/Aprendiz/Downloads/PROYECTO--main/vendor/laravel/framework/src/Illuminate/Auth/Middleware/EnsureEmailIsVerified.php(41): Illuminate/Pipeline/Pipeline->Illuminate/Pipeline/{closure}(Object(Illuminate/Http/Request))
#13 C:/Users/Aprendiz/Downloads/PROYECTO--main/vendor/laravel/framework/src/Illuminate/Pipeline/Pipeline.php(219): Illuminate/Auth/Middleware/EnsureEmailIsVerified->handle(Object(Illuminate/Http/Request), Object(Closure))
#14 C:/Users/Aprendiz/Downloads/PROYECTO--main/vendor/laravel/framework/src/Illuminate/Routing/Middleware/SubstituteBindings.php(50): Illuminate/Pipeline/Pipeline->Illuminate/Pipeline/{closure}(Object(Illuminate/Http/Request))
#15 C:/Users/Aprendiz/Downloads/PROYECTO--main/vendor/laravel/framework/src/Illuminate/Pipeline/Pipeline.php(219): Illuminate/Routing/Middleware/SubstituteBindings->handle(Object(Illuminate/Http/Request), Object(Closure))
#16 C:/Users/Aprendiz/Downloads/PROYECTO--main/vendor/laravel/framework/src/Illuminate/Auth/Middleware/Authenticate.php(63): Illuminate/Pipeline/Pipeline->Illuminate/Pipeline/{closure}(Object(Illuminate/Http/Request))
#17 C:/Users/Aprendiz/Downloads/PROYECTO--main/vendor/laravel/framework/src/Illuminate/Pipeline/Pipeline.php(219): Illuminate/Auth/Middleware/Authenticate->handle(Object(Illuminate/Http/Request), Object(Closure))
#18 C:/Users/Aprendiz/Downloads/PROYECTO--main/vendor/laravel/framework/src/Illuminate/Foundation/Http/Middleware/VerifyCsrfToken.php(87): Illuminate/Pipeline/Pipeline->Illuminate/Pipeline/{closure}(Object(Illuminate/Http/Request))
#19 C:/Users/Aprendiz/Downloads/PROYECTO--main/vendor/laravel/framework/src/Illuminate/Pipeline/Pipeline.php(219): Illuminate/Foundation/Http/Middleware/VerifyCsrfToken->handle(Object(Illuminate/Http/Request), Object(Closure))
#20 C:/Users/Aprendiz/Downloads/PROYECTO--main/vendor/laravel/framework/src/Illuminate/View/Middleware/ShareErrorsFromSession.php(48): Illuminate/Pipeline/Pipeline->Illuminate/Pipeline/{closure}(Object(Illuminate/Http/Request))
#21 C:/Users/Aprendiz/Downloads/PROYECTO--main/vendor/laravel/framework/src/Illuminate/Pipeline/Pipeline.php(219): Illuminate/View/Middleware/ShareErrorsFromSession->handle(Object(Illuminate/Http/Request), Object(Closure))
#22 C:/Users/Aprendiz/Downloads/PROYECTO--main/vendor/laravel/framework/src/Illuminate/Session/Middleware/StartSession.php(120): Illuminate/Pipeline/Pipeline->Illuminate/Pipeline/{closure}(Object(Illuminate/Http/Request))
#23 C:/Users/Aprendiz/Downloads/PROYECTO--main/vendor/laravel/framework/src/Illuminate/Session/Middleware/StartSession.php(63): Illuminate/Session/Middleware/StartSession->handleStatefulRequest(Object(Illuminate/Http/Request), Object(Illuminate/Session/Store), Object(Closure))
#24 C:/Users/Aprendiz/Downloads/PROYECTO--main/vendor/laravel/framework/src/Illuminate/Pipeline/Pipeline.php(219): Illuminate/Session/Middleware/StartSession->handle(Object(Illuminate/Http/Request), Object(Closure))
#25 C:/Users/Aprendiz/Downloads/PROYECTO--main/vendor/laravel/framework/src/Illuminate/Cookie/Middleware/AddQueuedCookiesToResponse.php(36): Illuminate/Pipeline/Pipeline->Illuminate/Pipeline/{closure}(Object(Illuminate/Http/Request))
#26 C:/Users/Aprendiz/Downloads/PROYECTO--main/vendor/laravel/framework/src/Illuminate/Pipeline/Pipeline.php(219): Illuminate/Cookie/Middleware/AddQueuedCookiesToResponse->handle(Object(Illuminate/Http/Request), Object(Closure))
#27 C:/Users/Aprendiz/Downloads/PROYECTO--main/vendor/laravel/framework/src/Illuminate/Cookie/Middleware/EncryptCookies.php(74): Illuminate/Pipeline/Pipeline->Illuminate/Pipeline/{closure}(Object(Illuminate/Http/Request))
#28 C:/Users/Aprendiz/Downloads/PROYECTO--main/vendor/laravel/framework/src/Illuminate/Pipeline/Pipeline.php(219): Illuminate/Cookie/Middleware/EncryptCookies->handle(Object(Illuminate/Http/Request), Object(Closure))
#29 C:/Users/Aprendiz/Downloads/PROYECTO--main/vendor/laravel/framework/src/Illuminate/Pipeline/Pipeline.php(137): Illuminate/Pipeline/Pipeline->Illuminate/Pipeline/{closure}(Object(Illuminate/Http/Request))
#30 C:/Users/Aprendiz/Downloads/PROYECTO--main/vendor/laravel/framework/src/Illuminate/Routing/Router.php(821): Illuminate/Pipeline/Pipeline->then(Object(Closure))
#31 C:/Users/Aprendiz/Downloads/PROYECTO--main/vendor/laravel/framework/src/Illuminate/Routing/Router.php(800): Illuminate/Routing/Router->runRouteWithinStack(Object(Illuminate/Routing/Route), Object(Illuminate/Http/Request))
#32 C:/Users/Aprendiz/Downloads/PROYECTO--main/vendor/laravel/framework/src/Illuminate/Routing/Router.php(764): Illuminate/Routing/Router->runRoute(Object(Illuminate/Http/Request), Object(Illuminate/Routing/Route))
#33 C:/Users/Aprendiz/Downloads/PROYECTO--main/vendor/laravel/framework/src/Illuminate/Routing/Router.php(753): Illuminate/Routing/Router->dispatchToRoute(Object(Illuminate/Http/Request))
#34 C:/Users/Aprendiz/Downloads/PROYECTO--main/vendor/laravel/framework/src/Illuminate/Foundation/Http/Kernel.php(200): Illuminate/Routing/Router->dispatch(Object(Illuminate/Http/Request))
#35 C:/Users/Aprendiz/Downloads/PROYECTO--main/vendor/laravel/framework/src/Illuminate/Pipeline/Pipeline.php(180): Illuminate/Foundation/Http/Kernel->Illuminate/Foundation/Http/{closure}(Object(Illuminate/Http/Request))
#36 C:/Users/Aprendiz/Downloads/PROYECTO--main/vendor/laravel/framework/src/Illuminate/Foundation/Http/Middleware/TransformsRequest.php(21): Illuminate/Pipeline/Pipeline->Illuminate/Pipeline/{closure}(Object(Illuminate/Http/Request))
#37 C:/Users/Aprendiz/Downloads/PROYECTO--main/vendor/laravel/framework/src/Illuminate/Foundation/Http/Middleware/ConvertEmptyStringsToNull.php(31): Illuminate/Foundation/Http/Middleware/TransformsRequest->handle(Object(Illuminate/Http/Request), Object(Closure))
#38 C:/Users/Aprendiz/Downloads/PROYECTO--main/vendor/laravel/framework/src/Illuminate/Pipeline/Pipeline.php(219): Illuminate/Foundation/Http/Middleware/ConvertEmptyStringsToNull->handle(Object(Illuminate/Http/Request), Object(Closure))
#39 C:/Users/Aprendiz/Downloads/PROYECTO--main/vendor/laravel/framework/src/Illuminate/Foundation/Http/Middleware/TransformsRequest.php(21): Illuminate/Pipeline/Pipeline->Illuminate/Pipeline/{closure}(Object(Illuminate/Http/Request))
#40 C:/Users/Aprendiz/Downloads/PROYECTO--main/vendor/laravel/framework/src/Illuminate/Foundation/Http/Middleware/TrimStrings.php(51): Illuminate/Foundation/Http/Middleware/TransformsRequest->handle(Object(Illuminate/Http/Request), Object(Closure))
#41 C:/Users/Aprendiz/Downloads/PROYECTO--main/vendor/laravel/framework/src/Illuminate/Pipeline/Pipeline.php(219): Illuminate/Foundation/Http/Middleware/TrimStrings->handle(Object(Illuminate/Http/Request), Object(Closure))
#42 C:/Users/Aprendiz/Downloads/PROYECTO--main/vendor/laravel/framework/src/Illuminate/Http/Middleware/ValidatePostSize.php(27): Illuminate/Pipeline/Pipeline->Illuminate/Pipeline/{closure}(Object(Illuminate/Http/Request))
#43 C:/Users/Aprendiz/Downloads/PROYECTO--main/vendor/laravel/framework/src/Illuminate/Pipeline/Pipeline.php(219): Illuminate/Http/Middleware/ValidatePostSize->handle(Object(Illuminate/Http/Request), Object(Closure))
#44 C:/Users/Aprendiz/Downloads/PROYECTO--main/vendor/laravel/framework/src/Illuminate/Foundation/Http/Middleware/PreventRequestsDuringMaintenance.php(109): Illuminate/Pipeline/Pipeline->Illuminate/Pipeline/{closure}(Object(Illuminate/Http/Request))
#45 C:/Users/Aprendiz/Downloads/PROYECTO--main/vendor/laravel/framework/src/Illuminate/Pipeline/Pipeline.php(219): Illuminate/Foundation/Http/Middleware/PreventRequestsDuringMaintenance->handle(Object(Illuminate/Http/Request), Object(Closure))
#46 C:/Users/Aprendiz/Downloads/PROYECTO--main/vendor/laravel/framework/src/Illuminate/Http/Middleware/HandleCors.php(61): Illuminate/Pipeline/Pipeline->Illuminate/Pipeline/{closure}(Object(Illuminate/Http/Request))
#47 C:/Users/Aprendiz/Downloads/PROYECTO--main/vendor/laravel/framework/src/Illuminate/Pipeline/Pipeline.php(219): Illuminate/Http/Middleware/HandleCors->handle(Object(Illuminate/Http/Request), Object(Closure))
#48 C:/Users/Aprendiz/Downloads/PROYECTO--main/vendor/laravel/framework/src/Illuminate/Http/Middleware/TrustProxies.php(58): Illuminate/Pipeline/Pipeline->Illuminate/Pipeline/{closure}(Object(Illuminate/Http/Request))
#49 C:/Users/Aprendiz/Downloads/PROYECTO--main/vendor/laravel/framework/src/Illuminate/Pipeline/Pipeline.php(219): Illuminate/Http/Middleware/TrustProxies->handle(Object(Illuminate/Http/Request), Object(Closure))
#50 C:/Users/Aprendiz/Downloads/PROYECTO--main/vendor/laravel/framework/src/Illuminate/Foundation/Http/Middleware/InvokeDeferredCallbacks.php(22): Illuminate/Pipeline/Pipeline->Illuminate/Pipeline/{closure}(Object(Illuminate/Http/Request))
#51 C:/Users/Aprendiz/Downloads/PROYECTO--main/vendor/laravel/framework/src/Illuminate/Pipeline/Pipeline.php(219): Illuminate/Foundation/Http/Middleware/InvokeDeferredCallbacks->handle(Object(Illuminate/Http/Request), Object(Closure))
#52 C:/Users/Aprendiz/Downloads/PROYECTO--main/vendor/laravel/framework/src/Illuminate/Http/Middleware/ValidatePathEncoding.php(26): Illuminate/Pipeline/Pipeline->Illuminate/Pipeline/{closure}(Object(Illuminate/Http/Request))
#53 C:/Users/Aprendiz/Downloads/PROYECTO--main/vendor/laravel/framework/src/Illuminate/Pipeline/Pipeline.php(219): Illuminate/Http/Middleware/ValidatePathEncoding->handle(Object(Illuminate/Http/Request), Object(Closure))
#54 C:/Users/Aprendiz/Downloads/PROYECTO--main/vendor/laravel/framework/src/Illuminate/Pipeline/Pipeline.php(137): Illuminate/Pipeline/Pipeline->Illuminate/Pipeline/{closure}(Object(Illuminate/Http/Request))
#55 C:/Users/Aprendiz/Downloads/PROYECTO--main/vendor/laravel/framework/src/Illuminate/Foundation/Http/Kernel.php(175): Illuminate/Pipeline/Pipeline->then(Object(Closure))
#56 C:/Users/Aprendiz/Downloads/PROYECTO--main/vendor/laravel/framework/src/Illuminate/Foundation/Http/Kernel.php(144): Illuminate/Foundation/Http/Kernel->sendRequestThroughRouter(Object(Illuminate/Http/Request))
#57 C:/Users/Aprendiz/Downloads/PROYECTO--main/vendor/laravel/framework/src/Illuminate/Foundation/Application.php(1220): Illuminate/Foundation/Http/Kernel->handle(Object(Illuminate/Http/Request))
#58 C:/Users/Aprendiz/Downloads/PROYECTO--main/public/index.php(20): Illuminate/Foundation/Application->handleRequest(Object(Illuminate/Http/Request))
#59 C:/Users/Aprendiz/Downloads/PROYECTO--main/vendor/laravel/framework/src/Illuminate/Foundation/resources/server.php(23): require_once('C://Users//Aprend...')
#60 {main}
"} 
[2026-06-18 21:06:56] local.ERROR: SQLSTATE[HY000]: General error: 1 duplicate column name: worker (Connection: sqlite, Database: C:\Users\Aprendiz\Downloads\PROYECTO--main\database\database.sqlite, SQL: alter table "appointments" add column "worker" varchar not null) {"exception":"[object] (Illuminate\\Database\\QueryException(code: HY000): SQLSTATE[HY000]: General error: 1 duplicate column name: worker (Connection: sqlite, Database: C:\\Users\\Aprendiz\\Downloads\\PROYECTO--main\\database\\database.sqlite, SQL: alter table \"appointments\" add column \"worker\" varchar not null) at C:/Users/Aprendiz/Downloads/PROYECTO--main/vendor/laravel/framework/src/Illuminate/Database/Connection.php:838)
[stacktrace]
#0 C:/Users/Aprendiz/Downloads/PROYECTO--main/vendor/laravel/framework/src/Illuminate/Database/Connection.php(794): Illuminate/Database/Connection->runQueryCallback('alter table \"ap...', Array, Object(Closure))
#1 C:/Users/Aprendiz/Downloads/PROYECTO--main/vendor/laravel/framework/src/Illuminate/Database/Connection.php(573): Illuminate/Database/Connection->run('alter table \"ap...', Array, Object(Closure))
#2 C:/Users/Aprendiz/Downloads/PROYECTO--main/vendor/laravel/framework/src/Illuminate/Database/Schema/Blueprint.php(121): Illuminate/Database/Connection->statement('alter table \"ap...')
#3 C:/Users/Aprendiz/Downloads/PROYECTO--main/vendor/laravel/framework/src/Illuminate/Database/Schema/Builder.php(686): Illuminate/Database/Schema/Blueprint->build()
#4 C:/Users/Aprendiz/Downloads/PROYECTO--main/vendor/laravel/framework/src/Illuminate/Database/Schema/Builder.php(494): Illuminate/Database/Schema/Builder->build(Object(Illuminate/Database/Schema/Blueprint))
#5 C:/Users/Aprendiz/Downloads/PROYECTO--main/vendor/laravel/framework/src/Illuminate/Support/Facades/Facade.php(363): Illuminate/Database/Schema/Builder->table('appointments', Object(Closure))
#6 C:/Users/Aprendiz/Downloads/PROYECTO--main/database/migrations/2026_06_18_174900_add_worker_to_appointments_table.php(11): Illuminate/Support/Facades/Facade::__callStatic('table', Array)
#7 C:/Users/Aprendiz/Downloads/PROYECTO--main/vendor/laravel/framework/src/Illuminate/Database/Migrations/Migrator.php(517): Illuminate/Database/Migrations/Migration@anonymous->up()
#8 C:/Users/Aprendiz/Downloads/PROYECTO--main/vendor/laravel/framework/src/Illuminate/Database/Migrations/Migrator.php(442): Illuminate/Database/Migrations/Migrator->runMethod(Object(Illuminate/Database/SQLiteConnection), Object(Illuminate/Database/Migrations/Migration@anonymous), 'up')
#9 C:/Users/Aprendiz/Downloads/PROYECTO--main/vendor/laravel/framework/src/Illuminate/Database/Migrations/Migrator.php(451): Illuminate/Database/Migrations/Migrator->Illuminate/Database/Migrations/{closure}()
#10 C:/Users/Aprendiz/Downloads/PROYECTO--main/vendor/laravel/framework/src/Illuminate/Database/Migrations/Migrator.php(253): Illuminate/Database/Migrations/Migrator->runMigration(Object(Illuminate/Database/Migrations/Migration@anonymous), 'up')
#11 C:/Users/Aprendiz/Downloads/PROYECTO--main/vendor/laravel/framework/src/Illuminate/Console/View/Components/Task.php(41): Illuminate/Database/Migrations/Migrator->Illuminate/Database/Migrations/{closure}()
#12 C:/Users/Aprendiz/Downloads/PROYECTO--main/vendor/laravel/framework/src/Illuminate/Database/Migrations/Migrator.php(814): Illuminate/Console/View/Components/Task->render('2026_06_18_1749...', Object(Closure))
#13 C:/Users/Aprendiz/Downloads/PROYECTO--main/vendor/laravel/framework/src/Illuminate/Database/Migrations/Migrator.php(253): Illuminate/Database/Migrations/Migrator->write('Illuminate//Cons...', '2026_06_18_1749...', Object(Closure))
#14 C:/Users/Aprendiz/Downloads/PROYECTO--main/vendor/laravel/framework/src/Illuminate/Database/Migrations/Migrator.php(211): Illuminate/Database/Migrations/Migrator->runUp('C://Users//Aprend...', 3, false)
#15 C:/Users/Aprendiz/Downloads/PROYECTO--main/vendor/laravel/framework/src/Illuminate/Database/Migrations/Migrator.php(138): Illuminate/Database/Migrations/Migrator->runPending(Array, Array)
#16 C:/Users/Aprendiz/Downloads/PROYECTO--main/vendor/laravel/framework/src/Illuminate/Database/Console/Migrations/MigrateCommand.php(116): Illuminate/Database/Migrations/Migrator->run(Array, Array)
#17 C:/Users/Aprendiz/Downloads/PROYECTO--main/vendor/laravel/framework/src/Illuminate/Database/Migrations/Migrator.php(671): Illuminate/Database/Console/Migrations/MigrateCommand->Illuminate/Database/Console/Migrations/{closure}()
#18 C:/Users/Aprendiz/Downloads/PROYECTO--main/vendor/laravel/framework/src/Illuminate/Database/Console/Migrations/MigrateCommand.php(109): Illuminate/Database/Migrations/Migrator->usingConnection(NULL, Object(Closure))
#19 C:/Users/Aprendiz/Downloads/PROYECTO--main/vendor/laravel/framework/src/Illuminate/Database/Console/Migrations/MigrateCommand.php(88): Illuminate/Database/Console/Migrations/MigrateCommand->runMigrations()
#20 C:/Users/Aprendiz/Downloads/PROYECTO--main/vendor/laravel/framework/src/Illuminate/Container/BoundMethod.php(36): Illuminate/Database/Console/Migrations/MigrateCommand->handle()
#21 C:/Users/Aprendiz/Downloads/PROYECTO--main/vendor/laravel/framework/src/Illuminate/Container/Util.php(43): Illuminate/Container/BoundMethod::Illuminate/Container/{closure}()
#22 C:/Users/Aprendiz/Downloads/PROYECTO--main/vendor/laravel/framework/src/Illuminate/Container/BoundMethod.php(96): Illuminate/Container/Util::unwrapIfClosure(Object(Closure))
#23 C:/Users/Aprendiz/Downloads/PROYECTO--main/vendor/laravel/framework/src/Illuminate/Container/BoundMethod.php(35): Illuminate/Container/BoundMethod::callBoundMethod(Object(Illuminate/Foundation/Application), Array, Object(Closure))
#24 C:/Users/Aprendiz/Downloads/PROYECTO--main/vendor/laravel/framework/src/Illuminate/Container/Container.php(799): Illuminate/Container/BoundMethod::call(Object(Illuminate/Foundation/Application), Array, Array, NULL)
#25 C:/Users/Aprendiz/Downloads/PROYECTO--main/vendor/laravel/framework/src/Illuminate/Console/Command.php(211): Illuminate/Container/Container->call(Array)
#26 C:/Users/Aprendiz/Downloads/PROYECTO--main/vendor/symfony/console/Command/Command.php(341): Illuminate/Console/Command->execute(Object(Symfony/Component/Console/Input/ArgvInput), Object(Illuminate/Console/OutputStyle))
#27 C:/Users/Aprendiz/Downloads/PROYECTO--main/vendor/laravel/framework/src/Illuminate/Console/Command.php(180): Symfony/Component/Console/Command/Command->run(Object(Symfony/Component/Console/Input/ArgvInput), Object(Illuminate/Console/OutputStyle))
#28 C:/Users/Aprendiz/Downloads/PROYECTO--main/vendor/symfony/console/Application.php(1117): Illuminate/Console/Command->run(Object(Symfony/Component/Console/Input/ArgvInput), Object(Symfony/Component/Console/Output/ConsoleOutput))
#29 C:/Users/Aprendiz/Downloads/PROYECTO--main/vendor/symfony/console/Application.php(356): Symfony/Component/Console/Application->doRunCommand(Object(Illuminate/Database/Console/Migrations/MigrateCommand), Object(Symfony/Component/Console/Input/ArgvInput), Object(Symfony/Component/Console/Output/ConsoleOutput))
#30 C:/Users/Aprendiz/Downloads/PROYECTO--main/vendor/symfony/console/Application.php(195): Symfony/Component/Console/Application->doRun(Object(Symfony/Component/Console/Input/ArgvInput), Object(Symfony/Component/Console/Output/ConsoleOutput))
#31 C:/Users/Aprendiz/Downloads/PROYECTO--main/vendor/laravel/framework/src/Illuminate/Foundation/Console/Kernel.php(198): Symfony/Component/Console/Application->run(Object(Symfony/Component/Console/Input/ArgvInput), Object(Symfony/Component/Console/Output/ConsoleOutput))
#32 C:/Users/Aprendiz/Downloads/PROYECTO--main/vendor/laravel/framework/src/Illuminate/Foundation/Application.php(1235): Illuminate/Foundation/Console/Kernel->handle(Object(Symfony/Component/Console/Input/ArgvInput), Object(Symfony/Component/Console/Output/ConsoleOutput))
#33 C:/Users/Aprendiz/Downloads/PROYECTO--main/artisan(16): Illuminate/Foundation/Application->handleCommand(Object(Symfony/Component/Console/Input/ArgvInput))
#34 {main}

[previous exception] [object] (PDOException(code: HY000): SQLSTATE[HY000]: General error: 1 duplicate column name: worker at C:/Users/Aprendiz/Downloads/PROYECTO--main/vendor/laravel/framework/src/Illuminate/Database/Connection.php:578)
[stacktrace]
#0 C:/Users/Aprendiz/Downloads/PROYECTO--main/vendor/laravel/framework/src/Illuminate/Database/Connection.php(578): PDO->prepare('alter table \"ap...')
#1 C:/Users/Aprendiz/Downloads/PROYECTO--main/vendor/laravel/framework/src/Illuminate/Database/Connection.php(827): Illuminate/Database/Connection->Illuminate/Database/{closure}('alter table \"ap...', Array)
#2 C:/Users/Aprendiz/Downloads/PROYECTO--main/vendor/laravel/framework/src/Illuminate/Database/Connection.php(794): Illuminate/Database/Connection->runQueryCallback('alter table \"ap...', Array, Object(Closure))
#3 C:/Users/Aprendiz/Downloads/PROYECTO--main/vendor/laravel/framework/src/Illuminate/Database/Connection.php(573): Illuminate/Database/Connection->run('alter table \"ap...', Array, Object(Closure))
#4 C:/Users/Aprendiz/Downloads/PROYECTO--main/vendor/laravel/framework/src/Illuminate/Database/Schema/Blueprint.php(121): Illuminate/Database/Connection->statement('alter table \"ap...')
#5 C:/Users/Aprendiz/Downloads/PROYECTO--main/vendor/laravel/framework/src/Illuminate/Database/Schema/Builder.php(686): Illuminate/Database/Schema/Blueprint->build()
#6 C:/Users/Aprendiz/Downloads/PROYECTO--main/vendor/laravel/framework/src/Illuminate/Database/Schema/Builder.php(494): Illuminate/Database/Schema/Builder->build(Object(Illuminate/Database/Schema/Blueprint))
#7 C:/Users/Aprendiz/Downloads/PROYECTO--main/vendor/laravel/framework/src/Illuminate/Support/Facades/Facade.php(363): Illuminate/Database/Schema/Builder->table('appointments', Object(Closure))
#8 C:/Users/Aprendiz/Downloads/PROYECTO--main/database/migrations/2026_06_18_174900_add_worker_to_appointments_table.php(11): Illuminate/Support/Facades/Facade::__callStatic('table', Array)
#9 C:/Users/Aprendiz/Downloads/PROYECTO--main/vendor/laravel/framework/src/Illuminate/Database/Migrations/Migrator.php(517): Illuminate/Database/Migrations/Migration@anonymous->up()
#10 C:/Users/Aprendiz/Downloads/PROYECTO--main/vendor/laravel/framework/src/Illuminate/Database/Migrations/Migrator.php(442): Illuminate/Database/Migrations/Migrator->runMethod(Object(Illuminate/Database/SQLiteConnection), Object(Illuminate/Database/Migrations/Migration@anonymous), 'up')
#11 C:/Users/Aprendiz/Downloads/PROYECTO--main/vendor/laravel/framework/src/Illuminate/Database/Migrations/Migrator.php(451): Illuminate/Database/Migrations/Migrator->Illuminate/Database/Migrations/{closure}()
#12 C:/Users/Aprendiz/Downloads/PROYECTO--main/vendor/laravel/framework/src/Illuminate/Database/Migrations/Migrator.php(253): Illuminate/Database/Migrations/Migrator->runMigration(Object(Illuminate/Database/Migrations/Migration@anonymous), 'up')
#13 C:/Users/Aprendiz/Downloads/PROYECTO--main/vendor/laravel/framework/src/Illuminate/Console/View/Components/Task.php(41): Illuminate/Database/Migrations/Migrator->Illuminate/Database/Migrations/{closure}()
#14 C:/Users/Aprendiz/Downloads/PROYECTO--main/vendor/laravel/framework/src/Illuminate/Database/Migrations/Migrator.php(814): Illuminate/Console/View/Components/Task->render('2026_06_18_1749...', Object(Closure))
#15 C:/Users/Aprendiz/Downloads/PROYECTO--main/vendor/laravel/framework/src/Illuminate/Database/Migrations/Migrator.php(253): Illuminate/Database/Migrations/Migrator->write('Illuminate//Cons...', '2026_06_18_1749...', Object(Closure))
#16 C:/Users/Aprendiz/Downloads/PROYECTO--main/vendor/laravel/framework/src/Illuminate/Database/Migrations/Migrator.php(211): Illuminate/Database/Migrations/Migrator->runUp('C://Users//Aprend...', 3, false)
#17 C:/Users/Aprendiz/Downloads/PROYECTO--main/vendor/laravel/framework/src/Illuminate/Database/Migrations/Migrator.php(138): Illuminate/Database/Migrations/Migrator->runPending(Array, Array)
#18 C:/Users/Aprendiz/Downloads/PROYECTO--main/vendor/laravel/framework/src/Illuminate/Database/Console/Migrations/MigrateCommand.php(116): Illuminate/Database/Migrations/Migrator->run(Array, Array)
#19 C:/Users/Aprendiz/Downloads/PROYECTO--main/vendor/laravel/framework/src/Illuminate/Database/Migrations/Migrator.php(671): Illuminate/Database/Console/Migrations/MigrateCommand->Illuminate/Database/Console/Migrations/{closure}()
#20 C:/Users/Aprendiz/Downloads/PROYECTO--main/vendor/laravel/framework/src/Illuminate/Database/Console/Migrations/MigrateCommand.php(109): Illuminate/Database/Migrations/Migrator->usingConnection(NULL, Object(Closure))
#21 C:/Users/Aprendiz/Downloads/PROYECTO--main/vendor/laravel/framework/src/Illuminate/Database/Console/Migrations/MigrateCommand.php(88): Illuminate/Database/Console/Migrations/MigrateCommand->runMigrations()
#22 C:/Users/Aprendiz/Downloads/PROYECTO--main/vendor/laravel/framework/src/Illuminate/Container/BoundMethod.php(36): Illuminate/Database/Console/Migrations/MigrateCommand->handle()
#23 C:/Users/Aprendiz/Downloads/PROYECTO--main/vendor/laravel/framework/src/Illuminate/Container/Util.php(43): Illuminate/Container/BoundMethod::Illuminate/Container/{closure}()
#24 C:/Users/Aprendiz/Downloads/PROYECTO--main/vendor/laravel/framework/src/Illuminate/Container/BoundMethod.php(96): Illuminate/Container/Util::unwrapIfClosure(Object(Closure))
#25 C:/Users/Aprendiz/Downloads/PROYECTO--main/vendor/laravel/framework/src/Illuminate/Container/BoundMethod.php(35): Illuminate/Container/BoundMethod::callBoundMethod(Object(Illuminate/Foundation/Application), Array, Object(Closure))
#26 C:/Users/Aprendiz/Downloads/PROYECTO--main/vendor/laravel/framework/src/Illuminate/Container/Container.php(799): Illuminate/Container/BoundMethod::call(Object(Illuminate/Foundation/Application), Array, Array, NULL)
#27 C:/Users/Aprendiz/Downloads/PROYECTO--main/vendor/laravel/framework/src/Illuminate/Console/Command.php(211): Illuminate/Container/Container->call(Array)
#28 C:/Users/Aprendiz/Downloads/PROYECTO--main/vendor/symfony/console/Command/Command.php(341): Illuminate/Console/Command->execute(Object(Symfony/Component/Console/Input/ArgvInput), Object(Illuminate/Console/OutputStyle))
#29 C:/Users/Aprendiz/Downloads/PROYECTO--main/vendor/laravel/framework/src/Illuminate/Console/Command.php(180): Symfony/Component/Console/Command/Command->run(Object(Symfony/Component/Console/Input/ArgvInput), Object(Illuminate/Console/OutputStyle))
#30 C:/Users/Aprendiz/Downloads/PROYECTO--main/vendor/symfony/console/Application.php(1117): Illuminate/Console/Command->run(Object(Symfony/Component/Console/Input/ArgvInput), Object(Symfony/Component/Console/Output/ConsoleOutput))
#31 C:/Users/Aprendiz/Downloads/PROYECTO--main/vendor/symfony/console/Application.php(356): Symfony/Component/Console/Application->doRunCommand(Object(Illuminate/Database/Console/Migrations/MigrateCommand), Object(Symfony/Component/Console/Input/ArgvInput), Object(Symfony/Component/Console/Output/ConsoleOutput))
#32 C:/Users/Aprendiz/Downloads/PROYECTO--main/vendor/symfony/console/Application.php(195): Symfony/Component/Console/Application->doRun(Object(Symfony/Component/Console/Input/ArgvInput), Object(Symfony/Component/Console/Output/ConsoleOutput))
#33 C:/Users/Aprendiz/Downloads/PROYECTO--main/vendor/laravel/framework/src/Illuminate/Foundation/Console/Kernel.php(198): Symfony/Component/Console/Application->run(Object(Symfony/Component/Console/Input/ArgvInput), Object(Symfony/Component/Console/Output/ConsoleOutput))
#34 C:/Users/Aprendiz/Downloads/PROYECTO--main/vendor/laravel/framework/src/Illuminate/Foundation/Application.php(1235): Illuminate/Foundation/Console/Kernel->handle(Object(Symfony/Component/Console/Input/ArgvInput), Object(Symfony/Component/Console/Output/ConsoleOutput))
#35 C:/Users/Aprendiz/Downloads/PROYECTO--main/artisan(16): Illuminate/Foundation/Application->handleCommand(Object(Symfony/Component/Console/Input/ArgvInput))
#36 {main}
"} 
[2026-06-18 21:07:25] local.ERROR: SQLSTATE[HY000]: General error: 1 duplicate column name: worker (Connection: sqlite, Database: C:\Users\Aprendiz\Downloads\PROYECTO--main\database\database.sqlite, SQL: alter table "appointments" add column "worker" varchar not null) {"exception":"[object] (Illuminate\\Database\\QueryException(code: HY000): SQLSTATE[HY000]: General error: 1 duplicate column name: worker (Connection: sqlite, Database: C:\\Users\\Aprendiz\\Downloads\\PROYECTO--main\\database\\database.sqlite, SQL: alter table \"appointments\" add column \"worker\" varchar not null) at C:/Users/Aprendiz/Downloads/PROYECTO--main/vendor/laravel/framework/src/Illuminate/Database/Connection.php:838)
[stacktrace]
#0 C:/Users/Aprendiz/Downloads/PROYECTO--main/vendor/laravel/framework/src/Illuminate/Database/Connection.php(794): Illuminate/Database/Connection->runQueryCallback('alter table \"ap...', Array, Object(Closure))
#1 C:/Users/Aprendiz/Downloads/PROYECTO--main/vendor/laravel/framework/src/Illuminate/Database/Connection.php(573): Illuminate/Database/Connection->run('alter table \"ap...', Array, Object(Closure))
#2 C:/Users/Aprendiz/Downloads/PROYECTO--main/vendor/laravel/framework/src/Illuminate/Database/Schema/Blueprint.php(121): Illuminate/Database/Connection->statement('alter table \"ap...')
#3 C:/Users/Aprendiz/Downloads/PROYECTO--main/vendor/laravel/framework/src/Illuminate/Database/Schema/Builder.php(686): Illuminate/Database/Schema/Blueprint->build()
#4 C:/Users/Aprendiz/Downloads/PROYECTO--main/vendor/laravel/framework/src/Illuminate/Database/Schema/Builder.php(494): Illuminate/Database/Schema/Builder->build(Object(Illuminate/Database/Schema/Blueprint))
#5 C:/Users/Aprendiz/Downloads/PROYECTO--main/vendor/laravel/framework/src/Illuminate/Support/Facades/Facade.php(363): Illuminate/Database/Schema/Builder->table('appointments', Object(Closure))
#6 C:/Users/Aprendiz/Downloads/PROYECTO--main/database/migrations/2026_06_18_174900_add_worker_to_appointments_table.php(11): Illuminate/Support/Facades/Facade::__callStatic('table', Array)
#7 C:/Users/Aprendiz/Downloads/PROYECTO--main/vendor/laravel/framework/src/Illuminate/Database/Migrations/Migrator.php(517): Illuminate/Database/Migrations/Migration@anonymous->up()
#8 C:/Users/Aprendiz/Downloads/PROYECTO--main/vendor/laravel/framework/src/Illuminate/Database/Migrations/Migrator.php(442): Illuminate/Database/Migrations/Migrator->runMethod(Object(Illuminate/Database/SQLiteConnection), Object(Illuminate/Database/Migrations/Migration@anonymous), 'up')
#9 C:/Users/Aprendiz/Downloads/PROYECTO--main/vendor/laravel/framework/src/Illuminate/Database/Migrations/Migrator.php(451): Illuminate/Database/Migrations/Migrator->Illuminate/Database/Migrations/{closure}()
#10 C:/Users/Aprendiz/Downloads/PROYECTO--main/vendor/laravel/framework/src/Illuminate/Database/Migrations/Migrator.php(253): Illuminate/Database/Migrations/Migrator->runMigration(Object(Illuminate/Database/Migrations/Migration@anonymous), 'up')
#11 C:/Users/Aprendiz/Downloads/PROYECTO--main/vendor/laravel/framework/src/Illuminate/Console/View/Components/Task.php(41): Illuminate/Database/Migrations/Migrator->Illuminate/Database/Migrations/{closure}()
#12 C:/Users/Aprendiz/Downloads/PROYECTO--main/vendor/laravel/framework/src/Illuminate/Database/Migrations/Migrator.php(814): Illuminate/Console/View/Components/Task->render('2026_06_18_1749...', Object(Closure))
#13 C:/Users/Aprendiz/Downloads/PROYECTO--main/vendor/laravel/framework/src/Illuminate/Database/Migrations/Migrator.php(253): Illuminate/Database/Migrations/Migrator->write('Illuminate//Cons...', '2026_06_18_1749...', Object(Closure))
#14 C:/Users/Aprendiz/Downloads/PROYECTO--main/vendor/laravel/framework/src/Illuminate/Database/Migrations/Migrator.php(211): Illuminate/Database/Migrations/Migrator->runUp('C://Users//Aprend...', 1, false)
#15 C:/Users/Aprendiz/Downloads/PROYECTO--main/vendor/laravel/framework/src/Illuminate/Database/Migrations/Migrator.php(138): Illuminate/Database/Migrations/Migrator->runPending(Array, Array)
#16 C:/Users/Aprendiz/Downloads/PROYECTO--main/vendor/laravel/framework/src/Illuminate/Database/Console/Migrations/MigrateCommand.php(116): Illuminate/Database/Migrations/Migrator->run(Array, Array)
#17 C:/Users/Aprendiz/Downloads/PROYECTO--main/vendor/laravel/framework/src/Illuminate/Database/Migrations/Migrator.php(671): Illuminate/Database/Console/Migrations/MigrateCommand->Illuminate/Database/Console/Migrations/{closure}()
#18 C:/Users/Aprendiz/Downloads/PROYECTO--main/vendor/laravel/framework/src/Illuminate/Database/Console/Migrations/MigrateCommand.php(109): Illuminate/Database/Migrations/Migrator->usingConnection(NULL, Object(Closure))
#19 C:/Users/Aprendiz/Downloads/PROYECTO--main/vendor/laravel/framework/src/Illuminate/Database/Console/Migrations/MigrateCommand.php(88): Illuminate/Database/Console/Migrations/MigrateCommand->runMigrations()
#20 C:/Users/Aprendiz/Downloads/PROYECTO--main/vendor/laravel/framework/src/Illuminate/Container/BoundMethod.php(36): Illuminate/Database/Console/Migrations/MigrateCommand->handle()
#21 C:/Users/Aprendiz/Downloads/PROYECTO--main/vendor/laravel/framework/src/Illuminate/Container/Util.php(43): Illuminate/Container/BoundMethod::Illuminate/Container/{closure}()
#22 C:/Users/Aprendiz/Downloads/PROYECTO--main/vendor/laravel/framework/src/Illuminate/Container/BoundMethod.php(96): Illuminate/Container/Util::unwrapIfClosure(Object(Closure))
#23 C:/Users/Aprendiz/Downloads/PROYECTO--main/vendor/laravel/framework/src/Illuminate/Container/BoundMethod.php(35): Illuminate/Container/BoundMethod::callBoundMethod(Object(Illuminate/Foundation/Application), Array, Object(Closure))
#24 C:/Users/Aprendiz/Downloads/PROYECTO--main/vendor/laravel/framework/src/Illuminate/Container/Container.php(799): Illuminate/Container/BoundMethod::call(Object(Illuminate/Foundation/Application), Array, Array, NULL)
#25 C:/Users/Aprendiz/Downloads/PROYECTO--main/vendor/laravel/framework/src/Illuminate/Console/Command.php(211): Illuminate/Container/Container->call(Array)
#26 C:/Users/Aprendiz/Downloads/PROYECTO--main/vendor/symfony/console/Command/Command.php(341): Illuminate/Console/Command->execute(Object(Symfony/Component/Console/Input/ArrayInput), Object(Illuminate/Console/OutputStyle))
#27 C:/Users/Aprendiz/Downloads/PROYECTO--main/vendor/laravel/framework/src/Illuminate/Console/Command.php(180): Symfony/Component/Console/Command/Command->run(Object(Symfony/Component/Console/Input/ArrayInput), Object(Illuminate/Console/OutputStyle))
#28 C:/Users/Aprendiz/Downloads/PROYECTO--main/vendor/laravel/framework/src/Illuminate/Console/Concerns/CallsCommands.php(68): Illuminate/Console/Command->run(Object(Symfony/Component/Console/Input/ArrayInput), Object(Illuminate/Console/OutputStyle))
#29 C:/Users/Aprendiz/Downloads/PROYECTO--main/vendor/laravel/framework/src/Illuminate/Console/Concerns/CallsCommands.php(29): Illuminate/Console/Command->runCommand('migrate', Array, Object(Illuminate/Console/OutputStyle))
#30 C:/Users/Aprendiz/Downloads/PROYECTO--main/vendor/laravel/framework/src/Illuminate/Database/Console/Migrations/FreshCommand.php(88): Illuminate/Console/Command->call('migrate', Array)
#31 C:/Users/Aprendiz/Downloads/PROYECTO--main/vendor/laravel/framework/src/Illuminate/Container/BoundMethod.php(36): Illuminate/Database/Console/Migrations/FreshCommand->handle()
#32 C:/Users/Aprendiz/Downloads/PROYECTO--main/vendor/laravel/framework/src/Illuminate/Container/Util.php(43): Illuminate/Container/BoundMethod::Illuminate/Container/{closure}()
#33 C:/Users/Aprendiz/Downloads/PROYECTO--main/vendor/laravel/framework/src/Illuminate/Container/BoundMethod.php(96): Illuminate/Container/Util::unwrapIfClosure(Object(Closure))
#34 C:/Users/Aprendiz/Downloads/PROYECTO--main/vendor/laravel/framework/src/Illuminate/Container/BoundMethod.php(35): Illuminate/Container/BoundMethod::callBoundMethod(Object(Illuminate/Foundation/Application), Array, Object(Closure))
#35 C:/Users/Aprendiz/Downloads/PROYECTO--main/vendor/laravel/framework/src/Illuminate/Container/Container.php(799): Illuminate/Container/BoundMethod::call(Object(Illuminate/Foundation/Application), Array, Array, NULL)
#36 C:/Users/Aprendiz/Downloads/PROYECTO--main/vendor/laravel/framework/src/Illuminate/Console/Command.php(211): Illuminate/Container/Container->call(Array)
#37 C:/Users/Aprendiz/Downloads/PROYECTO--main/vendor/symfony/console/Command/Command.php(341): Illuminate/Console/Command->execute(Object(Symfony/Component/Console/Input/ArgvInput), Object(Illuminate/Console/OutputStyle))
#38 C:/Users/Aprendiz/Downloads/PROYECTO--main/vendor/laravel/framework/src/Illuminate/Console/Command.php(180): Symfony/Component/Console/Command/Command->run(Object(Symfony/Component/Console/Input/ArgvInput), Object(Illuminate/Console/OutputStyle))
#39 C:/Users/Aprendiz/Downloads/PROYECTO--main/vendor/symfony/console/Application.php(1117): Illuminate/Console/Command->run(Object(Symfony/Component/Console/Input/ArgvInput), Object(Symfony/Component/Console/Output/ConsoleOutput))
#40 C:/Users/Aprendiz/Downloads/PROYECTO--main/vendor/symfony/console/Application.php(356): Symfony/Component/Console/Application->doRunCommand(Object(Illuminate/Database/Console/Migrations/FreshCommand), Object(Symfony/Component/Console/Input/ArgvInput), Object(Symfony/Component/Console/Output/ConsoleOutput))
#41 C:/Users/Aprendiz/Downloads/PROYECTO--main/vendor/symfony/console/Application.php(195): Symfony/Component/Console/Application->doRun(Object(Symfony/Component/Console/Input/ArgvInput), Object(Symfony/Component/Console/Output/ConsoleOutput))
#42 C:/Users/Aprendiz/Downloads/PROYECTO--main/vendor/laravel/framework/src/Illuminate/Foundation/Console/Kernel.php(198): Symfony/Component/Console/Application->run(Object(Symfony/Component/Console/Input/ArgvInput), Object(Symfony/Component/Console/Output/ConsoleOutput))
#43 C:/Users/Aprendiz/Downloads/PROYECTO--main/vendor/laravel/framework/src/Illuminate/Foundation/Application.php(1235): Illuminate/Foundation/Console/Kernel->handle(Object(Symfony/Component/Console/Input/ArgvInput), Object(Symfony/Component/Console/Output/ConsoleOutput))
#44 C:/Users/Aprendiz/Downloads/PROYECTO--main/artisan(16): Illuminate/Foundation/Application->handleCommand(Object(Symfony/Component/Console/Input/ArgvInput))
#45 {main}

[previous exception] [object] (PDOException(code: HY000): SQLSTATE[HY000]: General error: 1 duplicate column name: worker at C:/Users/Aprendiz/Downloads/PROYECTO--main/vendor/laravel/framework/src/Illuminate/Database/Connection.php:578)
[stacktrace]
#0 C:/Users/Aprendiz/Downloads/PROYECTO--main/vendor/laravel/framework/src/Illuminate/Database/Connection.php(578): PDO->prepare('alter table \"ap...')
#1 C:/Users/Aprendiz/Downloads/PROYECTO--main/vendor/laravel/framework/src/Illuminate/Database/Connection.php(827): Illuminate/Database/Connection->Illuminate/Database/{closure}('alter table \"ap...', Array)
#2 C:/Users/Aprendiz/Downloads/PROYECTO--main/vendor/laravel/framework/src/Illuminate/Database/Connection.php(794): Illuminate/Database/Connection->runQueryCallback('alter table \"ap...', Array, Object(Closure))
#3 C:/Users/Aprendiz/Downloads/PROYECTO--main/vendor/laravel/framework/src/Illuminate/Database/Connection.php(573): Illuminate/Database/Connection->run('alter table \"ap...', Array, Object(Closure))
#4 C:/Users/Aprendiz/Downloads/PROYECTO--main/vendor/laravel/framework/src/Illuminate/Database/Schema/Blueprint.php(121): Illuminate/Database/Connection->statement('alter table \"ap...')
#5 C:/Users/Aprendiz/Downloads/PROYECTO--main/vendor/laravel/framework/src/Illuminate/Database/Schema/Builder.php(686): Illuminate/Database/Schema/Blueprint->build()
#6 C:/Users/Aprendiz/Downloads/PROYECTO--main/vendor/laravel/framework/src/Illuminate/Database/Schema/Builder.php(494): Illuminate/Database/Schema/Builder->build(Object(Illuminate/Database/Schema/Blueprint))
#7 C:/Users/Aprendiz/Downloads/PROYECTO--main/vendor/laravel/framework/src/Illuminate/Support/Facades/Facade.php(363): Illuminate/Database/Schema/Builder->table('appointments', Object(Closure))
#8 C:/Users/Aprendiz/Downloads/PROYECTO--main/database/migrations/2026_06_18_174900_add_worker_to_appointments_table.php(11): Illuminate/Support/Facades/Facade::__callStatic('table', Array)
#9 C:/Users/Aprendiz/Downloads/PROYECTO--main/vendor/laravel/framework/src/Illuminate/Database/Migrations/Migrator.php(517): Illuminate/Database/Migrations/Migration@anonymous->up()
#10 C:/Users/Aprendiz/Downloads/PROYECTO--main/vendor/laravel/framework/src/Illuminate/Database/Migrations/Migrator.php(442): Illuminate/Database/Migrations/Migrator->runMethod(Object(Illuminate/Database/SQLiteConnection), Object(Illuminate/Database/Migrations/Migration@anonymous), 'up')
#11 C:/Users/Aprendiz/Downloads/PROYECTO--main/vendor/laravel/framework/src/Illuminate/Database/Migrations/Migrator.php(451): Illuminate/Database/Migrations/Migrator->Illuminate/Database/Migrations/{closure}()
#12 C:/Users/Aprendiz/Downloads/PROYECTO--main/vendor/laravel/framework/src/Illuminate/Database/Migrations/Migrator.php(253): Illuminate/Database/Migrations/Migrator->runMigration(Object(Illuminate/Database/Migrations/Migration@anonymous), 'up')
#13 C:/Users/Aprendiz/Downloads/PROYECTO--main/vendor/laravel/framework/src/Illuminate/Console/View/Components/Task.php(41): Illuminate/Database/Migrations/Migrator->Illuminate/Database/Migrations/{closure}()
#14 C:/Users/Aprendiz/Downloads/PROYECTO--main/vendor/laravel/framework/src/Illuminate/Database/Migrations/Migrator.php(814): Illuminate/Console/View/Components/Task->render('2026_06_18_1749...', Object(Closure))
#15 C:/Users/Aprendiz/Downloads/PROYECTO--main/vendor/laravel/framework/src/Illuminate/Database/Migrations/Migrator.php(253): Illuminate/Database/Migrations/Migrator->write('Illuminate//Cons...', '2026_06_18_1749...', Object(Closure))
#16 C:/Users/Aprendiz/Downloads/PROYECTO--main/vendor/laravel/framework/src/Illuminate/Database/Migrations/Migrator.php(211): Illuminate/Database/Migrations/Migrator->runUp('C://Users//Aprend...', 1, false)
#17 C:/Users/Aprendiz/Downloads/PROYECTO--main/vendor/laravel/framework/src/Illuminate/Database/Migrations/Migrator.php(138): Illuminate/Database/Migrations/Migrator->runPending(Array, Array)
#18 C:/Users/Aprendiz/Downloads/PROYECTO--main/vendor/laravel/framework/src/Illuminate/Database/Console/Migrations/MigrateCommand.php(116): Illuminate/Database/Migrations/Migrator->run(Array, Array)
#19 C:/Users/Aprendiz/Downloads/PROYECTO--main/vendor/laravel/framework/src/Illuminate/Database/Migrations/Migrator.php(671): Illuminate/Database/Console/Migrations/MigrateCommand->Illuminate/Database/Console/Migrations/{closure}()
#20 C:/Users/Aprendiz/Downloads/PROYECTO--main/vendor/laravel/framework/src/Illuminate/Database/Console/Migrations/MigrateCommand.php(109): Illuminate/Database/Migrations/Migrator->usingConnection(NULL, Object(Closure))
#21 C:/Users/Aprendiz/Downloads/PROYECTO--main/vendor/laravel/framework/src/Illuminate/Database/Console/Migrations/MigrateCommand.php(88): Illuminate/Database/Console/Migrations/MigrateCommand->runMigrations()
#22 C:/Users/Aprendiz/Downloads/PROYECTO--main/vendor/laravel/framework/src/Illuminate/Container/BoundMethod.php(36): Illuminate/Database/Console/Migrations/MigrateCommand->handle()
#23 C:/Users/Aprendiz/Downloads/PROYECTO--main/vendor/laravel/framework/src/Illuminate/Container/Util.php(43): Illuminate/Container/BoundMethod::Illuminate/Container/{closure}()
#24 C:/Users/Aprendiz/Downloads/PROYECTO--main/vendor/laravel/framework/src/Illuminate/Container/BoundMethod.php(96): Illuminate/Container/Util::unwrapIfClosure(Object(Closure))
#25 C:/Users/Aprendiz/Downloads/PROYECTO--main/vendor/laravel/framework/src/Illuminate/Container/BoundMethod.php(35): Illuminate/Container/BoundMethod::callBoundMethod(Object(Illuminate/Foundation/Application), Array, Object(Closure))
#26 C:/Users/Aprendiz/Downloads/PROYECTO--main/vendor/laravel/framework/src/Illuminate/Container/Container.php(799): Illuminate/Container/BoundMethod::call(Object(Illuminate/Foundation/Application), Array, Array, NULL)
#27 C:/Users/Aprendiz/Downloads/PROYECTO--main/vendor/laravel/framework/src/Illuminate/Console/Command.php(211): Illuminate/Container/Container->call(Array)
#28 C:/Users/Aprendiz/Downloads/PROYECTO--main/vendor/symfony/console/Command/Command.php(341): Illuminate/Console/Command->execute(Object(Symfony/Component/Console/Input/ArrayInput), Object(Illuminate/Console/OutputStyle))
#29 C:/Users/Aprendiz/Downloads/PROYECTO--main/vendor/laravel/framework/src/Illuminate/Console/Command.php(180): Symfony/Component/Console/Command/Command->run(Object(Symfony/Component/Console/Input/ArrayInput), Object(Illuminate/Console/OutputStyle))
#30 C:/Users/Aprendiz/Downloads/PROYECTO--main/vendor/laravel/framework/src/Illuminate/Console/Concerns/CallsCommands.php(68): Illuminate/Console/Command->run(Object(Symfony/Component/Console/Input/ArrayInput), Object(Illuminate/Console/OutputStyle))
#31 C:/Users/Aprendiz/Downloads/PROYECTO--main/vendor/laravel/framework/src/Illuminate/Console/Concerns/CallsCommands.php(29): Illuminate/Console/Command->runCommand('migrate', Array, Object(Illuminate/Console/OutputStyle))
#32 C:/Users/Aprendiz/Downloads/PROYECTO--main/vendor/laravel/framework/src/Illuminate/Database/Console/Migrations/FreshCommand.php(88): Illuminate/Console/Command->call('migrate', Array)
#33 C:/Users/Aprendiz/Downloads/PROYECTO--main/vendor/laravel/framework/src/Illuminate/Container/BoundMethod.php(36): Illuminate/Database/Console/Migrations/FreshCommand->handle()
#34 C:/Users/Aprendiz/Downloads/PROYECTO--main/vendor/laravel/framework/src/Illuminate/Container/Util.php(43): Illuminate/Container/BoundMethod::Illuminate/Container/{closure}()
#35 C:/Users/Aprendiz/Downloads/PROYECTO--main/vendor/laravel/framework/src/Illuminate/Container/BoundMethod.php(96): Illuminate/Container/Util::unwrapIfClosure(Object(Closure))
#36 C:/Users/Aprendiz/Downloads/PROYECTO--main/vendor/laravel/framework/src/Illuminate/Container/BoundMethod.php(35): Illuminate/Container/BoundMethod::callBoundMethod(Object(Illuminate/Foundation/Application), Array, Object(Closure))
#37 C:/Users/Aprendiz/Downloads/PROYECTO--main/vendor/laravel/framework/src/Illuminate/Container/Container.php(799): Illuminate/Container/BoundMethod::call(Object(Illuminate/Foundation/Application), Array, Array, NULL)
#38 C:/Users/Aprendiz/Downloads/PROYECTO--main/vendor/laravel/framework/src/Illuminate/Console/Command.php(211): Illuminate/Container/Container->call(Array)
#39 C:/Users/Aprendiz/Downloads/PROYECTO--main/vendor/symfony/console/Command/Command.php(341): Illuminate/Console/Command->execute(Object(Symfony/Component/Console/Input/ArgvInput), Object(Illuminate/Console/OutputStyle))
#40 C:/Users/Aprendiz/Downloads/PROYECTO--main/vendor/laravel/framework/src/Illuminate/Console/Command.php(180): Symfony/Component/Console/Command/Command->run(Object(Symfony/Component/Console/Input/ArgvInput), Object(Illuminate/Console/OutputStyle))
#41 C:/Users/Aprendiz/Downloads/PROYECTO--main/vendor/symfony/console/Application.php(1117): Illuminate/Console/Command->run(Object(Symfony/Component/Console/Input/ArgvInput), Object(Symfony/Component/Console/Output/ConsoleOutput))
#42 C:/Users/Aprendiz/Downloads/PROYECTO--main/vendor/symfony/console/Application.php(356): Symfony/Component/Console/Application->doRunCommand(Object(Illuminate/Database/Console/Migrations/FreshCommand), Object(Symfony/Component/Console/Input/ArgvInput), Object(Symfony/Component/Console/Output/ConsoleOutput))
#43 C:/Users/Aprendiz/Downloads/PROYECTO--main/vendor/symfony/console/Application.php(195): Symfony/Component/Console/Application->doRun(Object(Symfony/Component/Console/Input/ArgvInput), Object(Symfony/Component/Console/Output/ConsoleOutput))
#44 C:/Users/Aprendiz/Downloads/PROYECTO--main/vendor/laravel/framework/src/Illuminate/Foundation/Console/Kernel.php(198): Symfony/Component/Console/Application->run(Object(Symfony/Component/Console/Input/ArgvInput), Object(Symfony/Component/Console/Output/ConsoleOutput))
#45 C:/Users/Aprendiz/Downloads/PROYECTO--main/vendor/laravel/framework/src/Illuminate/Foundation/Application.php(1235): Illuminate/Foundation/Console/Kernel->handle(Object(Symfony/Component/Console/Input/ArgvInput), Object(Symfony/Component/Console/Output/ConsoleOutput))
#46 C:/Users/Aprendiz/Downloads/PROYECTO--main/artisan(16): Illuminate/Foundation/Application->handleCommand(Object(Symfony/Component/Console/Input/ArgvInput))
#47 {main}
"} 
[2026-06-18 21:12:30] local.ERROR: SQLSTATE[23000]: Integrity constraint violation: 19 FOREIGN KEY constraint failed (Connection: sqlite, Database: C:\Users\Aprendiz\Downloads\PROYECTO--main\database\database.sqlite, SQL: insert into "users" ("name", "email", "password", "role_id", "updated_at", "created_at") values (carlitos, carlosherrera@gmail.com, $2y$12$pDlghGj2K2WEKUcmx8fnmeOMgSpfB8vpXKhnNgtP.99APSBIN0.am, 2, 2026-06-18 21:12:30, 2026-06-18 21:12:30)) {"exception":"[object] (Illuminate\\Database\\QueryException(code: 23000): SQLSTATE[23000]: Integrity constraint violation: 19 FOREIGN KEY constraint failed (Connection: sqlite, Database: C:\\Users\\Aprendiz\\Downloads\\PROYECTO--main\\database\\database.sqlite, SQL: insert into \"users\" (\"name\", \"email\", \"password\", \"role_id\", \"updated_at\", \"created_at\") values (carlitos, carlosherrera@gmail.com, $2y$12$pDlghGj2K2WEKUcmx8fnmeOMgSpfB8vpXKhnNgtP.99APSBIN0.am, 2, 2026-06-18 21:12:30, 2026-06-18 21:12:30)) at C:/Users/Aprendiz/Downloads/PROYECTO--main/vendor/laravel/framework/src/Illuminate/Database/Connection.php:838)
[stacktrace]
#0 C:/Users/Aprendiz/Downloads/PROYECTO--main/vendor/laravel/framework/src/Illuminate/Database/Connection.php(794): Illuminate/Database/Connection->runQueryCallback('insert into \"us...', Array, Object(Closure))
#1 C:/Users/Aprendiz/Downloads/PROYECTO--main/vendor/laravel/framework/src/Illuminate/Database/Connection.php(573): Illuminate/Database/Connection->run('insert into \"us...', Array, Object(Closure))
#2 C:/Users/Aprendiz/Downloads/PROYECTO--main/vendor/laravel/framework/src/Illuminate/Database/Connection.php(537): Illuminate/Database/Connection->statement('insert into \"us...', Array)
#3 C:/Users/Aprendiz/Downloads/PROYECTO--main/vendor/laravel/framework/src/Illuminate/Database/Query/Processors/Processor.php(32): Illuminate/Database/Connection->insert('insert into \"us...', Array)
#4 C:/Users/Aprendiz/Downloads/PROYECTO--main/vendor/laravel/framework/src/Illuminate/Database/Query/Builder.php(4170): Illuminate/Database/Query/Processors/Processor->processInsertGetId(Object(Illuminate/Database/Query/Builder), 'insert into \"us...', Array, 'id')
#5 C:/Users/Aprendiz/Downloads/PROYECTO--main/vendor/laravel/framework/src/Illuminate/Database/Eloquent/Builder.php(2237): Illuminate/Database/Query/Builder->insertGetId(Array, 'id')
#6 C:/Users/Aprendiz/Downloads/PROYECTO--main/vendor/laravel/framework/src/Illuminate/Database/Eloquent/Model.php(1436): Illuminate/Database/Eloquent/Builder->__call('insertGetId', Array)
#7 C:/Users/Aprendiz/Downloads/PROYECTO--main/vendor/laravel/framework/src/Illuminate/Database/Eloquent/Model.php(1401): Illuminate/Database/Eloquent/Model->insertAndSetId(Object(Illuminate/Database/Eloquent/Builder), Array)
#8 C:/Users/Aprendiz/Downloads/PROYECTO--main/vendor/laravel/framework/src/Illuminate/Database/Eloquent/Model.php(1240): Illuminate/Database/Eloquent/Model->performInsert(Object(Illuminate/Database/Eloquent/Builder))
#9 C:/Users/Aprendiz/Downloads/PROYECTO--main/vendor/laravel/framework/src/Illuminate/Database/Eloquent/Builder.php(1219): Illuminate/Database/Eloquent/Model->save()
#10 C:/Users/Aprendiz/Downloads/PROYECTO--main/vendor/laravel/framework/src/Illuminate/Support/helpers.php(393): Illuminate/Database/Eloquent/Builder->Illuminate/Database/Eloquent/{closure}(Object(App/Models/User))
#11 C:/Users/Aprendiz/Downloads/PROYECTO--main/vendor/laravel/framework/src/Illuminate/Database/Eloquent/Builder.php(1218): tap(Object(App/Models/User), Object(Closure))
#12 C:/Users/Aprendiz/Downloads/PROYECTO--main/vendor/laravel/framework/src/Illuminate/Support/Traits/ForwardsCalls.php(23): Illuminate/Database/Eloquent/Builder->create(Array)
#13 C:/Users/Aprendiz/Downloads/PROYECTO--main/vendor/laravel/framework/src/Illuminate/Database/Eloquent/Model.php(2544): Illuminate/Database/Eloquent/Model->forwardCallTo(Object(Illuminate/Database/Eloquent/Builder), 'create', Array)
#14 C:/Users/Aprendiz/Downloads/PROYECTO--main/vendor/laravel/framework/src/Illuminate/Database/Eloquent/Model.php(2560): Illuminate/Database/Eloquent/Model->__call('create', Array)
#15 C:/Users/Aprendiz/Downloads/PROYECTO--main/app/Http/Controllers/Auth/RegisteredUserController.php(39): Illuminate/Database/Eloquent/Model::__callStatic('create', Array)
#16 C:/Users/Aprendiz/Downloads/PROYECTO--main/vendor/laravel/framework/src/Illuminate/Routing/ControllerDispatcher.php(46): App/Http/Controllers/Auth/RegisteredUserController->store(Object(Illuminate/Http/Request))
#17 C:/Users/Aprendiz/Downloads/PROYECTO--main/vendor/laravel/framework/src/Illuminate/Routing/Route.php(265): Illuminate/Routing/ControllerDispatcher->dispatch(Object(Illuminate/Routing/Route), Object(App/Http/Controllers/Auth/RegisteredUserController), 'store')
#18 C:/Users/Aprendiz/Downloads/PROYECTO--main/vendor/laravel/framework/src/Illuminate/Routing/Route.php(211): Illuminate/Routing/Route->runController()
#19 C:/Users/Aprendiz/Downloads/PROYECTO--main/vendor/laravel/framework/src/Illuminate/Routing/Router.php(822): Illuminate/Routing/Route->run()
#20 C:/Users/Aprendiz/Downloads/PROYECTO--main/vendor/laravel/framework/src/Illuminate/Pipeline/Pipeline.php(180): Illuminate/Routing/Router->Illuminate/Routing/{closure}(Object(Illuminate/Http/Request))
#21 C:/Users/Aprendiz/Downloads/PROYECTO--main/vendor/laravel/framework/src/Illuminate/Auth/Middleware/RedirectIfAuthenticated.php(47): Illuminate/Pipeline/Pipeline->Illuminate/Pipeline/{closure}(Object(Illuminate/Http/Request))
#22 C:/Users/Aprendiz/Downloads/PROYECTO--main/vendor/laravel/framework/src/Illuminate/Pipeline/Pipeline.php(219): Illuminate/Auth/Middleware/RedirectIfAuthenticated->handle(Object(Illuminate/Http/Request), Object(Closure))
#23 C:/Users/Aprendiz/Downloads/PROYECTO--main/vendor/laravel/framework/src/Illuminate/Routing/Middleware/SubstituteBindings.php(50): Illuminate/Pipeline/Pipeline->Illuminate/Pipeline/{closure}(Object(Illuminate/Http/Request))
#24 C:/Users/Aprendiz/Downloads/PROYECTO--main/vendor/laravel/framework/src/Illuminate/Pipeline/Pipeline.php(219): Illuminate/Routing/Middleware/SubstituteBindings->handle(Object(Illuminate/Http/Request), Object(Closure))
#25 C:/Users/Aprendiz/Downloads/PROYECTO--main/vendor/laravel/framework/src/Illuminate/Foundation/Http/Middleware/VerifyCsrfToken.php(87): Illuminate/Pipeline/Pipeline->Illuminate/Pipeline/{closure}(Object(Illuminate/Http/Request))
#26 C:/Users/Aprendiz/Downloads/PROYECTO--main/vendor/laravel/framework/src/Illuminate/Pipeline/Pipeline.php(219): Illuminate/Foundation/Http/Middleware/VerifyCsrfToken->handle(Object(Illuminate/Http/Request), Object(Closure))
#27 C:/Users/Aprendiz/Downloads/PROYECTO--main/vendor/laravel/framework/src/Illuminate/View/Middleware/ShareErrorsFromSession.php(48): Illuminate/Pipeline/Pipeline->Illuminate/Pipeline/{closure}(Object(Illuminate/Http/Request))
#28 C:/Users/Aprendiz/Downloads/PROYECTO--main/vendor/laravel/framework/src/Illuminate/Pipeline/Pipeline.php(219): Illuminate/View/Middleware/ShareErrorsFromSession->handle(Object(Illuminate/Http/Request), Object(Closure))
#29 C:/Users/Aprendiz/Downloads/PROYECTO--main/vendor/laravel/framework/src/Illuminate/Session/Middleware/StartSession.php(120): Illuminate/Pipeline/Pipeline->Illuminate/Pipeline/{closure}(Object(Illuminate/Http/Request))
#30 C:/Users/Aprendiz/Downloads/PROYECTO--main/vendor/laravel/framework/src/Illuminate/Session/Middleware/StartSession.php(63): Illuminate/Session/Middleware/StartSession->handleStatefulRequest(Object(Illuminate/Http/Request), Object(Illuminate/Session/Store), Object(Closure))
#31 C:/Users/Aprendiz/Downloads/PROYECTO--main/vendor/laravel/framework/src/Illuminate/Pipeline/Pipeline.php(219): Illuminate/Session/Middleware/StartSession->handle(Object(Illuminate/Http/Request), Object(Closure))
#32 C:/Users/Aprendiz/Downloads/PROYECTO--main/vendor/laravel/framework/src/Illuminate/Cookie/Middleware/AddQueuedCookiesToResponse.php(36): Illuminate/Pipeline/Pipeline->Illuminate/Pipeline/{closure}(Object(Illuminate/Http/Request))
#33 C:/Users/Aprendiz/Downloads/PROYECTO--main/vendor/laravel/framework/src/Illuminate/Pipeline/Pipeline.php(219): Illuminate/Cookie/Middleware/AddQueuedCookiesToResponse->handle(Object(Illuminate/Http/Request), Object(Closure))
#34 C:/Users/Aprendiz/Downloads/PROYECTO--main/vendor/laravel/framework/src/Illuminate/Cookie/Middleware/EncryptCookies.php(74): Illuminate/Pipeline/Pipeline->Illuminate/Pipeline/{closure}(Object(Illuminate/Http/Request))
#35 C:/Users/Aprendiz/Downloads/PROYECTO--main/vendor/laravel/framework/src/Illuminate/Pipeline/Pipeline.php(219): Illuminate/Cookie/Middleware/EncryptCookies->handle(Object(Illuminate/Http/Request), Object(Closure))
#36 C:/Users/Aprendiz/Downloads/PROYECTO--main/vendor/laravel/framework/src/Illuminate/Pipeline/Pipeline.php(137): Illuminate/Pipeline/Pipeline->Illuminate/Pipeline/{closure}(Object(Illuminate/Http/Request))
#37 C:/Users/Aprendiz/Downloads/PROYECTO--main/vendor/laravel/framework/src/Illuminate/Routing/Router.php(821): Illuminate/Pipeline/Pipeline->then(Object(Closure))
#38 C:/Users/Aprendiz/Downloads/PROYECTO--main/vendor/laravel/framework/src/Illuminate/Routing/Router.php(800): Illuminate/Routing/Router->runRouteWithinStack(Object(Illuminate/Routing/Route), Object(Illuminate/Http/Request))
#39 C:/Users/Aprendiz/Downloads/PROYECTO--main/vendor/laravel/framework/src/Illuminate/Routing/Router.php(764): Illuminate/Routing/Router->runRoute(Object(Illuminate/Http/Request), Object(Illuminate/Routing/Route))
#40 C:/Users/Aprendiz/Downloads/PROYECTO--main/vendor/laravel/framework/src/Illuminate/Routing/Router.php(753): Illuminate/Routing/Router->dispatchToRoute(Object(Illuminate/Http/Request))
#41 C:/Users/Aprendiz/Downloads/PROYECTO--main/vendor/laravel/framework/src/Illuminate/Foundation/Http/Kernel.php(200): Illuminate/Routing/Router->dispatch(Object(Illuminate/Http/Request))
#42 C:/Users/Aprendiz/Downloads/PROYECTO--main/vendor/laravel/framework/src/Illuminate/Pipeline/Pipeline.php(180): Illuminate/Foundation/Http/Kernel->Illuminate/Foundation/Http/{closure}(Object(Illuminate/Http/Request))
#43 C:/Users/Aprendiz/Downloads/PROYECTO--main/vendor/laravel/framework/src/Illuminate/Foundation/Http/Middleware/TransformsRequest.php(21): Illuminate/Pipeline/Pipeline->Illuminate/Pipeline/{closure}(Object(Illuminate/Http/Request))
#44 C:/Users/Aprendiz/Downloads/PROYECTO--main/vendor/laravel/framework/src/Illuminate/Foundation/Http/Middleware/ConvertEmptyStringsToNull.php(31): Illuminate/Foundation/Http/Middleware/TransformsRequest->handle(Object(Illuminate/Http/Request), Object(Closure))
#45 C:/Users/Aprendiz/Downloads/PROYECTO--main/vendor/laravel/framework/src/Illuminate/Pipeline/Pipeline.php(219): Illuminate/Foundation/Http/Middleware/ConvertEmptyStringsToNull->handle(Object(Illuminate/Http/Request), Object(Closure))
#46 C:/Users/Aprendiz/Downloads/PROYECTO--main/vendor/laravel/framework/src/Illuminate/Foundation/Http/Middleware/TransformsRequest.php(21): Illuminate/Pipeline/Pipeline->Illuminate/Pipeline/{closure}(Object(Illuminate/Http/Request))
#47 C:/Users/Aprendiz/Downloads/PROYECTO--main/vendor/laravel/framework/src/Illuminate/Foundation/Http/Middleware/TrimStrings.php(51): Illuminate/Foundation/Http/Middleware/TransformsRequest->handle(Object(Illuminate/Http/Request), Object(Closure))
#48 C:/Users/Aprendiz/Downloads/PROYECTO--main/vendor/laravel/framework/src/Illuminate/Pipeline/Pipeline.php(219): Illuminate/Foundation/Http/Middleware/TrimStrings->handle(Object(Illuminate/Http/Request), Object(Closure))
#49 C:/Users/Aprendiz/Downloads/PROYECTO--main/vendor/laravel/framework/src/Illuminate/Http/Middleware/ValidatePostSize.php(27): Illuminate/Pipeline/Pipeline->Illuminate/Pipeline/{closure}(Object(Illuminate/Http/Request))
#50 C:/Users/Aprendiz/Downloads/PROYECTO--main/vendor/laravel/framework/src/Illuminate/Pipeline/Pipeline.php(219): Illuminate/Http/Middleware/ValidatePostSize->handle(Object(Illuminate/Http/Request), Object(Closure))
#51 C:/Users/Aprendiz/Downloads/PROYECTO--main/vendor/laravel/framework/src/Illuminate/Foundation/Http/Middleware/PreventRequestsDuringMaintenance.php(109): Illuminate/Pipeline/Pipeline->Illuminate/Pipeline/{closure}(Object(Illuminate/Http/Request))
#52 C:/Users/Aprendiz/Downloads/PROYECTO--main/vendor/laravel/framework/src/Illuminate/Pipeline/Pipeline.php(219): Illuminate/Foundation/Http/Middleware/PreventRequestsDuringMaintenance->handle(Object(Illuminate/Http/Request), Object(Closure))
#53 C:/Users/Aprendiz/Downloads/PROYECTO--main/vendor/laravel/framework/src/Illuminate/Http/Middleware/HandleCors.php(61): Illuminate/Pipeline/Pipeline->Illuminate/Pipeline/{closure}(Object(Illuminate/Http/Request))
#54 C:/Users/Aprendiz/Downloads/PROYECTO--main/vendor/laravel/framework/src/Illuminate/Pipeline/Pipeline.php(219): Illuminate/Http/Middleware/HandleCors->handle(Object(Illuminate/Http/Request), Object(Closure))
#55 C:/Users/Aprendiz/Downloads/PROYECTO--main/vendor/laravel/framework/src/Illuminate/Http/Middleware/TrustProxies.php(58): Illuminate/Pipeline/Pipeline->Illuminate/Pipeline/{closure}(Object(Illuminate/Http/Request))
#56 C:/Users/Aprendiz/Downloads/PROYECTO--main/vendor/laravel/framework/src/Illuminate/Pipeline/Pipeline.php(219): Illuminate/Http/Middleware/TrustProxies->handle(Object(Illuminate/Http/Request), Object(Closure))
#57 C:/Users/Aprendiz/Downloads/PROYECTO--main/vendor/laravel/framework/src/Illuminate/Foundation/Http/Middleware/InvokeDeferredCallbacks.php(22): Illuminate/Pipeline/Pipeline->Illuminate/Pipeline/{closure}(Object(Illuminate/Http/Request))
#58 C:/Users/Aprendiz/Downloads/PROYECTO--main/vendor/laravel/framework/src/Illuminate/Pipeline/Pipeline.php(219): Illuminate/Foundation/Http/Middleware/InvokeDeferredCallbacks->handle(Object(Illuminate/Http/Request), Object(Closure))
#59 C:/Users/Aprendiz/Downloads/PROYECTO--main/vendor/laravel/framework/src/Illuminate/Http/Middleware/ValidatePathEncoding.php(26): Illuminate/Pipeline/Pipeline->Illuminate/Pipeline/{closure}(Object(Illuminate/Http/Request))
#60 C:/Users/Aprendiz/Downloads/PROYECTO--main/vendor/laravel/framework/src/Illuminate/Pipeline/Pipeline.php(219): Illuminate/Http/Middleware/ValidatePathEncoding->handle(Object(Illuminate/Http/Request), Object(Closure))
#61 C:/Users/Aprendiz/Downloads/PROYECTO--main/vendor/laravel/framework/src/Illuminate/Pipeline/Pipeline.php(137): Illuminate/Pipeline/Pipeline->Illuminate/Pipeline/{closure}(Object(Illuminate/Http/Request))
#62 C:/Users/Aprendiz/Downloads/PROYECTO--main/vendor/laravel/framework/src/Illuminate/Foundation/Http/Kernel.php(175): Illuminate/Pipeline/Pipeline->then(Object(Closure))
#63 C:/Users/Aprendiz/Downloads/PROYECTO--main/vendor/laravel/framework/src/Illuminate/Foundation/Http/Kernel.php(144): Illuminate/Foundation/Http/Kernel->sendRequestThroughRouter(Object(Illuminate/Http/Request))
#64 C:/Users/Aprendiz/Downloads/PROYECTO--main/vendor/laravel/framework/src/Illuminate/Foundation/Application.php(1220): Illuminate/Foundation/Http/Kernel->handle(Object(Illuminate/Http/Request))
#65 C:/Users/Aprendiz/Downloads/PROYECTO--main/public/index.php(20): Illuminate/Foundation/Application->handleRequest(Object(Illuminate/Http/Request))
#66 C:/Users/Aprendiz/Downloads/PROYECTO--main/vendor/laravel/framework/src/Illuminate/Foundation/resources/server.php(23): require_once('C://Users//Aprend...')
#67 {main}

[previous exception] [object] (PDOException(code: 23000): SQLSTATE[23000]: Integrity constraint violation: 19 FOREIGN KEY constraint failed at C:/Users/Aprendiz/Downloads/PROYECTO--main/vendor/laravel/framework/src/Illuminate/Database/Connection.php:584)
[stacktrace]
#0 C:/Users/Aprendiz/Downloads/PROYECTO--main/vendor/laravel/framework/src/Illuminate/Database/Connection.php(584): PDOStatement->execute()
#1 C:/Users/Aprendiz/Downloads/PROYECTO--main/vendor/laravel/framework/src/Illuminate/Database/Connection.php(827): Illuminate/Database/Connection->Illuminate/Database/{closure}('insert into \"us...', Array)
#2 C:/Users/Aprendiz/Downloads/PROYECTO--main/vendor/laravel/framework/src/Illuminate/Database/Connection.php(794): Illuminate/Database/Connection->runQueryCallback('insert into \"us...', Array, Object(Closure))
#3 C:/Users/Aprendiz/Downloads/PROYECTO--main/vendor/laravel/framework/src/Illuminate/Database/Connection.php(573): Illuminate/Database/Connection->run('insert into \"us...', Array, Object(Closure))
#4 C:/Users/Aprendiz/Downloads/PROYECTO--main/vendor/laravel/framework/src/Illuminate/Database/Connection.php(537): Illuminate/Database/Connection->statement('insert into \"us...', Array)
#5 C:/Users/Aprendiz/Downloads/PROYECTO--main/vendor/laravel/framework/src/Illuminate/Database/Query/Processors/Processor.php(32): Illuminate/Database/Connection->insert('insert into \"us...', Array)
#6 C:/Users/Aprendiz/Downloads/PROYECTO--main/vendor/laravel/framework/src/Illuminate/Database/Query/Builder.php(4170): Illuminate/Database/Query/Processors/Processor->processInsertGetId(Object(Illuminate/Database/Query/Builder), 'insert into \"us...', Array, 'id')
#7 C:/Users/Aprendiz/Downloads/PROYECTO--main/vendor/laravel/framework/src/Illuminate/Database/Eloquent/Builder.php(2237): Illuminate/Database/Query/Builder->insertGetId(Array, 'id')
#8 C:/Users/Aprendiz/Downloads/PROYECTO--main/vendor/laravel/framework/src/Illuminate/Database/Eloquent/Model.php(1436): Illuminate/Database/Eloquent/Builder->__call('insertGetId', Array)
#9 C:/Users/Aprendiz/Downloads/PROYECTO--main/vendor/laravel/framework/src/Illuminate/Database/Eloquent/Model.php(1401): Illuminate/Database/Eloquent/Model->insertAndSetId(Object(Illuminate/Database/Eloquent/Builder), Array)
#10 C:/Users/Aprendiz/Downloads/PROYECTO--main/vendor/laravel/framework/src/Illuminate/Database/Eloquent/Model.php(1240): Illuminate/Database/Eloquent/Model->performInsert(Object(Illuminate/Database/Eloquent/Builder))
#11 C:/Users/Aprendiz/Downloads/PROYECTO--main/vendor/laravel/framework/src/Illuminate/Database/Eloquent/Builder.php(1219): Illuminate/Database/Eloquent/Model->save()
#12 C:/Users/Aprendiz/Downloads/PROYECTO--main/vendor/laravel/framework/src/Illuminate/Support/helpers.php(393): Illuminate/Database/Eloquent/Builder->Illuminate/Database/Eloquent/{closure}(Object(App/Models/User))
#13 C:/Users/Aprendiz/Downloads/PROYECTO--main/vendor/laravel/framework/src/Illuminate/Database/Eloquent/Builder.php(1218): tap(Object(App/Models/User), Object(Closure))
#14 C:/Users/Aprendiz/Downloads/PROYECTO--main/vendor/laravel/framework/src/Illuminate/Support/Traits/ForwardsCalls.php(23): Illuminate/Database/Eloquent/Builder->create(Array)
#15 C:/Users/Aprendiz/Downloads/PROYECTO--main/vendor/laravel/framework/src/Illuminate/Database/Eloquent/Model.php(2544): Illuminate/Database/Eloquent/Model->forwardCallTo(Object(Illuminate/Database/Eloquent/Builder), 'create', Array)
#16 C:/Users/Aprendiz/Downloads/PROYECTO--main/vendor/laravel/framework/src/Illuminate/Database/Eloquent/Model.php(2560): Illuminate/Database/Eloquent/Model->__call('create', Array)
#17 C:/Users/Aprendiz/Downloads/PROYECTO--main/app/Http/Controllers/Auth/RegisteredUserController.php(39): Illuminate/Database/Eloquent/Model::__callStatic('create', Array)
#18 C:/Users/Aprendiz/Downloads/PROYECTO--main/vendor/laravel/framework/src/Illuminate/Routing/ControllerDispatcher.php(46): App/Http/Controllers/Auth/RegisteredUserController->store(Object(Illuminate/Http/Request))
#19 C:/Users/Aprendiz/Downloads/PROYECTO--main/vendor/laravel/framework/src/Illuminate/Routing/Route.php(265): Illuminate/Routing/ControllerDispatcher->dispatch(Object(Illuminate/Routing/Route), Object(App/Http/Controllers/Auth/RegisteredUserController), 'store')
#20 C:/Users/Aprendiz/Downloads/PROYECTO--main/vendor/laravel/framework/src/Illuminate/Routing/Route.php(211): Illuminate/Routing/Route->runController()
#21 C:/Users/Aprendiz/Downloads/PROYECTO--main/vendor/laravel/framework/src/Illuminate/Routing/Router.php(822): Illuminate/Routing/Route->run()
#22 C:/Users/Aprendiz/Downloads/PROYECTO--main/vendor/laravel/framework/src/Illuminate/Pipeline/Pipeline.php(180): Illuminate/Routing/Router->Illuminate/Routing/{closure}(Object(Illuminate/Http/Request))
#23 C:/Users/Aprendiz/Downloads/PROYECTO--main/vendor/laravel/framework/src/Illuminate/Auth/Middleware/RedirectIfAuthenticated.php(47): Illuminate/Pipeline/Pipeline->Illuminate/Pipeline/{closure}(Object(Illuminate/Http/Request))
#24 C:/Users/Aprendiz/Downloads/PROYECTO--main/vendor/laravel/framework/src/Illuminate/Pipeline/Pipeline.php(219): Illuminate/Auth/Middleware/RedirectIfAuthenticated->handle(Object(Illuminate/Http/Request), Object(Closure))
#25 C:/Users/Aprendiz/Downloads/PROYECTO--main/vendor/laravel/framework/src/Illuminate/Routing/Middleware/SubstituteBindings.php(50): Illuminate/Pipeline/Pipeline->Illuminate/Pipeline/{closure}(Object(Illuminate/Http/Request))
#26 C:/Users/Aprendiz/Downloads/PROYECTO--main/vendor/laravel/framework/src/Illuminate/Pipeline/Pipeline.php(219): Illuminate/Routing/Middleware/SubstituteBindings->handle(Object(Illuminate/Http/Request), Object(Closure))
#27 C:/Users/Aprendiz/Downloads/PROYECTO--main/vendor/laravel/framework/src/Illuminate/Foundation/Http/Middleware/VerifyCsrfToken.php(87): Illuminate/Pipeline/Pipeline->Illuminate/Pipeline/{closure}(Object(Illuminate/Http/Request))
#28 C:/Users/Aprendiz/Downloads/PROYECTO--main/vendor/laravel/framework/src/Illuminate/Pipeline/Pipeline.php(219): Illuminate/Foundation/Http/Middleware/VerifyCsrfToken->handle(Object(Illuminate/Http/Request), Object(Closure))
#29 C:/Users/Aprendiz/Downloads/PROYECTO--main/vendor/laravel/framework/src/Illuminate/View/Middleware/ShareErrorsFromSession.php(48): Illuminate/Pipeline/Pipeline->Illuminate/Pipeline/{closure}(Object(Illuminate/Http/Request))
#30 C:/Users/Aprendiz/Downloads/PROYECTO--main/vendor/laravel/framework/src/Illuminate/Pipeline/Pipeline.php(219): Illuminate/View/Middleware/ShareErrorsFromSession->handle(Object(Illuminate/Http/Request), Object(Closure))
#31 C:/Users/Aprendiz/Downloads/PROYECTO--main/vendor/laravel/framework/src/Illuminate/Session/Middleware/StartSession.php(120): Illuminate/Pipeline/Pipeline->Illuminate/Pipeline/{closure}(Object(Illuminate/Http/Request))
#32 C:/Users/Aprendiz/Downloads/PROYECTO--main/vendor/laravel/framework/src/Illuminate/Session/Middleware/StartSession.php(63): Illuminate/Session/Middleware/StartSession->handleStatefulRequest(Object(Illuminate/Http/Request), Object(Illuminate/Session/Store), Object(Closure))
#33 C:/Users/Aprendiz/Downloads/PROYECTO--main/vendor/laravel/framework/src/Illuminate/Pipeline/Pipeline.php(219): Illuminate/Session/Middleware/StartSession->handle(Object(Illuminate/Http/Request), Object(Closure))
#34 C:/Users/Aprendiz/Downloads/PROYECTO--main/vendor/laravel/framework/src/Illuminate/Cookie/Middleware/AddQueuedCookiesToResponse.php(36): Illuminate/Pipeline/Pipeline->Illuminate/Pipeline/{closure}(Object(Illuminate/Http/Request))
#35 C:/Users/Aprendiz/Downloads/PROYECTO--main/vendor/laravel/framework/src/Illuminate/Pipeline/Pipeline.php(219): Illuminate/Cookie/Middleware/AddQueuedCookiesToResponse->handle(Object(Illuminate/Http/Request), Object(Closure))
#36 C:/Users/Aprendiz/Downloads/PROYECTO--main/vendor/laravel/framework/src/Illuminate/Cookie/Middleware/EncryptCookies.php(74): Illuminate/Pipeline/Pipeline->Illuminate/Pipeline/{closure}(Object(Illuminate/Http/Request))
#37 C:/Users/Aprendiz/Downloads/PROYECTO--main/vendor/laravel/framework/src/Illuminate/Pipeline/Pipeline.php(219): Illuminate/Cookie/Middleware/EncryptCookies->handle(Object(Illuminate/Http/Request), Object(Closure))
#38 C:/Users/Aprendiz/Downloads/PROYECTO--main/vendor/laravel/framework/src/Illuminate/Pipeline/Pipeline.php(137): Illuminate/Pipeline/Pipeline->Illuminate/Pipeline/{closure}(Object(Illuminate/Http/Request))
#39 C:/Users/Aprendiz/Downloads/PROYECTO--main/vendor/laravel/framework/src/Illuminate/Routing/Router.php(821): Illuminate/Pipeline/Pipeline->then(Object(Closure))
#40 C:/Users/Aprendiz/Downloads/PROYECTO--main/vendor/laravel/framework/src/Illuminate/Routing/Router.php(800): Illuminate/Routing/Router->runRouteWithinStack(Object(Illuminate/Routing/Route), Object(Illuminate/Http/Request))
#41 C:/Users/Aprendiz/Downloads/PROYECTO--main/vendor/laravel/framework/src/Illuminate/Routing/Router.php(764): Illuminate/Routing/Router->runRoute(Object(Illuminate/Http/Request), Object(Illuminate/Routing/Route))
#42 C:/Users/Aprendiz/Downloads/PROYECTO--main/vendor/laravel/framework/src/Illuminate/Routing/Router.php(753): Illuminate/Routing/Router->dispatchToRoute(Object(Illuminate/Http/Request))
#43 C:/Users/Aprendiz/Downloads/PROYECTO--main/vendor/laravel/framework/src/Illuminate/Foundation/Http/Kernel.php(200): Illuminate/Routing/Router->dispatch(Object(Illuminate/Http/Request))
#44 C:/Users/Aprendiz/Downloads/PROYECTO--main/vendor/laravel/framework/src/Illuminate/Pipeline/Pipeline.php(180): Illuminate/Foundation/Http/Kernel->Illuminate/Foundation/Http/{closure}(Object(Illuminate/Http/Request))
#45 C:/Users/Aprendiz/Downloads/PROYECTO--main/vendor/laravel/framework/src/Illuminate/Foundation/Http/Middleware/TransformsRequest.php(21): Illuminate/Pipeline/Pipeline->Illuminate/Pipeline/{closure}(Object(Illuminate/Http/Request))
#46 C:/Users/Aprendiz/Downloads/PROYECTO--main/vendor/laravel/framework/src/Illuminate/Foundation/Http/Middleware/ConvertEmptyStringsToNull.php(31): Illuminate/Foundation/Http/Middleware/TransformsRequest->handle(Object(Illuminate/Http/Request), Object(Closure))
#47 C:/Users/Aprendiz/Downloads/PROYECTO--main/vendor/laravel/framework/src/Illuminate/Pipeline/Pipeline.php(219): Illuminate/Foundation/Http/Middleware/ConvertEmptyStringsToNull->handle(Object(Illuminate/Http/Request), Object(Closure))
#48 C:/Users/Aprendiz/Downloads/PROYECTO--main/vendor/laravel/framework/src/Illuminate/Foundation/Http/Middleware/TransformsRequest.php(21): Illuminate/Pipeline/Pipeline->Illuminate/Pipeline/{closure}(Object(Illuminate/Http/Request))
#49 C:/Users/Aprendiz/Downloads/PROYECTO--main/vendor/laravel/framework/src/Illuminate/Foundation/Http/Middleware/TrimStrings.php(51): Illuminate/Foundation/Http/Middleware/TransformsRequest->handle(Object(Illuminate/Http/Request), Object(Closure))
#50 C:/Users/Aprendiz/Downloads/PROYECTO--main/vendor/laravel/framework/src/Illuminate/Pipeline/Pipeline.php(219): Illuminate/Foundation/Http/Middleware/TrimStrings->handle(Object(Illuminate/Http/Request), Object(Closure))
#51 C:/Users/Aprendiz/Downloads/PROYECTO--main/vendor/laravel/framework/src/Illuminate/Http/Middleware/ValidatePostSize.php(27): Illuminate/Pipeline/Pipeline->Illuminate/Pipeline/{closure}(Object(Illuminate/Http/Request))
#52 C:/Users/Aprendiz/Downloads/PROYECTO--main/vendor/laravel/framework/src/Illuminate/Pipeline/Pipeline.php(219): Illuminate/Http/Middleware/ValidatePostSize->handle(Object(Illuminate/Http/Request), Object(Closure))
#53 C:/Users/Aprendiz/Downloads/PROYECTO--main/vendor/laravel/framework/src/Illuminate/Foundation/Http/Middleware/PreventRequestsDuringMaintenance.php(109): Illuminate/Pipeline/Pipeline->Illuminate/Pipeline/{closure}(Object(Illuminate/Http/Request))
#54 C:/Users/Aprendiz/Downloads/PROYECTO--main/vendor/laravel/framework/src/Illuminate/Pipeline/Pipeline.php(219): Illuminate/Foundation/Http/Middleware/PreventRequestsDuringMaintenance->handle(Object(Illuminate/Http/Request), Object(Closure))
#55 C:/Users/Aprendiz/Downloads/PROYECTO--main/vendor/laravel/framework/src/Illuminate/Http/Middleware/HandleCors.php(61): Illuminate/Pipeline/Pipeline->Illuminate/Pipeline/{closure}(Object(Illuminate/Http/Request))
#56 C:/Users/Aprendiz/Downloads/PROYECTO--main/vendor/laravel/framework/src/Illuminate/Pipeline/Pipeline.php(219): Illuminate/Http/Middleware/HandleCors->handle(Object(Illuminate/Http/Request), Object(Closure))
#57 C:/Users/Aprendiz/Downloads/PROYECTO--main/vendor/laravel/framework/src/Illuminate/Http/Middleware/TrustProxies.php(58): Illuminate/Pipeline/Pipeline->Illuminate/Pipeline/{closure}(Object(Illuminate/Http/Request))
#58 C:/Users/Aprendiz/Downloads/PROYECTO--main/vendor/laravel/framework/src/Illuminate/Pipeline/Pipeline.php(219): Illuminate/Http/Middleware/TrustProxies->handle(Object(Illuminate/Http/Request), Object(Closure))
#59 C:/Users/Aprendiz/Downloads/PROYECTO--main/vendor/laravel/framework/src/Illuminate/Foundation/Http/Middleware/InvokeDeferredCallbacks.php(22): Illuminate/Pipeline/Pipeline->Illuminate/Pipeline/{closure}(Object(Illuminate/Http/Request))
#60 C:/Users/Aprendiz/Downloads/PROYECTO--main/vendor/laravel/framework/src/Illuminate/Pipeline/Pipeline.php(219): Illuminate/Foundation/Http/Middleware/InvokeDeferredCallbacks->handle(Object(Illuminate/Http/Request), Object(Closure))
#61 C:/Users/Aprendiz/Downloads/PROYECTO--main/vendor/laravel/framework/src/Illuminate/Http/Middleware/ValidatePathEncoding.php(26): Illuminate/Pipeline/Pipeline->Illuminate/Pipeline/{closure}(Object(Illuminate/Http/Request))
#62 C:/Users/Aprendiz/Downloads/PROYECTO--main/vendor/laravel/framework/src/Illuminate/Pipeline/Pipeline.php(219): Illuminate/Http/Middleware/ValidatePathEncoding->handle(Object(Illuminate/Http/Request), Object(Closure))
#63 C:/Users/Aprendiz/Downloads/PROYECTO--main/vendor/laravel/framework/src/Illuminate/Pipeline/Pipeline.php(137): Illuminate/Pipeline/Pipeline->Illuminate/Pipeline/{closure}(Object(Illuminate/Http/Request))
#64 C:/Users/Aprendiz/Downloads/PROYECTO--main/vendor/laravel/framework/src/Illuminate/Foundation/Http/Kernel.php(175): Illuminate/Pipeline/Pipeline->then(Object(Closure))
#65 C:/Users/Aprendiz/Downloads/PROYECTO--main/vendor/laravel/framework/src/Illuminate/Foundation/Http/Kernel.php(144): Illuminate/Foundation/Http/Kernel->sendRequestThroughRouter(Object(Illuminate/Http/Request))
#66 C:/Users/Aprendiz/Downloads/PROYECTO--main/vendor/laravel/framework/src/Illuminate/Foundation/Application.php(1220): Illuminate/Foundation/Http/Kernel->handle(Object(Illuminate/Http/Request))
#67 C:/Users/Aprendiz/Downloads/PROYECTO--main/public/index.php(20): Illuminate/Foundation/Application->handleRequest(Object(Illuminate/Http/Request))
#68 C:/Users/Aprendiz/Downloads/PROYECTO--main/vendor/laravel/framework/src/Illuminate/Foundation/resources/server.php(23): require_once('C://Users//Aprend...')
#69 {main}
"} 
[2026-06-18 21:37:34] local.ERROR: filemtime(): stat failed for C:\Users\Aprendiz\Downloads\PROYECTO--main\.env {"exception":"[object] (ErrorException(code: 0): filemtime(): stat failed for C:\\Users\\Aprendiz\\Downloads\\PROYECTO--main\\.env at C:/Users/Aprendiz/Downloads/PROYECTO--main/vendor/laravel/framework/src/Illuminate/Foundation/Console/ServeCommand.php:147)
[stacktrace]
#0 C:/Users/Aprendiz/Downloads/PROYECTO--main/vendor/laravel/framework/src/Illuminate/Foundation/Bootstrap/HandleExceptions.php(258): Illuminate/Foundation/Bootstrap/HandleExceptions->handleError(2, 'filemtime(): st...', 'C://Users//Aprend...', 147)
#1 [internal function]: Illuminate/Foundation/Bootstrap/HandleExceptions->Illuminate/Foundation/Bootstrap/{closure}(2, 'filemtime(): st...', 'C://Users//Aprend...', 147)
#2 C:/Users/Aprendiz/Downloads/PROYECTO--main/vendor/laravel/framework/src/Illuminate/Foundation/Console/ServeCommand.php(147): filemtime('C://Users//Aprend...')
#3 C:/Users/Aprendiz/Downloads/PROYECTO--main/vendor/laravel/framework/src/Illuminate/Container/BoundMethod.php(36): Illuminate/Foundation/Console/ServeCommand->handle()
#4 C:/Users/Aprendiz/Downloads/PROYECTO--main/vendor/laravel/framework/src/Illuminate/Container/Util.php(43): Illuminate/Container/BoundMethod::Illuminate/Container/{closure}()
#5 C:/Users/Aprendiz/Downloads/PROYECTO--main/vendor/laravel/framework/src/Illuminate/Container/BoundMethod.php(96): Illuminate/Container/Util::unwrapIfClosure(Object(Closure))
#6 C:/Users/Aprendiz/Downloads/PROYECTO--main/vendor/laravel/framework/src/Illuminate/Container/BoundMethod.php(35): Illuminate/Container/BoundMethod::callBoundMethod(Object(Illuminate/Foundation/Application), Array, Object(Closure))
#7 C:/Users/Aprendiz/Downloads/PROYECTO--main/vendor/laravel/framework/src/Illuminate/Container/Container.php(799): Illuminate/Container/BoundMethod::call(Object(Illuminate/Foundation/Application), Array, Array, NULL)
#8 C:/Users/Aprendiz/Downloads/PROYECTO--main/vendor/laravel/framework/src/Illuminate/Console/Command.php(211): Illuminate/Container/Container->call(Array)
#9 C:/Users/Aprendiz/Downloads/PROYECTO--main/vendor/symfony/console/Command/Command.php(341): Illuminate/Console/Command->execute(Object(Symfony/Component/Console/Input/ArgvInput), Object(Illuminate/Console/OutputStyle))
#10 C:/Users/Aprendiz/Downloads/PROYECTO--main/vendor/laravel/framework/src/Illuminate/Console/Command.php(180): Symfony/Component/Console/Command/Command->run(Object(Symfony/Component/Console/Input/ArgvInput), Object(Illuminate/Console/OutputStyle))
#11 C:/Users/Aprendiz/Downloads/PROYECTO--main/vendor/symfony/console/Application.php(1117): Illuminate/Console/Command->run(Object(Symfony/Component/Console/Input/ArgvInput), Object(Symfony/Component/Console/Output/ConsoleOutput))
#12 C:/Users/Aprendiz/Downloads/PROYECTO--main/vendor/symfony/console/Application.php(356): Symfony/Component/Console/Application->doRunCommand(Object(Illuminate/Foundation/Console/ServeCommand), Object(Symfony/Component/Console/Input/ArgvInput), Object(Symfony/Component/Console/Output/ConsoleOutput))
#13 C:/Users/Aprendiz/Downloads/PROYECTO--main/vendor/symfony/console/Application.php(195): Symfony/Component/Console/Application->doRun(Object(Symfony/Component/Console/Input/ArgvInput), Object(Symfony/Component/Console/Output/ConsoleOutput))
#14 C:/Users/Aprendiz/Downloads/PROYECTO--main/vendor/laravel/framework/src/Illuminate/Foundation/Console/Kernel.php(198): Symfony/Component/Console/Application->run(Object(Symfony/Component/Console/Input/ArgvInput), Object(Symfony/Component/Console/Output/ConsoleOutput))
#15 C:/Users/Aprendiz/Downloads/PROYECTO--main/vendor/laravel/framework/src/Illuminate/Foundation/Application.php(1235): Illuminate/Foundation/Console/Kernel->handle(Object(Symfony/Component/Console/Input/ArgvInput), Object(Symfony/Component/Console/Output/ConsoleOutput))
#16 C:/Users/Aprendiz/Downloads/PROYECTO--main/artisan(16): Illuminate/Foundation/Application->handleCommand(Object(Symfony/Component/Console/Input/ArgvInput))
#17 {main}
"} 
[2026-06-18 21:37:34] local.ERROR: filemtime(): stat failed for C:\Users\Aprendiz\Downloads\PROYECTO--main\.env {"exception":"[object] (ErrorException(code: 0): filemtime(): stat failed for C:\\Users\\Aprendiz\\Downloads\\PROYECTO--main\\.env at C:/Users/Aprendiz/Downloads/PROYECTO--main/vendor/laravel/framework/src/Illuminate/Foundation/Console/ServeCommand.php:147)
[stacktrace]
#0 C:/Users/Aprendiz/Downloads/PROYECTO--main/vendor/laravel/framework/src/Illuminate/Foundation/Bootstrap/HandleExceptions.php(258): Illuminate/Foundation/Bootstrap/HandleExceptions->handleError(2, 'filemtime(): st...', 'C://Users//Aprend...', 147)
#1 [internal function]: Illuminate/Foundation/Bootstrap/HandleExceptions->Illuminate/Foundation/Bootstrap/{closure}(2, 'filemtime(): st...', 'C://Users//Aprend...', 147)
#2 C:/Users/Aprendiz/Downloads/PROYECTO--main/vendor/laravel/framework/src/Illuminate/Foundation/Console/ServeCommand.php(147): filemtime('C://Users//Aprend...')
#3 C:/Users/Aprendiz/Downloads/PROYECTO--main/vendor/laravel/framework/src/Illuminate/Container/BoundMethod.php(36): Illuminate/Foundation/Console/ServeCommand->handle()
#4 C:/Users/Aprendiz/Downloads/PROYECTO--main/vendor/laravel/framework/src/Illuminate/Container/Util.php(43): Illuminate/Container/BoundMethod::Illuminate/Container/{closure}()
#5 C:/Users/Aprendiz/Downloads/PROYECTO--main/vendor/laravel/framework/src/Illuminate/Container/BoundMethod.php(96): Illuminate/Container/Util::unwrapIfClosure(Object(Closure))
#6 C:/Users/Aprendiz/Downloads/PROYECTO--main/vendor/laravel/framework/src/Illuminate/Container/BoundMethod.php(35): Illuminate/Container/BoundMethod::callBoundMethod(Object(Illuminate/Foundation/Application), Array, Object(Closure))
#7 C:/Users/Aprendiz/Downloads/PROYECTO--main/vendor/laravel/framework/src/Illuminate/Container/Container.php(799): Illuminate/Container/BoundMethod::call(Object(Illuminate/Foundation/Application), Array, Array, NULL)
#8 C:/Users/Aprendiz/Downloads/PROYECTO--main/vendor/laravel/framework/src/Illuminate/Console/Command.php(211): Illuminate/Container/Container->call(Array)
#9 C:/Users/Aprendiz/Downloads/PROYECTO--main/vendor/symfony/console/Command/Command.php(341): Illuminate/Console/Command->execute(Object(Symfony/Component/Console/Input/ArgvInput), Object(Illuminate/Console/OutputStyle))
#10 C:/Users/Aprendiz/Downloads/PROYECTO--main/vendor/laravel/framework/src/Illuminate/Console/Command.php(180): Symfony/Component/Console/Command/Command->run(Object(Symfony/Component/Console/Input/ArgvInput), Object(Illuminate/Console/OutputStyle))
#11 C:/Users/Aprendiz/Downloads/PROYECTO--main/vendor/symfony/console/Application.php(1117): Illuminate/Console/Command->run(Object(Symfony/Component/Console/Input/ArgvInput), Object(Symfony/Component/Console/Output/ConsoleOutput))
#12 C:/Users/Aprendiz/Downloads/PROYECTO--main/vendor/symfony/console/Application.php(356): Symfony/Component/Console/Application->doRunCommand(Object(Illuminate/Foundation/Console/ServeCommand), Object(Symfony/Component/Console/Input/ArgvInput), Object(Symfony/Component/Console/Output/ConsoleOutput))
#13 C:/Users/Aprendiz/Downloads/PROYECTO--main/vendor/symfony/console/Application.php(195): Symfony/Component/Console/Application->doRun(Object(Symfony/Component/Console/Input/ArgvInput), Object(Symfony/Component/Console/Output/ConsoleOutput))
#14 C:/Users/Aprendiz/Downloads/PROYECTO--main/vendor/laravel/framework/src/Illuminate/Foundation/Console/Kernel.php(198): Symfony/Component/Console/Application->run(Object(Symfony/Component/Console/Input/ArgvInput), Object(Symfony/Component/Console/Output/ConsoleOutput))
#15 C:/Users/Aprendiz/Downloads/PROYECTO--main/vendor/laravel/framework/src/Illuminate/Foundation/Application.php(1235): Illuminate/Foundation/Console/Kernel->handle(Object(Symfony/Component/Console/Input/ArgvInput), Object(Symfony/Component/Console/Output/ConsoleOutput))
#16 C:/Users/Aprendiz/Downloads/PROYECTO--main/artisan(16): Illuminate/Foundation/Application->handleCommand(Object(Symfony/Component/Console/Input/ArgvInput))
#17 {main}
"} 
[2026-06-18 21:37:34] local.ERROR: filemtime(): stat failed for C:\Users\Aprendiz\Downloads\PROYECTO--main\.env {"exception":"[object] (ErrorException(code: 0): filemtime(): stat failed for C:\\Users\\Aprendiz\\Downloads\\PROYECTO--main\\.env at C:/Users/Aprendiz/Downloads/PROYECTO--main/vendor/laravel/framework/src/Illuminate/Foundation/Console/ServeCommand.php:147)
[stacktrace]
#0 C:/Users/Aprendiz/Downloads/PROYECTO--main/vendor/laravel/framework/src/Illuminate/Foundation/Bootstrap/HandleExceptions.php(258): Illuminate/Foundation/Bootstrap/HandleExceptions->handleError(2, 'filemtime(): st...', 'C://Users//Aprend...', 147)
#1 [internal function]: Illuminate/Foundation/Bootstrap/HandleExceptions->Illuminate/Foundation/Bootstrap/{closure}(2, 'filemtime(): st...', 'C://Users//Aprend...', 147)
#2 C:/Users/Aprendiz/Downloads/PROYECTO--main/vendor/laravel/framework/src/Illuminate/Foundation/Console/ServeCommand.php(147): filemtime('C://Users//Aprend...')
#3 C:/Users/Aprendiz/Downloads/PROYECTO--main/vendor/laravel/framework/src/Illuminate/Container/BoundMethod.php(36): Illuminate/Foundation/Console/ServeCommand->handle()
#4 C:/Users/Aprendiz/Downloads/PROYECTO--main/vendor/laravel/framework/src/Illuminate/Container/Util.php(43): Illuminate/Container/BoundMethod::Illuminate/Container/{closure}()
#5 C:/Users/Aprendiz/Downloads/PROYECTO--main/vendor/laravel/framework/src/Illuminate/Container/BoundMethod.php(96): Illuminate/Container/Util::unwrapIfClosure(Object(Closure))
#6 C:/Users/Aprendiz/Downloads/PROYECTO--main/vendor/laravel/framework/src/Illuminate/Container/BoundMethod.php(35): Illuminate/Container/BoundMethod::callBoundMethod(Object(Illuminate/Foundation/Application), Array, Object(Closure))
#7 C:/Users/Aprendiz/Downloads/PROYECTO--main/vendor/laravel/framework/src/Illuminate/Container/Container.php(799): Illuminate/Container/BoundMethod::call(Object(Illuminate/Foundation/Application), Array, Array, NULL)
#8 C:/Users/Aprendiz/Downloads/PROYECTO--main/vendor/laravel/framework/src/Illuminate/Console/Command.php(211): Illuminate/Container/Container->call(Array)
#9 C:/Users/Aprendiz/Downloads/PROYECTO--main/vendor/symfony/console/Command/Command.php(341): Illuminate/Console/Command->execute(Object(Symfony/Component/Console/Input/ArgvInput), Object(Illuminate/Console/OutputStyle))
#10 C:/Users/Aprendiz/Downloads/PROYECTO--main/vendor/laravel/framework/src/Illuminate/Console/Command.php(180): Symfony/Component/Console/Command/Command->run(Object(Symfony/Component/Console/Input/ArgvInput), Object(Illuminate/Console/OutputStyle))
#11 C:/Users/Aprendiz/Downloads/PROYECTO--main/vendor/symfony/console/Application.php(1117): Illuminate/Console/Command->run(Object(Symfony/Component/Console/Input/ArgvInput), Object(Symfony/Component/Console/Output/ConsoleOutput))
#12 C:/Users/Aprendiz/Downloads/PROYECTO--main/vendor/symfony/console/Application.php(356): Symfony/Component/Console/Application->doRunCommand(Object(Illuminate/Foundation/Console/ServeCommand), Object(Symfony/Component/Console/Input/ArgvInput), Object(Symfony/Component/Console/Output/ConsoleOutput))
#13 C:/Users/Aprendiz/Downloads/PROYECTO--main/vendor/symfony/console/Application.php(195): Symfony/Component/Console/Application->doRun(Object(Symfony/Component/Console/Input/ArgvInput), Object(Symfony/Component/Console/Output/ConsoleOutput))
#14 C:/Users/Aprendiz/Downloads/PROYECTO--main/vendor/laravel/framework/src/Illuminate/Foundation/Console/Kernel.php(198): Symfony/Component/Console/Application->run(Object(Symfony/Component/Console/Input/ArgvInput), Object(Symfony/Component/Console/Output/ConsoleOutput))
#15 C:/Users/Aprendiz/Downloads/PROYECTO--main/vendor/laravel/framework/src/Illuminate/Foundation/Application.php(1235): Illuminate/Foundation/Console/Kernel->handle(Object(Symfony/Component/Console/Input/ArgvInput), Object(Symfony/Component/Console/Output/ConsoleOutput))
#16 C:/Users/Aprendiz/Downloads/PROYECTO--main/artisan(16): Illuminate/Foundation/Application->handleCommand(Object(Symfony/Component/Console/Input/ArgvInput))
#17 {main}
"} 
[2026-06-18 21:37:34] local.ERROR: filemtime(): stat failed for C:\Users\Aprendiz\Downloads\PROYECTO--main\.env {"exception":"[object] (ErrorException(code: 0): filemtime(): stat failed for C:\\Users\\Aprendiz\\Downloads\\PROYECTO--main\\.env at C:/Users/Aprendiz/Downloads/PROYECTO--main/vendor/laravel/framework/src/Illuminate/Foundation/Console/ServeCommand.php:147)
[stacktrace]
#0 C:/Users/Aprendiz/Downloads/PROYECTO--main/vendor/laravel/framework/src/Illuminate/Foundation/Bootstrap/HandleExceptions.php(258): Illuminate/Foundation/Bootstrap/HandleExceptions->handleError(2, 'filemtime(): st...', 'C://Users//Aprend...', 147)
#1 [internal function]: Illuminate/Foundation/Bootstrap/HandleExceptions->Illuminate/Foundation/Bootstrap/{closure}(2, 'filemtime(): st...', 'C://Users//Aprend...', 147)
#2 C:/Users/Aprendiz/Downloads/PROYECTO--main/vendor/laravel/framework/src/Illuminate/Foundation/Console/ServeCommand.php(147): filemtime('C://Users//Aprend...')
#3 C:/Users/Aprendiz/Downloads/PROYECTO--main/vendor/laravel/framework/src/Illuminate/Container/BoundMethod.php(36): Illuminate/Foundation/Console/ServeCommand->handle()
#4 C:/Users/Aprendiz/Downloads/PROYECTO--main/vendor/laravel/framework/src/Illuminate/Container/Util.php(43): Illuminate/Container/BoundMethod::Illuminate/Container/{closure}()
#5 C:/Users/Aprendiz/Downloads/PROYECTO--main/vendor/laravel/framework/src/Illuminate/Container/BoundMethod.php(96): Illuminate/Container/Util::unwrapIfClosure(Object(Closure))
#6 C:/Users/Aprendiz/Downloads/PROYECTO--main/vendor/laravel/framework/src/Illuminate/Container/BoundMethod.php(35): Illuminate/Container/BoundMethod::callBoundMethod(Object(Illuminate/Foundation/Application), Array, Object(Closure))
#7 C:/Users/Aprendiz/Downloads/PROYECTO--main/vendor/laravel/framework/src/Illuminate/Container/Container.php(799): Illuminate/Container/BoundMethod::call(Object(Illuminate/Foundation/Application), Array, Array, NULL)
#8 C:/Users/Aprendiz/Downloads/PROYECTO--main/vendor/laravel/framework/src/Illuminate/Console/Command.php(211): Illuminate/Container/Container->call(Array)
#9 C:/Users/Aprendiz/Downloads/PROYECTO--main/vendor/symfony/console/Command/Command.php(341): Illuminate/Console/Command->execute(Object(Symfony/Component/Console/Input/ArgvInput), Object(Illuminate/Console/OutputStyle))
#10 C:/Users/Aprendiz/Downloads/PROYECTO--main/vendor/laravel/framework/src/Illuminate/Console/Command.php(180): Symfony/Component/Console/Command/Command->run(Object(Symfony/Component/Console/Input/ArgvInput), Object(Illuminate/Console/OutputStyle))
#11 C:/Users/Aprendiz/Downloads/PROYECTO--main/vendor/symfony/console/Application.php(1117): Illuminate/Console/Command->run(Object(Symfony/Component/Console/Input/ArgvInput), Object(Symfony/Component/Console/Output/ConsoleOutput))
#12 C:/Users/Aprendiz/Downloads/PROYECTO--main/vendor/symfony/console/Application.php(356): Symfony/Component/Console/Application->doRunCommand(Object(Illuminate/Foundation/Console/ServeCommand), Object(Symfony/Component/Console/Input/ArgvInput), Object(Symfony/Component/Console/Output/ConsoleOutput))
#13 C:/Users/Aprendiz/Downloads/PROYECTO--main/vendor/symfony/console/Application.php(195): Symfony/Component/Console/Application->doRun(Object(Symfony/Component/Console/Input/ArgvInput), Object(Symfony/Component/Console/Output/ConsoleOutput))
#14 C:/Users/Aprendiz/Downloads/PROYECTO--main/vendor/laravel/framework/src/Illuminate/Foundation/Console/Kernel.php(198): Symfony/Component/Console/Application->run(Object(Symfony/Component/Console/Input/ArgvInput), Object(Symfony/Component/Console/Output/ConsoleOutput))
#15 C:/Users/Aprendiz/Downloads/PROYECTO--main/vendor/laravel/framework/src/Illuminate/Foundation/Application.php(1235): Illuminate/Foundation/Console/Kernel->handle(Object(Symfony/Component/Console/Input/ArgvInput), Object(Symfony/Component/Console/Output/ConsoleOutput))
#16 C:/Users/Aprendiz/Downloads/PROYECTO--main/artisan(16): Illuminate/Foundation/Application->handleCommand(Object(Symfony/Component/Console/Input/ArgvInput))
#17 {main}
"} 
[2026-06-18 21:39:27] local.ERROR: SQLSTATE[42S01]: Base table or view already exists: 1050 Table 'roles' already exists (Connection: mysql, Host: 127.0.0.1, Port: 3306, Database: auth_roles_db, SQL: create table `roles` (`id` bigint unsigned not null auto_increment primary key, `created_at` timestamp null, `updated_at` timestamp null, `name` varchar(255) not null) default character set utf8mb4 collate 'utf8mb4_unicode_ci') {"exception":"[object] (Illuminate\\Database\\QueryException(code: 42S01): SQLSTATE[42S01]: Base table or view already exists: 1050 Table 'roles' already exists (Connection: mysql, Host: 127.0.0.1, Port: 3306, Database: auth_roles_db, SQL: create table `roles` (`id` bigint unsigned not null auto_increment primary key, `created_at` timestamp null, `updated_at` timestamp null, `name` varchar(255) not null) default character set utf8mb4 collate 'utf8mb4_unicode_ci') at C:/Users/Aprendiz/Downloads/PROYECTO--main/vendor/laravel/framework/src/Illuminate/Database/Connection.php:838)
[stacktrace]
#0 C:/Users/Aprendiz/Downloads/PROYECTO--main/vendor/laravel/framework/src/Illuminate/Database/Connection.php(794): Illuminate/Database/Connection->runQueryCallback('create table `r...', Array, Object(Closure))
#1 C:/Users/Aprendiz/Downloads/PROYECTO--main/vendor/laravel/framework/src/Illuminate/Database/Connection.php(573): Illuminate/Database/Connection->run('create table `r...', Array, Object(Closure))
#2 C:/Users/Aprendiz/Downloads/PROYECTO--main/vendor/laravel/framework/src/Illuminate/Database/Schema/Blueprint.php(121): Illuminate/Database/Connection->statement('create table `r...')
#3 C:/Users/Aprendiz/Downloads/PROYECTO--main/vendor/laravel/framework/src/Illuminate/Database/Schema/Builder.php(686): Illuminate/Database/Schema/Blueprint->build()
#4 C:/Users/Aprendiz/Downloads/PROYECTO--main/vendor/laravel/framework/src/Illuminate/Database/Schema/Builder.php(506): Illuminate/Database/Schema/Builder->build(Object(Illuminate/Database/Schema/Blueprint))
#5 C:/Users/Aprendiz/Downloads/PROYECTO--main/vendor/laravel/framework/src/Illuminate/Support/Facades/Facade.php(363): Illuminate/Database/Schema/Builder->create('roles', Object(Closure))
#6 C:/Users/Aprendiz/Downloads/PROYECTO--main/database/migrations/0000_12_31_000000_create_roles_table.php.php(14): Illuminate/Support/Facades/Facade::__callStatic('create', Array)
#7 C:/Users/Aprendiz/Downloads/PROYECTO--main/vendor/laravel/framework/src/Illuminate/Database/Migrations/Migrator.php(517): Illuminate/Database/Migrations/Migration@anonymous->up()
#8 C:/Users/Aprendiz/Downloads/PROYECTO--main/vendor/laravel/framework/src/Illuminate/Database/Migrations/Migrator.php(442): Illuminate/Database/Migrations/Migrator->runMethod(Object(Illuminate/Database/MySqlConnection), Object(Illuminate/Database/Migrations/Migration@anonymous), 'up')
#9 C:/Users/Aprendiz/Downloads/PROYECTO--main/vendor/laravel/framework/src/Illuminate/Database/Migrations/Migrator.php(451): Illuminate/Database/Migrations/Migrator->Illuminate/Database/Migrations/{closure}()
#10 C:/Users/Aprendiz/Downloads/PROYECTO--main/vendor/laravel/framework/src/Illuminate/Database/Migrations/Migrator.php(253): Illuminate/Database/Migrations/Migrator->runMigration(Object(Illuminate/Database/Migrations/Migration@anonymous), 'up')
#11 C:/Users/Aprendiz/Downloads/PROYECTO--main/vendor/laravel/framework/src/Illuminate/Console/View/Components/Task.php(41): Illuminate/Database/Migrations/Migrator->Illuminate/Database/Migrations/{closure}()
#12 C:/Users/Aprendiz/Downloads/PROYECTO--main/vendor/laravel/framework/src/Illuminate/Database/Migrations/Migrator.php(814): Illuminate/Console/View/Components/Task->render('0000_12_31_0000...', Object(Closure))
#13 C:/Users/Aprendiz/Downloads/PROYECTO--main/vendor/laravel/framework/src/Illuminate/Database/Migrations/Migrator.php(253): Illuminate/Database/Migrations/Migrator->write('Illuminate//Cons...', '0000_12_31_0000...', Object(Closure))
#14 C:/Users/Aprendiz/Downloads/PROYECTO--main/vendor/laravel/framework/src/Illuminate/Database/Migrations/Migrator.php(211): Illuminate/Database/Migrations/Migrator->runUp('C://Users//Aprend...', 5, false)
#15 C:/Users/Aprendiz/Downloads/PROYECTO--main/vendor/laravel/framework/src/Illuminate/Database/Migrations/Migrator.php(138): Illuminate/Database/Migrations/Migrator->runPending(Array, Array)
#16 C:/Users/Aprendiz/Downloads/PROYECTO--main/vendor/laravel/framework/src/Illuminate/Database/Console/Migrations/MigrateCommand.php(116): Illuminate/Database/Migrations/Migrator->run(Array, Array)
#17 C:/Users/Aprendiz/Downloads/PROYECTO--main/vendor/laravel/framework/src/Illuminate/Database/Migrations/Migrator.php(671): Illuminate/Database/Console/Migrations/MigrateCommand->Illuminate/Database/Console/Migrations/{closure}()
#18 C:/Users/Aprendiz/Downloads/PROYECTO--main/vendor/laravel/framework/src/Illuminate/Database/Console/Migrations/MigrateCommand.php(109): Illuminate/Database/Migrations/Migrator->usingConnection(NULL, Object(Closure))
#19 C:/Users/Aprendiz/Downloads/PROYECTO--main/vendor/laravel/framework/src/Illuminate/Database/Console/Migrations/MigrateCommand.php(88): Illuminate/Database/Console/Migrations/MigrateCommand->runMigrations()
#20 C:/Users/Aprendiz/Downloads/PROYECTO--main/vendor/laravel/framework/src/Illuminate/Container/BoundMethod.php(36): Illuminate/Database/Console/Migrations/MigrateCommand->handle()
#21 C:/Users/Aprendiz/Downloads/PROYECTO--main/vendor/laravel/framework/src/Illuminate/Container/Util.php(43): Illuminate/Container/BoundMethod::Illuminate/Container/{closure}()
#22 C:/Users/Aprendiz/Downloads/PROYECTO--main/vendor/laravel/framework/src/Illuminate/Container/BoundMethod.php(96): Illuminate/Container/Util::unwrapIfClosure(Object(Closure))
#23 C:/Users/Aprendiz/Downloads/PROYECTO--main/vendor/laravel/framework/src/Illuminate/Container/BoundMethod.php(35): Illuminate/Container/BoundMethod::callBoundMethod(Object(Illuminate/Foundation/Application), Array, Object(Closure))
#24 C:/Users/Aprendiz/Downloads/PROYECTO--main/vendor/laravel/framework/src/Illuminate/Container/Container.php(799): Illuminate/Container/BoundMethod::call(Object(Illuminate/Foundation/Application), Array, Array, NULL)
#25 C:/Users/Aprendiz/Downloads/PROYECTO--main/vendor/laravel/framework/src/Illuminate/Console/Command.php(211): Illuminate/Container/Container->call(Array)
#26 C:/Users/Aprendiz/Downloads/PROYECTO--main/vendor/symfony/console/Command/Command.php(341): Illuminate/Console/Command->execute(Object(Symfony/Component/Console/Input/ArgvInput), Object(Illuminate/Console/OutputStyle))
#27 C:/Users/Aprendiz/Downloads/PROYECTO--main/vendor/laravel/framework/src/Illuminate/Console/Command.php(180): Symfony/Component/Console/Command/Command->run(Object(Symfony/Component/Console/Input/ArgvInput), Object(Illuminate/Console/OutputStyle))
#28 C:/Users/Aprendiz/Downloads/PROYECTO--main/vendor/symfony/console/Application.php(1117): Illuminate/Console/Command->run(Object(Symfony/Component/Console/Input/ArgvInput), Object(Symfony/Component/Console/Output/ConsoleOutput))
#29 C:/Users/Aprendiz/Downloads/PROYECTO--main/vendor/symfony/console/Application.php(356): Symfony/Component/Console/Application->doRunCommand(Object(Illuminate/Database/Console/Migrations/MigrateCommand), Object(Symfony/Component/Console/Input/ArgvInput), Object(Symfony/Component/Console/Output/ConsoleOutput))
#30 C:/Users/Aprendiz/Downloads/PROYECTO--main/vendor/symfony/console/Application.php(195): Symfony/Component/Console/Application->doRun(Object(Symfony/Component/Console/Input/ArgvInput), Object(Symfony/Component/Console/Output/ConsoleOutput))
#31 C:/Users/Aprendiz/Downloads/PROYECTO--main/vendor/laravel/framework/src/Illuminate/Foundation/Console/Kernel.php(198): Symfony/Component/Console/Application->run(Object(Symfony/Component/Console/Input/ArgvInput), Object(Symfony/Component/Console/Output/ConsoleOutput))
#32 C:/Users/Aprendiz/Downloads/PROYECTO--main/vendor/laravel/framework/src/Illuminate/Foundation/Application.php(1235): Illuminate/Foundation/Console/Kernel->handle(Object(Symfony/Component/Console/Input/ArgvInput), Object(Symfony/Component/Console/Output/ConsoleOutput))
#33 C:/Users/Aprendiz/Downloads/PROYECTO--main/artisan(16): Illuminate/Foundation/Application->handleCommand(Object(Symfony/Component/Console/Input/ArgvInput))
#34 {main}

[previous exception] [object] (PDOException(code: 42S01): SQLSTATE[42S01]: Base table or view already exists: 1050 Table 'roles' already exists at C:/Users/Aprendiz/Downloads/PROYECTO--main/vendor/laravel/framework/src/Illuminate/Database/Connection.php:584)
[stacktrace]
#0 C:/Users/Aprendiz/Downloads/PROYECTO--main/vendor/laravel/framework/src/Illuminate/Database/Connection.php(584): PDOStatement->execute()
#1 C:/Users/Aprendiz/Downloads/PROYECTO--main/vendor/laravel/framework/src/Illuminate/Database/Connection.php(827): Illuminate/Database/Connection->Illuminate/Database/{closure}('create table `r...', Array)
#2 C:/Users/Aprendiz/Downloads/PROYECTO--main/vendor/laravel/framework/src/Illuminate/Database/Connection.php(794): Illuminate/Database/Connection->runQueryCallback('create table `r...', Array, Object(Closure))
#3 C:/Users/Aprendiz/Downloads/PROYECTO--main/vendor/laravel/framework/src/Illuminate/Database/Connection.php(573): Illuminate/Database/Connection->run('create table `r...', Array, Object(Closure))
#4 C:/Users/Aprendiz/Downloads/PROYECTO--main/vendor/laravel/framework/src/Illuminate/Database/Schema/Blueprint.php(121): Illuminate/Database/Connection->statement('create table `r...')
#5 C:/Users/Aprendiz/Downloads/PROYECTO--main/vendor/laravel/framework/src/Illuminate/Database/Schema/Builder.php(686): Illuminate/Database/Schema/Blueprint->build()
#6 C:/Users/Aprendiz/Downloads/PROYECTO--main/vendor/laravel/framework/src/Illuminate/Database/Schema/Builder.php(506): Illuminate/Database/Schema/Builder->build(Object(Illuminate/Database/Schema/Blueprint))
#7 C:/Users/Aprendiz/Downloads/PROYECTO--main/vendor/laravel/framework/src/Illuminate/Support/Facades/Facade.php(363): Illuminate/Database/Schema/Builder->create('roles', Object(Closure))
#8 C:/Users/Aprendiz/Downloads/PROYECTO--main/database/migrations/0000_12_31_000000_create_roles_table.php.php(14): Illuminate/Support/Facades/Facade::__callStatic('create', Array)
#9 C:/Users/Aprendiz/Downloads/PROYECTO--main/vendor/laravel/framework/src/Illuminate/Database/Migrations/Migrator.php(517): Illuminate/Database/Migrations/Migration@anonymous->up()
#10 C:/Users/Aprendiz/Downloads/PROYECTO--main/vendor/laravel/framework/src/Illuminate/Database/Migrations/Migrator.php(442): Illuminate/Database/Migrations/Migrator->runMethod(Object(Illuminate/Database/MySqlConnection), Object(Illuminate/Database/Migrations/Migration@anonymous), 'up')
#11 C:/Users/Aprendiz/Downloads/PROYECTO--main/vendor/laravel/framework/src/Illuminate/Database/Migrations/Migrator.php(451): Illuminate/Database/Migrations/Migrator->Illuminate/Database/Migrations/{closure}()
#12 C:/Users/Aprendiz/Downloads/PROYECTO--main/vendor/laravel/framework/src/Illuminate/Database/Migrations/Migrator.php(253): Illuminate/Database/Migrations/Migrator->runMigration(Object(Illuminate/Database/Migrations/Migration@anonymous), 'up')
#13 C:/Users/Aprendiz/Downloads/PROYECTO--main/vendor/laravel/framework/src/Illuminate/Console/View/Components/Task.php(41): Illuminate/Database/Migrations/Migrator->Illuminate/Database/Migrations/{closure}()
#14 C:/Users/Aprendiz/Downloads/PROYECTO--main/vendor/laravel/framework/src/Illuminate/Database/Migrations/Migrator.php(814): Illuminate/Console/View/Components/Task->render('0000_12_31_0000...', Object(Closure))
#15 C:/Users/Aprendiz/Downloads/PROYECTO--main/vendor/laravel/framework/src/Illuminate/Database/Migrations/Migrator.php(253): Illuminate/Database/Migrations/Migrator->write('Illuminate//Cons...', '0000_12_31_0000...', Object(Closure))
#16 C:/Users/Aprendiz/Downloads/PROYECTO--main/vendor/laravel/framework/src/Illuminate/Database/Migrations/Migrator.php(211): Illuminate/Database/Migrations/Migrator->runUp('C://Users//Aprend...', 5, false)
#17 C:/Users/Aprendiz/Downloads/PROYECTO--main/vendor/laravel/framework/src/Illuminate/Database/Migrations/Migrator.php(138): Illuminate/Database/Migrations/Migrator->runPending(Array, Array)
#18 C:/Users/Aprendiz/Downloads/PROYECTO--main/vendor/laravel/framework/src/Illuminate/Database/Console/Migrations/MigrateCommand.php(116): Illuminate/Database/Migrations/Migrator->run(Array, Array)
#19 C:/Users/Aprendiz/Downloads/PROYECTO--main/vendor/laravel/framework/src/Illuminate/Database/Migrations/Migrator.php(671): Illuminate/Database/Console/Migrations/MigrateCommand->Illuminate/Database/Console/Migrations/{closure}()
#20 C:/Users/Aprendiz/Downloads/PROYECTO--main/vendor/laravel/framework/src/Illuminate/Database/Console/Migrations/MigrateCommand.php(109): Illuminate/Database/Migrations/Migrator->usingConnection(NULL, Object(Closure))
#21 C:/Users/Aprendiz/Downloads/PROYECTO--main/vendor/laravel/framework/src/Illuminate/Database/Console/Migrations/MigrateCommand.php(88): Illuminate/Database/Console/Migrations/MigrateCommand->runMigrations()
#22 C:/Users/Aprendiz/Downloads/PROYECTO--main/vendor/laravel/framework/src/Illuminate/Container/BoundMethod.php(36): Illuminate/Database/Console/Migrations/MigrateCommand->handle()
#23 C:/Users/Aprendiz/Downloads/PROYECTO--main/vendor/laravel/framework/src/Illuminate/Container/Util.php(43): Illuminate/Container/BoundMethod::Illuminate/Container/{closure}()
#24 C:/Users/Aprendiz/Downloads/PROYECTO--main/vendor/laravel/framework/src/Illuminate/Container/BoundMethod.php(96): Illuminate/Container/Util::unwrapIfClosure(Object(Closure))
#25 C:/Users/Aprendiz/Downloads/PROYECTO--main/vendor/laravel/framework/src/Illuminate/Container/BoundMethod.php(35): Illuminate/Container/BoundMethod::callBoundMethod(Object(Illuminate/Foundation/Application), Array, Object(Closure))
#26 C:/Users/Aprendiz/Downloads/PROYECTO--main/vendor/laravel/framework/src/Illuminate/Container/Container.php(799): Illuminate/Container/BoundMethod::call(Object(Illuminate/Foundation/Application), Array, Array, NULL)
#27 C:/Users/Aprendiz/Downloads/PROYECTO--main/vendor/laravel/framework/src/Illuminate/Console/Command.php(211): Illuminate/Container/Container->call(Array)
#28 C:/Users/Aprendiz/Downloads/PROYECTO--main/vendor/symfony/console/Command/Command.php(341): Illuminate/Console/Command->execute(Object(Symfony/Component/Console/Input/ArgvInput), Object(Illuminate/Console/OutputStyle))
#29 C:/Users/Aprendiz/Downloads/PROYECTO--main/vendor/laravel/framework/src/Illuminate/Console/Command.php(180): Symfony/Component/Console/Command/Command->run(Object(Symfony/Component/Console/Input/ArgvInput), Object(Illuminate/Console/OutputStyle))
#30 C:/Users/Aprendiz/Downloads/PROYECTO--main/vendor/symfony/console/Application.php(1117): Illuminate/Console/Command->run(Object(Symfony/Component/Console/Input/ArgvInput), Object(Symfony/Component/Console/Output/ConsoleOutput))
#31 C:/Users/Aprendiz/Downloads/PROYECTO--main/vendor/symfony/console/Application.php(356): Symfony/Component/Console/Application->doRunCommand(Object(Illuminate/Database/Console/Migrations/MigrateCommand), Object(Symfony/Component/Console/Input/ArgvInput), Object(Symfony/Component/Console/Output/ConsoleOutput))
#32 C:/Users/Aprendiz/Downloads/PROYECTO--main/vendor/symfony/console/Application.php(195): Symfony/Component/Console/Application->doRun(Object(Symfony/Component/Console/Input/ArgvInput), Object(Symfony/Component/Console/Output/ConsoleOutput))
#33 C:/Users/Aprendiz/Downloads/PROYECTO--main/vendor/laravel/framework/src/Illuminate/Foundation/Console/Kernel.php(198): Symfony/Component/Console/Application->run(Object(Symfony/Component/Console/Input/ArgvInput), Object(Symfony/Component/Console/Output/ConsoleOutput))
#34 C:/Users/Aprendiz/Downloads/PROYECTO--main/vendor/laravel/framework/src/Illuminate/Foundation/Application.php(1235): Illuminate/Foundation/Console/Kernel->handle(Object(Symfony/Component/Console/Input/ArgvInput), Object(Symfony/Component/Console/Output/ConsoleOutput))
#35 C:/Users/Aprendiz/Downloads/PROYECTO--main/artisan(16): Illuminate/Foundation/Application->handleCommand(Object(Symfony/Component/Console/Input/ArgvInput))
#36 {main}
"} 
[2026-06-18 21:44:01] local.ERROR: Undefined variable $service (View: C:\Users\Aprendiz\Downloads\PROYECTO--main\resources\views\services\index.blade.php) {"userId":1,"exception":"[object] (Illuminate\\View\\ViewException(code: 0): Undefined variable $service (View: C:\\Users\\Aprendiz\\Downloads\\PROYECTO--main\\resources\\views\\services\\index.blade.php) at C:/Users/Aprendiz/Downloads/PROYECTO--main/storage/framework/views/3caef644d833608836c30dff3c917987.php:223)
[stacktrace]
#0 C:/Users/Aprendiz/Downloads/PROYECTO--main/vendor/laravel/framework/src/Illuminate/View/Engines/PhpEngine.php(59): Illuminate/View/Engines/CompilerEngine->handleViewException(Object(ErrorException), 1)
#1 C:/Users/Aprendiz/Downloads/PROYECTO--main/vendor/laravel/framework/src/Illuminate/View/Engines/CompilerEngine.php(76): Illuminate/View/Engines/PhpEngine->evaluatePath('C://Users//Aprend...', Array)
#2 C:/Users/Aprendiz/Downloads/PROYECTO--main/vendor/laravel/framework/src/Illuminate/View/View.php(208): Illuminate/View/Engines/CompilerEngine->get('C://Users//Aprend...', Array)
#3 C:/Users/Aprendiz/Downloads/PROYECTO--main/vendor/laravel/framework/src/Illuminate/View/View.php(191): Illuminate/View/View->getContents()
#4 C:/Users/Aprendiz/Downloads/PROYECTO--main/vendor/laravel/framework/src/Illuminate/View/View.php(160): Illuminate/View/View->renderContents()
#5 C:/Users/Aprendiz/Downloads/PROYECTO--main/vendor/laravel/framework/src/Illuminate/Http/Response.php(78): Illuminate/View/View->render()
#6 C:/Users/Aprendiz/Downloads/PROYECTO--main/vendor/laravel/framework/src/Illuminate/Http/Response.php(34): Illuminate/Http/Response->setContent(Object(Illuminate/View/View))
#7 C:/Users/Aprendiz/Downloads/PROYECTO--main/vendor/laravel/framework/src/Illuminate/Routing/Router.php(939): Illuminate/Http/Response->__construct(Object(Illuminate/View/View), 200, Array)
#8 C:/Users/Aprendiz/Downloads/PROYECTO--main/vendor/laravel/framework/src/Illuminate/Routing/Router.php(906): Illuminate/Routing/Router::toResponse(Object(Illuminate/Http/Request), Object(Illuminate/View/View))
#9 C:/Users/Aprendiz/Downloads/PROYECTO--main/vendor/laravel/framework/src/Illuminate/Routing/Router.php(821): Illuminate/Routing/Router->prepareResponse(Object(Illuminate/Http/Request), Object(Illuminate/View/View))
#10 C:/Users/Aprendiz/Downloads/PROYECTO--main/vendor/laravel/framework/src/Illuminate/Pipeline/Pipeline.php(180): Illuminate/Routing/Router->Illuminate/Routing/{closure}(Object(Illuminate/Http/Request))
#11 C:/Users/Aprendiz/Downloads/PROYECTO--main/app/Http/Middleware/RoleMiddleware.php(18): Illuminate/Pipeline/Pipeline->Illuminate/Pipeline/{closure}(Object(Illuminate/Http/Request))
#12 C:/Users/Aprendiz/Downloads/PROYECTO--main/vendor/laravel/framework/src/Illuminate/Pipeline/Pipeline.php(219): App/Http/Middleware/RoleMiddleware->handle(Object(Illuminate/Http/Request), Object(Closure), 'admin')
#13 C:/Users/Aprendiz/Downloads/PROYECTO--main/vendor/laravel/framework/src/Illuminate/Routing/Middleware/SubstituteBindings.php(50): Illuminate/Pipeline/Pipeline->Illuminate/Pipeline/{closure}(Object(Illuminate/Http/Request))
#14 C:/Users/Aprendiz/Downloads/PROYECTO--main/vendor/laravel/framework/src/Illuminate/Pipeline/Pipeline.php(219): Illuminate/Routing/Middleware/SubstituteBindings->handle(Object(Illuminate/Http/Request), Object(Closure))
#15 C:/Users/Aprendiz/Downloads/PROYECTO--main/vendor/laravel/framework/src/Illuminate/Auth/Middleware/Authenticate.php(63): Illuminate/Pipeline/Pipeline->Illuminate/Pipeline/{closure}(Object(Illuminate/Http/Request))
#16 C:/Users/Aprendiz/Downloads/PROYECTO--main/vendor/laravel/framework/src/Illuminate/Pipeline/Pipeline.php(219): Illuminate/Auth/Middleware/Authenticate->handle(Object(Illuminate/Http/Request), Object(Closure))
#17 C:/Users/Aprendiz/Downloads/PROYECTO--main/vendor/laravel/framework/src/Illuminate/Foundation/Http/Middleware/VerifyCsrfToken.php(87): Illuminate/Pipeline/Pipeline->Illuminate/Pipeline/{closure}(Object(Illuminate/Http/Request))
#18 C:/Users/Aprendiz/Downloads/PROYECTO--main/vendor/laravel/framework/src/Illuminate/Pipeline/Pipeline.php(219): Illuminate/Foundation/Http/Middleware/VerifyCsrfToken->handle(Object(Illuminate/Http/Request), Object(Closure))
#19 C:/Users/Aprendiz/Downloads/PROYECTO--main/vendor/laravel/framework/src/Illuminate/View/Middleware/ShareErrorsFromSession.php(48): Illuminate/Pipeline/Pipeline->Illuminate/Pipeline/{closure}(Object(Illuminate/Http/Request))
#20 C:/Users/Aprendiz/Downloads/PROYECTO--main/vendor/laravel/framework/src/Illuminate/Pipeline/Pipeline.php(219): Illuminate/View/Middleware/ShareErrorsFromSession->handle(Object(Illuminate/Http/Request), Object(Closure))
#21 C:/Users/Aprendiz/Downloads/PROYECTO--main/vendor/laravel/framework/src/Illuminate/Session/Middleware/StartSession.php(120): Illuminate/Pipeline/Pipeline->Illuminate/Pipeline/{closure}(Object(Illuminate/Http/Request))
#22 C:/Users/Aprendiz/Downloads/PROYECTO--main/vendor/laravel/framework/src/Illuminate/Session/Middleware/StartSession.php(63): Illuminate/Session/Middleware/StartSession->handleStatefulRequest(Object(Illuminate/Http/Request), Object(Illuminate/Session/Store), Object(Closure))
#23 C:/Users/Aprendiz/Downloads/PROYECTO--main/vendor/laravel/framework/src/Illuminate/Pipeline/Pipeline.php(219): Illuminate/Session/Middleware/StartSession->handle(Object(Illuminate/Http/Request), Object(Closure))
#24 C:/Users/Aprendiz/Downloads/PROYECTO--main/vendor/laravel/framework/src/Illuminate/Cookie/Middleware/AddQueuedCookiesToResponse.php(36): Illuminate/Pipeline/Pipeline->Illuminate/Pipeline/{closure}(Object(Illuminate/Http/Request))
#25 C:/Users/Aprendiz/Downloads/PROYECTO--main/vendor/laravel/framework/src/Illuminate/Pipeline/Pipeline.php(219): Illuminate/Cookie/Middleware/AddQueuedCookiesToResponse->handle(Object(Illuminate/Http/Request), Object(Closure))
#26 C:/Users/Aprendiz/Downloads/PROYECTO--main/vendor/laravel/framework/src/Illuminate/Cookie/Middleware/EncryptCookies.php(74): Illuminate/Pipeline/Pipeline->Illuminate/Pipeline/{closure}(Object(Illuminate/Http/Request))
#27 C:/Users/Aprendiz/Downloads/PROYECTO--main/vendor/laravel/framework/src/Illuminate/Pipeline/Pipeline.php(219): Illuminate/Cookie/Middleware/EncryptCookies->handle(Object(Illuminate/Http/Request), Object(Closure))
#28 C:/Users/Aprendiz/Downloads/PROYECTO--main/vendor/laravel/framework/src/Illuminate/Pipeline/Pipeline.php(137): Illuminate/Pipeline/Pipeline->Illuminate/Pipeline/{closure}(Object(Illuminate/Http/Request))
#29 C:/Users/Aprendiz/Downloads/PROYECTO--main/vendor/laravel/framework/src/Illuminate/Routing/Router.php(821): Illuminate/Pipeline/Pipeline->then(Object(Closure))
#30 C:/Users/Aprendiz/Downloads/PROYECTO--main/vendor/laravel/framework/src/Illuminate/Routing/Router.php(800): Illuminate/Routing/Router->runRouteWithinStack(Object(Illuminate/Routing/Route), Object(Illuminate/Http/Request))
#31 C:/Users/Aprendiz/Downloads/PROYECTO--main/vendor/laravel/framework/src/Illuminate/Routing/Router.php(764): Illuminate/Routing/Router->runRoute(Object(Illuminate/Http/Request), Object(Illuminate/Routing/Route))
#32 C:/Users/Aprendiz/Downloads/PROYECTO--main/vendor/laravel/framework/src/Illuminate/Routing/Router.php(753): Illuminate/Routing/Router->dispatchToRoute(Object(Illuminate/Http/Request))
#33 C:/Users/Aprendiz/Downloads/PROYECTO--main/vendor/laravel/framework/src/Illuminate/Foundation/Http/Kernel.php(200): Illuminate/Routing/Router->dispatch(Object(Illuminate/Http/Request))
#34 C:/Users/Aprendiz/Downloads/PROYECTO--main/vendor/laravel/framework/src/Illuminate/Pipeline/Pipeline.php(180): Illuminate/Foundation/Http/Kernel->Illuminate/Foundation/Http/{closure}(Object(Illuminate/Http/Request))
#35 C:/Users/Aprendiz/Downloads/PROYECTO--main/vendor/laravel/framework/src/Illuminate/Foundation/Http/Middleware/TransformsRequest.php(21): Illuminate/Pipeline/Pipeline->Illuminate/Pipeline/{closure}(Object(Illuminate/Http/Request))
#36 C:/Users/Aprendiz/Downloads/PROYECTO--main/vendor/laravel/framework/src/Illuminate/Foundation/Http/Middleware/ConvertEmptyStringsToNull.php(31): Illuminate/Foundation/Http/Middleware/TransformsRequest->handle(Object(Illuminate/Http/Request), Object(Closure))
#37 C:/Users/Aprendiz/Downloads/PROYECTO--main/vendor/laravel/framework/src/Illuminate/Pipeline/Pipeline.php(219): Illuminate/Foundation/Http/Middleware/ConvertEmptyStringsToNull->handle(Object(Illuminate/Http/Request), Object(Closure))
#38 C:/Users/Aprendiz/Downloads/PROYECTO--main/vendor/laravel/framework/src/Illuminate/Foundation/Http/Middleware/TransformsRequest.php(21): Illuminate/Pipeline/Pipeline->Illuminate/Pipeline/{closure}(Object(Illuminate/Http/Request))
#39 C:/Users/Aprendiz/Downloads/PROYECTO--main/vendor/laravel/framework/src/Illuminate/Foundation/Http/Middleware/TrimStrings.php(51): Illuminate/Foundation/Http/Middleware/TransformsRequest->handle(Object(Illuminate/Http/Request), Object(Closure))
#40 C:/Users/Aprendiz/Downloads/PROYECTO--main/vendor/laravel/framework/src/Illuminate/Pipeline/Pipeline.php(219): Illuminate/Foundation/Http/Middleware/TrimStrings->handle(Object(Illuminate/Http/Request), Object(Closure))
#41 C:/Users/Aprendiz/Downloads/PROYECTO--main/vendor/laravel/framework/src/Illuminate/Http/Middleware/ValidatePostSize.php(27): Illuminate/Pipeline/Pipeline->Illuminate/Pipeline/{closure}(Object(Illuminate/Http/Request))
#42 C:/Users/Aprendiz/Downloads/PROYECTO--main/vendor/laravel/framework/src/Illuminate/Pipeline/Pipeline.php(219): Illuminate/Http/Middleware/ValidatePostSize->handle(Object(Illuminate/Http/Request), Object(Closure))
#43 C:/Users/Aprendiz/Downloads/PROYECTO--main/vendor/laravel/framework/src/Illuminate/Foundation/Http/Middleware/PreventRequestsDuringMaintenance.php(109): Illuminate/Pipeline/Pipeline->Illuminate/Pipeline/{closure}(Object(Illuminate/Http/Request))
#44 C:/Users/Aprendiz/Downloads/PROYECTO--main/vendor/laravel/framework/src/Illuminate/Pipeline/Pipeline.php(219): Illuminate/Foundation/Http/Middleware/PreventRequestsDuringMaintenance->handle(Object(Illuminate/Http/Request), Object(Closure))
#45 C:/Users/Aprendiz/Downloads/PROYECTO--main/vendor/laravel/framework/src/Illuminate/Http/Middleware/HandleCors.php(61): Illuminate/Pipeline/Pipeline->Illuminate/Pipeline/{closure}(Object(Illuminate/Http/Request))
#46 C:/Users/Aprendiz/Downloads/PROYECTO--main/vendor/laravel/framework/src/Illuminate/Pipeline/Pipeline.php(219): Illuminate/Http/Middleware/HandleCors->handle(Object(Illuminate/Http/Request), Object(Closure))
#47 C:/Users/Aprendiz/Downloads/PROYECTO--main/vendor/laravel/framework/src/Illuminate/Http/Middleware/TrustProxies.php(58): Illuminate/Pipeline/Pipeline->Illuminate/Pipeline/{closure}(Object(Illuminate/Http/Request))
#48 C:/Users/Aprendiz/Downloads/PROYECTO--main/vendor/laravel/framework/src/Illuminate/Pipeline/Pipeline.php(219): Illuminate/Http/Middleware/TrustProxies->handle(Object(Illuminate/Http/Request), Object(Closure))
#49 C:/Users/Aprendiz/Downloads/PROYECTO--main/vendor/laravel/framework/src/Illuminate/Foundation/Http/Middleware/InvokeDeferredCallbacks.php(22): Illuminate/Pipeline/Pipeline->Illuminate/Pipeline/{closure}(Object(Illuminate/Http/Request))
#50 C:/Users/Aprendiz/Downloads/PROYECTO--main/vendor/laravel/framework/src/Illuminate/Pipeline/Pipeline.php(219): Illuminate/Foundation/Http/Middleware/InvokeDeferredCallbacks->handle(Object(Illuminate/Http/Request), Object(Closure))
#51 C:/Users/Aprendiz/Downloads/PROYECTO--main/vendor/laravel/framework/src/Illuminate/Http/Middleware/ValidatePathEncoding.php(26): Illuminate/Pipeline/Pipeline->Illuminate/Pipeline/{closure}(Object(Illuminate/Http/Request))
#52 C:/Users/Aprendiz/Downloads/PROYECTO--main/vendor/laravel/framework/src/Illuminate/Pipeline/Pipeline.php(219): Illuminate/Http/Middleware/ValidatePathEncoding->handle(Object(Illuminate/Http/Request), Object(Closure))
#53 C:/Users/Aprendiz/Downloads/PROYECTO--main/vendor/laravel/framework/src/Illuminate/Pipeline/Pipeline.php(137): Illuminate/Pipeline/Pipeline->Illuminate/Pipeline/{closure}(Object(Illuminate/Http/Request))
#54 C:/Users/Aprendiz/Downloads/PROYECTO--main/vendor/laravel/framework/src/Illuminate/Foundation/Http/Kernel.php(175): Illuminate/Pipeline/Pipeline->then(Object(Closure))
#55 C:/Users/Aprendiz/Downloads/PROYECTO--main/vendor/laravel/framework/src/Illuminate/Foundation/Http/Kernel.php(144): Illuminate/Foundation/Http/Kernel->sendRequestThroughRouter(Object(Illuminate/Http/Request))
#56 C:/Users/Aprendiz/Downloads/PROYECTO--main/vendor/laravel/framework/src/Illuminate/Foundation/Application.php(1220): Illuminate/Foundation/Http/Kernel->handle(Object(Illuminate/Http/Request))
#57 C:/Users/Aprendiz/Downloads/PROYECTO--main/public/index.php(20): Illuminate/Foundation/Application->handleRequest(Object(Illuminate/Http/Request))
#58 C:/Users/Aprendiz/Downloads/PROYECTO--main/vendor/laravel/framework/src/Illuminate/Foundation/resources/server.php(23): require_once('C://Users//Aprend...')
#59 {main}

[previous exception] [object] (ErrorException(code: 0): Undefined variable $service at C:/Users/Aprendiz/Downloads/PROYECTO--main/storage/framework/views/3caef644d833608836c30dff3c917987.php:223)
[stacktrace]
#0 C:/Users/Aprendiz/Downloads/PROYECTO--main/vendor/laravel/framework/src/Illuminate/Foundation/Bootstrap/HandleExceptions.php(258): Illuminate/Foundation/Bootstrap/HandleExceptions->handleError(2, 'Undefined varia...', 'C://Users//Aprend...', 223)
#1 C:/Users/Aprendiz/Downloads/PROYECTO--main/storage/framework/views/3caef644d833608836c30dff3c917987.php(223): Illuminate/Foundation/Bootstrap/HandleExceptions->Illuminate/Foundation/Bootstrap/{closure}(2, 'Undefined varia...', 'C://Users//Aprend...', 223)
#2 C:/Users/Aprendiz/Downloads/PROYECTO--main/vendor/laravel/framework/src/Illuminate/Filesystem/Filesystem.php(123): require('C://Users//Aprend...')
#3 C:/Users/Aprendiz/Downloads/PROYECTO--main/vendor/laravel/framework/src/Illuminate/Filesystem/Filesystem.php(124): Illuminate/Filesystem/Filesystem::Illuminate/Filesystem/{closure}()
#4 C:/Users/Aprendiz/Downloads/PROYECTO--main/vendor/laravel/framework/src/Illuminate/View/Engines/PhpEngine.php(57): Illuminate/Filesystem/Filesystem->getRequire('C://Users//Aprend...', Array)
#5 C:/Users/Aprendiz/Downloads/PROYECTO--main/vendor/laravel/framework/src/Illuminate/View/Engines/CompilerEngine.php(76): Illuminate/View/Engines/PhpEngine->evaluatePath('C://Users//Aprend...', Array)
#6 C:/Users/Aprendiz/Downloads/PROYECTO--main/vendor/laravel/framework/src/Illuminate/View/View.php(208): Illuminate/View/Engines/CompilerEngine->get('C://Users//Aprend...', Array)
#7 C:/Users/Aprendiz/Downloads/PROYECTO--main/vendor/laravel/framework/src/Illuminate/View/View.php(191): Illuminate/View/View->getContents()
#8 C:/Users/Aprendiz/Downloads/PROYECTO--main/vendor/laravel/framework/src/Illuminate/View/View.php(160): Illuminate/View/View->renderContents()
#9 C:/Users/Aprendiz/Downloads/PROYECTO--main/vendor/laravel/framework/src/Illuminate/Http/Response.php(78): Illuminate/View/View->render()
#10 C:/Users/Aprendiz/Downloads/PROYECTO--main/vendor/laravel/framework/src/Illuminate/Http/Response.php(34): Illuminate/Http/Response->setContent(Object(Illuminate/View/View))
#11 C:/Users/Aprendiz/Downloads/PROYECTO--main/vendor/laravel/framework/src/Illuminate/Routing/Router.php(939): Illuminate/Http/Response->__construct(Object(Illuminate/View/View), 200, Array)
#12 C:/Users/Aprendiz/Downloads/PROYECTO--main/vendor/laravel/framework/src/Illuminate/Routing/Router.php(906): Illuminate/Routing/Router::toResponse(Object(Illuminate/Http/Request), Object(Illuminate/View/View))
#13 C:/Users/Aprendiz/Downloads/PROYECTO--main/vendor/laravel/framework/src/Illuminate/Routing/Router.php(821): Illuminate/Routing/Router->prepareResponse(Object(Illuminate/Http/Request), Object(Illuminate/View/View))
#14 C:/Users/Aprendiz/Downloads/PROYECTO--main/vendor/laravel/framework/src/Illuminate/Pipeline/Pipeline.php(180): Illuminate/Routing/Router->Illuminate/Routing/{closure}(Object(Illuminate/Http/Request))
#15 C:/Users/Aprendiz/Downloads/PROYECTO--main/app/Http/Middleware/RoleMiddleware.php(18): Illuminate/Pipeline/Pipeline->Illuminate/Pipeline/{closure}(Object(Illuminate/Http/Request))
#16 C:/Users/Aprendiz/Downloads/PROYECTO--main/vendor/laravel/framework/src/Illuminate/Pipeline/Pipeline.php(219): App/Http/Middleware/RoleMiddleware->handle(Object(Illuminate/Http/Request), Object(Closure), 'admin')
#17 C:/Users/Aprendiz/Downloads/PROYECTO--main/vendor/laravel/framework/src/Illuminate/Routing/Middleware/SubstituteBindings.php(50): Illuminate/Pipeline/Pipeline->Illuminate/Pipeline/{closure}(Object(Illuminate/Http/Request))
#18 C:/Users/Aprendiz/Downloads/PROYECTO--main/vendor/laravel/framework/src/Illuminate/Pipeline/Pipeline.php(219): Illuminate/Routing/Middleware/SubstituteBindings->handle(Object(Illuminate/Http/Request), Object(Closure))
#19 C:/Users/Aprendiz/Downloads/PROYECTO--main/vendor/laravel/framework/src/Illuminate/Auth/Middleware/Authenticate.php(63): Illuminate/Pipeline/Pipeline->Illuminate/Pipeline/{closure}(Object(Illuminate/Http/Request))
#20 C:/Users/Aprendiz/Downloads/PROYECTO--main/vendor/laravel/framework/src/Illuminate/Pipeline/Pipeline.php(219): Illuminate/Auth/Middleware/Authenticate->handle(Object(Illuminate/Http/Request), Object(Closure))
#21 C:/Users/Aprendiz/Downloads/PROYECTO--main/vendor/laravel/framework/src/Illuminate/Foundation/Http/Middleware/VerifyCsrfToken.php(87): Illuminate/Pipeline/Pipeline->Illuminate/Pipeline/{closure}(Object(Illuminate/Http/Request))
#22 C:/Users/Aprendiz/Downloads/PROYECTO--main/vendor/laravel/framework/src/Illuminate/Pipeline/Pipeline.php(219): Illuminate/Foundation/Http/Middleware/VerifyCsrfToken->handle(Object(Illuminate/Http/Request), Object(Closure))
#23 C:/Users/Aprendiz/Downloads/PROYECTO--main/vendor/laravel/framework/src/Illuminate/View/Middleware/ShareErrorsFromSession.php(48): Illuminate/Pipeline/Pipeline->Illuminate/Pipeline/{closure}(Object(Illuminate/Http/Request))
#24 C:/Users/Aprendiz/Downloads/PROYECTO--main/vendor/laravel/framework/src/Illuminate/Pipeline/Pipeline.php(219): Illuminate/View/Middleware/ShareErrorsFromSession->handle(Object(Illuminate/Http/Request), Object(Closure))
#25 C:/Users/Aprendiz/Downloads/PROYECTO--main/vendor/laravel/framework/src/Illuminate/Session/Middleware/StartSession.php(120): Illuminate/Pipeline/Pipeline->Illuminate/Pipeline/{closure}(Object(Illuminate/Http/Request))
#26 C:/Users/Aprendiz/Downloads/PROYECTO--main/vendor/laravel/framework/src/Illuminate/Session/Middleware/StartSession.php(63): Illuminate/Session/Middleware/StartSession->handleStatefulRequest(Object(Illuminate/Http/Request), Object(Illuminate/Session/Store), Object(Closure))
#27 C:/Users/Aprendiz/Downloads/PROYECTO--main/vendor/laravel/framework/src/Illuminate/Pipeline/Pipeline.php(219): Illuminate/Session/Middleware/StartSession->handle(Object(Illuminate/Http/Request), Object(Closure))
#28 C:/Users/Aprendiz/Downloads/PROYECTO--main/vendor/laravel/framework/src/Illuminate/Cookie/Middleware/AddQueuedCookiesToResponse.php(36): Illuminate/Pipeline/Pipeline->Illuminate/Pipeline/{closure}(Object(Illuminate/Http/Request))
#29 C:/Users/Aprendiz/Downloads/PROYECTO--main/vendor/laravel/framework/src/Illuminate/Pipeline/Pipeline.php(219): Illuminate/Cookie/Middleware/AddQueuedCookiesToResponse->handle(Object(Illuminate/Http/Request), Object(Closure))
#30 C:/Users/Aprendiz/Downloads/PROYECTO--main/vendor/laravel/framework/src/Illuminate/Cookie/Middleware/EncryptCookies.php(74): Illuminate/Pipeline/Pipeline->Illuminate/Pipeline/{closure}(Object(Illuminate/Http/Request))
#31 C:/Users/Aprendiz/Downloads/PROYECTO--main/vendor/laravel/framework/src/Illuminate/Pipeline/Pipeline.php(219): Illuminate/Cookie/Middleware/EncryptCookies->handle(Object(Illuminate/Http/Request), Object(Closure))
#32 C:/Users/Aprendiz/Downloads/PROYECTO--main/vendor/laravel/framework/src/Illuminate/Pipeline/Pipeline.php(137): Illuminate/Pipeline/Pipeline->Illuminate/Pipeline/{closure}(Object(Illuminate/Http/Request))
#33 C:/Users/Aprendiz/Downloads/PROYECTO--main/vendor/laravel/framework/src/Illuminate/Routing/Router.php(821): Illuminate/Pipeline/Pipeline->then(Object(Closure))
#34 C:/Users/Aprendiz/Downloads/PROYECTO--main/vendor/laravel/framework/src/Illuminate/Routing/Router.php(800): Illuminate/Routing/Router->runRouteWithinStack(Object(Illuminate/Routing/Route), Object(Illuminate/Http/Request))
#35 C:/Users/Aprendiz/Downloads/PROYECTO--main/vendor/laravel/framework/src/Illuminate/Routing/Router.php(764): Illuminate/Routing/Router->runRoute(Object(Illuminate/Http/Request), Object(Illuminate/Routing/Route))
#36 C:/Users/Aprendiz/Downloads/PROYECTO--main/vendor/laravel/framework/src/Illuminate/Routing/Router.php(753): Illuminate/Routing/Router->dispatchToRoute(Object(Illuminate/Http/Request))
#37 C:/Users/Aprendiz/Downloads/PROYECTO--main/vendor/laravel/framework/src/Illuminate/Foundation/Http/Kernel.php(200): Illuminate/Routing/Router->dispatch(Object(Illuminate/Http/Request))
#38 C:/Users/Aprendiz/Downloads/PROYECTO--main/vendor/laravel/framework/src/Illuminate/Pipeline/Pipeline.php(180): Illuminate/Foundation/Http/Kernel->Illuminate/Foundation/Http/{closure}(Object(Illuminate/Http/Request))
#39 C:/Users/Aprendiz/Downloads/PROYECTO--main/vendor/laravel/framework/src/Illuminate/Foundation/Http/Middleware/TransformsRequest.php(21): Illuminate/Pipeline/Pipeline->Illuminate/Pipeline/{closure}(Object(Illuminate/Http/Request))
#40 C:/Users/Aprendiz/Downloads/PROYECTO--main/vendor/laravel/framework/src/Illuminate/Foundation/Http/Middleware/ConvertEmptyStringsToNull.php(31): Illuminate/Foundation/Http/Middleware/TransformsRequest->handle(Object(Illuminate/Http/Request), Object(Closure))
#41 C:/Users/Aprendiz/Downloads/PROYECTO--main/vendor/laravel/framework/src/Illuminate/Pipeline/Pipeline.php(219): Illuminate/Foundation/Http/Middleware/ConvertEmptyStringsToNull->handle(Object(Illuminate/Http/Request), Object(Closure))
#42 C:/Users/Aprendiz/Downloads/PROYECTO--main/vendor/laravel/framework/src/Illuminate/Foundation/Http/Middleware/TransformsRequest.php(21): Illuminate/Pipeline/Pipeline->Illuminate/Pipeline/{closure}(Object(Illuminate/Http/Request))
#43 C:/Users/Aprendiz/Downloads/PROYECTO--main/vendor/laravel/framework/src/Illuminate/Foundation/Http/Middleware/TrimStrings.php(51): Illuminate/Foundation/Http/Middleware/TransformsRequest->handle(Object(Illuminate/Http/Request), Object(Closure))
#44 C:/Users/Aprendiz/Downloads/PROYECTO--main/vendor/laravel/framework/src/Illuminate/Pipeline/Pipeline.php(219): Illuminate/Foundation/Http/Middleware/TrimStrings->handle(Object(Illuminate/Http/Request), Object(Closure))
#45 C:/Users/Aprendiz/Downloads/PROYECTO--main/vendor/laravel/framework/src/Illuminate/Http/Middleware/ValidatePostSize.php(27): Illuminate/Pipeline/Pipeline->Illuminate/Pipeline/{closure}(Object(Illuminate/Http/Request))
#46 C:/Users/Aprendiz/Downloads/PROYECTO--main/vendor/laravel/framework/src/Illuminate/Pipeline/Pipeline.php(219): Illuminate/Http/Middleware/ValidatePostSize->handle(Object(Illuminate/Http/Request), Object(Closure))
#47 C:/Users/Aprendiz/Downloads/PROYECTO--main/vendor/laravel/framework/src/Illuminate/Foundation/Http/Middleware/PreventRequestsDuringMaintenance.php(109): Illuminate/Pipeline/Pipeline->Illuminate/Pipeline/{closure}(Object(Illuminate/Http/Request))
#48 C:/Users/Aprendiz/Downloads/PROYECTO--main/vendor/laravel/framework/src/Illuminate/Pipeline/Pipeline.php(219): Illuminate/Foundation/Http/Middleware/PreventRequestsDuringMaintenance->handle(Object(Illuminate/Http/Request), Object(Closure))
#49 C:/Users/Aprendiz/Downloads/PROYECTO--main/vendor/laravel/framework/src/Illuminate/Http/Middleware/HandleCors.php(61): Illuminate/Pipeline/Pipeline->Illuminate/Pipeline/{closure}(Object(Illuminate/Http/Request))
#50 C:/Users/Aprendiz/Downloads/PROYECTO--main/vendor/laravel/framework/src/Illuminate/Pipeline/Pipeline.php(219): Illuminate/Http/Middleware/HandleCors->handle(Object(Illuminate/Http/Request), Object(Closure))
#51 C:/Users/Aprendiz/Downloads/PROYECTO--main/vendor/laravel/framework/src/Illuminate/Http/Middleware/TrustProxies.php(58): Illuminate/Pipeline/Pipeline->Illuminate/Pipeline/{closure}(Object(Illuminate/Http/Request))
#52 C:/Users/Aprendiz/Downloads/PROYECTO--main/vendor/laravel/framework/src/Illuminate/Pipeline/Pipeline.php(219): Illuminate/Http/Middleware/TrustProxies->handle(Object(Illuminate/Http/Request), Object(Closure))
#53 C:/Users/Aprendiz/Downloads/PROYECTO--main/vendor/laravel/framework/src/Illuminate/Foundation/Http/Middleware/InvokeDeferredCallbacks.php(22): Illuminate/Pipeline/Pipeline->Illuminate/Pipeline/{closure}(Object(Illuminate/Http/Request))
#54 C:/Users/Aprendiz/Downloads/PROYECTO--main/vendor/laravel/framework/src/Illuminate/Pipeline/Pipeline.php(219): Illuminate/Foundation/Http/Middleware/InvokeDeferredCallbacks->handle(Object(Illuminate/Http/Request), Object(Closure))
#55 C:/Users/Aprendiz/Downloads/PROYECTO--main/vendor/laravel/framework/src/Illuminate/Http/Middleware/ValidatePathEncoding.php(26): Illuminate/Pipeline/Pipeline->Illuminate/Pipeline/{closure}(Object(Illuminate/Http/Request))
#56 C:/Users/Aprendiz/Downloads/PROYECTO--main/vendor/laravel/framework/src/Illuminate/Pipeline/Pipeline.php(219): Illuminate/Http/Middleware/ValidatePathEncoding->handle(Object(Illuminate/Http/Request), Object(Closure))
#57 C:/Users/Aprendiz/Downloads/PROYECTO--main/vendor/laravel/framework/src/Illuminate/Pipeline/Pipeline.php(137): Illuminate/Pipeline/Pipeline->Illuminate/Pipeline/{closure}(Object(Illuminate/Http/Request))
#58 C:/Users/Aprendiz/Downloads/PROYECTO--main/vendor/laravel/framework/src/Illuminate/Foundation/Http/Kernel.php(175): Illuminate/Pipeline/Pipeline->then(Object(Closure))
#59 C:/Users/Aprendiz/Downloads/PROYECTO--main/vendor/laravel/framework/src/Illuminate/Foundation/Http/Kernel.php(144): Illuminate/Foundation/Http/Kernel->sendRequestThroughRouter(Object(Illuminate/Http/Request))
#60 C:/Users/Aprendiz/Downloads/PROYECTO--main/vendor/laravel/framework/src/Illuminate/Foundation/Application.php(1220): Illuminate/Foundation/Http/Kernel->handle(Object(Illuminate/Http/Request))
#61 C:/Users/Aprendiz/Downloads/PROYECTO--main/public/index.php(20): Illuminate/Foundation/Application->handleRequest(Object(Illuminate/Http/Request))
#62 C:/Users/Aprendiz/Downloads/PROYECTO--main/vendor/laravel/framework/src/Illuminate/Foundation/resources/server.php(23): require_once('C://Users//Aprend...')
#63 {main}
"} 
